observation,vintage,version,value,basis
1955-Q1,2015-05-27,1,102017,Gross Domestic Product: chained volume measures: Seasonally adjusted £m
1955-Q1,2015-05-27,2,103840,Gross Domestic Product: chained volume measures: Seasonally adjusted £m
1955-Q1,2016-08-25,5,107263,Gross Domestic Product: chained volume measures: Seasonally adjusted £m
1955-Q1,2017-11-23,10,109967,Gross Domestic Product: chained volume measures: Seasonally adjusted £m
1955-Q1,2018-08-09,13,111480,Gross Domestic Product: chained volume measures: Seasonally adjusted £m
1955-Q1,2019-11-11,19,112194,Gross Domestic Product: chained volume measures: Seasonally adjusted £m
1955-Q1,2020-11-12,23,116532,Gross Domestic Product: chained volume measures: Seasonally adjusted £m
1955-Q1,2021-11-11,27,122480,Gross Domestic Product: chained volume measures: Seasonally adjusted £m
1955-Q1,2022-11-15,31,129428,Gross Domestic Product: chained volume measures: Seasonally adjusted £m
1955-Q1,2023-11-10,35,121747,Gross Domestic Product: chained volume measures: Seasonally adjusted £m
1955-Q1,2024-11-15,39,134886,Gross Domestic Product: chained volume measures: Seasonally adjusted £m
1955-Q1,2025-11-13,43,145457,Gross Domestic Product: chained volume measures: Seasonally adjusted £m
1955-Q2,2015-05-27,1,102139,Gross Domestic Product: chained volume measures: Seasonally adjusted £m
1955-Q2,2015-05-27,2,103970,Gross Domestic Product: chained volume measures: Seasonally adjusted £m
1955-Q2,2016-08-25,5,107398,Gross Domestic Product: chained volume measures: Seasonally adjusted £m
1955-Q2,2017-11-23,10,110087,Gross Domestic Product: chained volume measures: Seasonally adjusted £m
1955-Q2,2018-08-09,13,111586,Gross Domestic Product: chained volume measures: Seasonally adjusted £m
1955-Q2,2019-11-11,19,112267,Gross Domestic Product: chained volume measures: Seasonally adjusted £m
1955-Q2,2020-11-12,23,116637,Gross Domestic Product: chained volume measures: Seasonally adjusted £m
1955-Q2,2021-11-11,27,122587,Gross Domestic Product: chained volume measures: Seasonally adjusted £m
1955-Q2,2022-11-15,31,129519,Gross Domestic Product: chained volume measures: Seasonally adjusted £m
1955-Q2,2023-11-10,35,121765,Gross Domestic Product: chained volume measures: Seasonally adjusted £m
1955-Q2,2024-11-15,39,134924,Gross Domestic Product: chained volume measures: Seasonally adjusted £m
1955-Q2,2025-11-13,43,145551,Gross Domestic Product: chained volume measures: Seasonally adjusted £m
1955-Q3,2015-05-27,1,104238,Gross Domestic Product: chained volume measures: Seasonally adjusted £m
1955-Q3,2015-05-27,2,106098,Gross Domestic Product: chained volume measures: Seasonally adjusted £m
1955-Q3,2016-08-25,5,109591,Gross Domestic Product: chained volume measures: Seasonally adjusted £m
1955-Q3,2017-11-23,10,112333,Gross Domestic Product: chained volume measures: Seasonally adjusted £m
1955-Q3,2018-08-09,13,113890,Gross Domestic Product: chained volume measures: Seasonally adjusted £m
1955-Q3,2019-11-11,19,114538,Gross Domestic Product: chained volume measures: Seasonally adjusted £m
1955-Q3,2020-11-12,23,118997,Gross Domestic Product: chained volume measures: Seasonally adjusted £m
1955-Q3,2021-11-11,27,125065,Gross Domestic Product: chained volume measures: Seasonally adjusted £m
1955-Q3,2022-11-15,31,132043,Gross Domestic Product: chained volume measures: Seasonally adjusted £m
1955-Q3,2023-11-10,35,124204,Gross Domestic Product: chained volume measures: Seasonally adjusted £m
1955-Q3,2024-11-15,39,137592,Gross Domestic Product: chained volume measures: Seasonally adjusted £m
1955-Q3,2025-11-13,43,147995,Gross Domestic Product: chained volume measures: Seasonally adjusted £m
1955-Q4,2015-05-27,1,103678,Gross Domestic Product: chained volume measures: Seasonally adjusted £m
1955-Q4,2015-05-27,2,105524,Gross Domestic Product: chained volume measures: Seasonally adjusted £m
1955-Q4,2016-08-25,5,109050,Gross Domestic Product: chained volume measures: Seasonally adjusted £m
1955-Q4,2017-11-23,10,111731,Gross Domestic Product: chained volume measures: Seasonally adjusted £m
1955-Q4,2018-08-09,13,113327,Gross Domestic Product: chained volume measures: Seasonally adjusted £m
1955-Q4,2019-11-11,19,113938,Gross Domestic Product: chained volume measures: Seasonally adjusted £m
1955-Q4,2020-11-12,23,118351,Gross Domestic Product: chained volume measures: Seasonally adjusted £m
1955-Q4,2021-11-11,27,124385,Gross Domestic Product: chained volume measures: Seasonally adjusted £m
1955-Q4,2022-11-15,31,131396,Gross Domestic Product: chained volume measures: Seasonally adjusted £m
1955-Q4,2023-11-10,35,123527,Gross Domestic Product: chained volume measures: Seasonally adjusted £m
1955-Q4,2024-11-15,39,136813,Gross Domestic Product: chained volume measures: Seasonally adjusted £m
1955-Q4,2025-11-13,43,147119,Gross Domestic Product: chained volume measures: Seasonally adjusted £m
1956-Q1,2015-05-27,1,104811,Gross Domestic Product: chained volume measures: Seasonally adjusted £m
1956-Q1,2015-05-27,2,106669,Gross Domestic Product: chained volume measures: Seasonally adjusted £m
1956-Q1,2016-08-25,5,110201,Gross Domestic Product: chained volume measures: Seasonally adjusted £m
1956-Q1,2017-11-23,10,112952,Gross Domestic Product: chained volume measures: Seasonally adjusted £m
1956-Q1,2018-08-09,13,114540,Gross Domestic Product: chained volume measures: Seasonally adjusted £m
1956-Q1,2019-11-11,19,115274,Gross Domestic Product: chained volume measures: Seasonally adjusted £m
1956-Q1,2020-11-12,23,119735,Gross Domestic Product: chained volume measures: Seasonally adjusted £m
1956-Q1,2021-11-11,27,125815,Gross Domestic Product: chained volume measures: Seasonally adjusted £m
1956-Q1,2022-11-15,31,132998,Gross Domestic Product: chained volume measures: Seasonally adjusted £m
1956-Q1,2023-11-10,35,124881,Gross Domestic Product: chained volume measures: Seasonally adjusted £m
1956-Q1,2024-11-15,39,138343,Gross Domestic Product: chained volume measures: Seasonally adjusted £m
1956-Q1,2025-11-13,43,148955,Gross Domestic Product: chained volume measures: Seasonally adjusted £m
1956-Q2,2015-05-27,1,104591,Gross Domestic Product: chained volume measures: Seasonally adjusted £m
1956-Q2,2015-05-27,2,106469,Gross Domestic Product: chained volume measures: Seasonally adjusted £m
1956-Q2,2016-08-25,5,109919,Gross Domestic Product: chained volume measures: Seasonally adjusted £m
1956-Q2,2017-11-23,10,112709,Gross Domestic Product: chained volume measures: Seasonally adjusted £m
1956-Q2,2018-08-09,13,114244,Gross Domestic Product: chained volume measures: Seasonally adjusted £m
1956-Q2,2019-11-11,19,115024,Gross Domestic Product: chained volume measures: Seasonally adjusted £m
1956-Q2,2020-11-12,23,119475,Gross Domestic Product: chained volume measures: Seasonally adjusted £m
1956-Q2,2021-11-11,27,125593,Gross Domestic Product: chained volume measures: Seasonally adjusted £m
1956-Q2,2022-11-15,31,132679,Gross Domestic Product: chained volume measures: Seasonally adjusted £m
1956-Q2,2023-11-10,35,124751,Gross Domestic Product: chained volume measures: Seasonally adjusted £m
1956-Q2,2024-11-15,39,138200,Gross Domestic Product: chained volume measures: Seasonally adjusted £m
1956-Q2,2025-11-13,43,148835,Gross Domestic Product: chained volume measures: Seasonally adjusted £m
1956-Q3,2015-05-27,1,104476,Gross Domestic Product: chained volume measures: Seasonally adjusted £m
1956-Q3,2015-05-27,2,106345,Gross Domestic Product: chained volume measures: Seasonally adjusted £m
1956-Q3,2016-08-25,5,109859,Gross Domestic Product: chained volume measures: Seasonally adjusted £m
1956-Q3,2017-11-23,10,112601,Gross Domestic Product: chained volume measures: Seasonally adjusted £m
1956-Q3,2018-08-09,13,114135,Gross Domestic Product: chained volume measures: Seasonally adjusted £m
1956-Q3,2019-11-11,19,114890,Gross Domestic Product: chained volume measures: Seasonally adjusted £m
1956-Q3,2020-11-12,23,119357,Gross Domestic Product: chained volume measures: Seasonally adjusted £m
1956-Q3,2021-11-11,27,125447,Gross Domestic Product: chained volume measures: Seasonally adjusted £m
1956-Q3,2022-11-15,31,132495,Gross Domestic Product: chained volume measures: Seasonally adjusted £m
1956-Q3,2023-11-10,35,124594,Gross Domestic Product: chained volume measures: Seasonally adjusted £m
1956-Q3,2024-11-15,39,138030,Gross Domestic Product: chained volume measures: Seasonally adjusted £m
1956-Q3,2025-11-13,43,148665,Gross Domestic Product: chained volume measures: Seasonally adjusted £m
1956-Q4,2015-05-27,1,104934,Gross Domestic Product: chained volume measures: Seasonally adjusted £m
1956-Q4,2015-05-27,2,106809,Gross Domestic Product: chained volume measures: Seasonally adjusted £m
1956-Q4,2016-08-25,5,110336,Gross Domestic Product: chained volume measures: Seasonally adjusted £m
1956-Q4,2017-11-23,10,113078,Gross Domestic Product: chained volume measures: Seasonally adjusted £m
1956-Q4,2018-08-09,13,114641,Gross Domestic Product: chained volume measures: Seasonally adjusted £m
1956-Q4,2019-11-11,19,115429,Gross Domestic Product: chained volume measures: Seasonally adjusted £m
1956-Q4,2020-11-12,23,119891,Gross Domestic Product: chained volume measures: Seasonally adjusted £m
1956-Q4,2021-11-11,27,126009,Gross Domestic Product: chained volume measures: Seasonally adjusted £m
1956-Q4,2022-11-15,31,132945,Gross Domestic Product: chained volume measures: Seasonally adjusted £m
1956-Q4,2023-11-10,35,125329,Gross Domestic Product: chained volume measures: Seasonally adjusted £m
1956-Q4,2024-11-15,39,138850,Gross Domestic Product: chained volume measures: Seasonally adjusted £m
1956-Q4,2025-11-13,43,149607,Gross Domestic Product: chained volume measures: Seasonally adjusted £m
1957-Q1,2015-05-27,1,106988,Gross Domestic Product: chained volume measures: Seasonally adjusted £m
1957-Q1,2015-05-27,2,108932,Gross Domestic Product: chained volume measures: Seasonally adjusted £m
1957-Q1,2016-08-25,5,112513,Gross Domestic Product: chained volume measures: Seasonally adjusted £m
1957-Q1,2017-11-23,10,115315,Gross Domestic Product: chained volume measures: Seasonally adjusted £m
1957-Q1,2018-08-09,13,116910,Gross Domestic Product: chained volume measures: Seasonally adjusted £m
1957-Q1,2019-11-11,19,117738,Gross Domestic Product: chained volume measures: Seasonally adjusted £m
1957-Q1,2020-11-12,23,122290,Gross Domestic Product: chained volume measures: Seasonally adjusted £m
1957-Q1,2021-11-11,27,128529,Gross Domestic Product: chained volume measures: Seasonally adjusted £m
1957-Q1,2022-11-15,31,135711,Gross Domestic Product: chained volume measures: Seasonally adjusted £m
1957-Q1,2023-11-10,35,127685,Gross Domestic Product: chained volume measures: Seasonally adjusted £m
1957-Q1,2024-11-15,39,141445,Gross Domestic Product: chained volume measures: Seasonally adjusted £m
1957-Q1,2025-11-13,43,152331,Gross Domestic Product: chained volume measures: Seasonally adjusted £m
1957-Q2,2015-05-27,1,107011,Gross Domestic Product: chained volume measures: Seasonally adjusted £m
1957-Q2,2015-05-27,2,108906,Gross Domestic Product: chained volume measures: Seasonally adjusted £m
1957-Q2,2016-08-25,5,112481,Gross Domestic Product: chained volume measures: Seasonally adjusted £m
1957-Q2,2017-11-23,10,115292,Gross Domestic Product: chained volume measures: Seasonally adjusted £m
1957-Q2,2018-08-09,13,116887,Gross Domestic Product: chained volume measures: Seasonally adjusted £m
1957-Q2,2019-11-11,19,117750,Gross Domestic Product: chained volume measures: Seasonally adjusted £m
1957-Q2,2020-11-12,23,122303,Gross Domestic Product: chained volume measures: Seasonally adjusted £m
1957-Q2,2021-11-11,27,128542,Gross Domestic Product: chained volume measures: Seasonally adjusted £m
1957-Q2,2022-11-15,31,135750,Gross Domestic Product: chained volume measures: Seasonally adjusted £m
1957-Q2,2023-11-10,35,127644,Gross Domestic Product: chained volume measures: Seasonally adjusted £m
1957-Q2,2024-11-15,39,141405,Gross Domestic Product: chained volume measures: Seasonally adjusted £m
1957-Q2,2025-11-13,43,152285,Gross Domestic Product: chained volume measures: Seasonally adjusted £m
1957-Q3,2015-05-27,1,106316,Gross Domestic Product: chained volume measures: Seasonally adjusted £m
1957-Q3,2015-05-27,2,108237,Gross Domestic Product: chained volume measures: Seasonally adjusted £m
1957-Q3,2016-08-25,5,111780,Gross Domestic Product: chained volume measures: Seasonally adjusted £m
1957-Q3,2017-11-23,10,114582,Gross Domestic Product: chained volume measures: Seasonally adjusted £m
1957-Q3,2018-08-09,13,116167,Gross Domestic Product: chained volume measures: Seasonally adjusted £m
1957-Q3,2019-11-11,19,117027,Gross Domestic Product: chained volume measures: Seasonally adjusted £m
1957-Q3,2020-11-12,23,121553,Gross Domestic Product: chained volume measures: Seasonally adjusted £m
1957-Q3,2021-11-11,27,127752,Gross Domestic Product: chained volume measures: Seasonally adjusted £m
1957-Q3,2022-11-15,31,134944,Gross Domestic Product: chained volume measures: Seasonally adjusted £m
1957-Q3,2023-11-10,35,126847,Gross Domestic Product: chained volume measures: Seasonally adjusted £m
1957-Q3,2024-11-15,39,140528,Gross Domestic Product: chained volume measures: Seasonally adjusted £m
1957-Q3,2025-11-13,43,151340,Gross Domestic Product: chained volume measures: Seasonally adjusted £m
1957-Q4,2015-05-27,1,106525,Gross Domestic Product: chained volume measures: Seasonally adjusted £m
1957-Q4,2015-05-27,2,108410,Gross Domestic Product: chained volume measures: Seasonally adjusted £m
1957-Q4,2016-08-25,5,111969,Gross Domestic Product: chained volume measures: Seasonally adjusted £m
1957-Q4,2017-11-23,10,114775,Gross Domestic Product: chained volume measures: Seasonally adjusted £m
1957-Q4,2018-08-09,13,116362,Gross Domestic Product: chained volume measures: Seasonally adjusted £m
1957-Q4,2019-11-11,19,117259,Gross Domestic Product: chained volume measures: Seasonally adjusted £m
1957-Q4,2020-11-12,23,121774,Gross Domestic Product: chained volume measures: Seasonally adjusted £m
1957-Q4,2021-11-11,27,127983,Gross Domestic Product: chained volume measures: Seasonally adjusted £m
1957-Q4,2022-11-15,31,135028,Gross Domestic Product: chained volume measures: Seasonally adjusted £m
1957-Q4,2023-11-10,35,127203,Gross Domestic Product: chained volume measures: Seasonally adjusted £m
1957-Q4,2024-11-15,39,140929,Gross Domestic Product: chained volume measures: Seasonally adjusted £m
1957-Q4,2025-11-13,43,151857,Gross Domestic Product: chained volume measures: Seasonally adjusted £m
1958-Q1,2015-05-27,1,108731,Gross Domestic Product: chained volume measures: Seasonally adjusted £m
1958-Q1,2015-05-27,2,110667,Gross Domestic Product: chained volume measures: Seasonally adjusted £m
1958-Q1,2016-08-25,5,114280,Gross Domestic Product: chained volume measures: Seasonally adjusted £m
1958-Q1,2017-11-23,10,117141,Gross Domestic Product: chained volume measures: Seasonally adjusted £m
1958-Q1,2018-08-09,13,118781,Gross Domestic Product: chained volume measures: Seasonally adjusted £m
1958-Q1,2019-11-11,19,119840,Gross Domestic Product: chained volume measures: Seasonally adjusted £m
1958-Q1,2020-11-12,23,124411,Gross Domestic Product: chained volume measures: Seasonally adjusted £m
1958-Q1,2021-11-11,27,130799,Gross Domestic Product: chained volume measures: Seasonally adjusted £m
1958-Q1,2022-11-15,31,138005,Gross Domestic Product: chained volume measures: Seasonally adjusted £m
1958-Q1,2023-11-10,35,130017,Gross Domestic Product: chained volume measures: Seasonally adjusted £m
1958-Q1,2024-11-15,39,144031,Gross Domestic Product: chained volume measures: Seasonally adjusted £m
1958-Q1,2025-11-13,43,155117,Gross Domestic Product: chained volume measures: Seasonally adjusted £m
1958-Q2,2015-05-27,1,106241,Gross Domestic Product: chained volume measures: Seasonally adjusted £m
1958-Q2,2015-05-27,2,108143,Gross Domestic Product: chained volume measures: Seasonally adjusted £m
1958-Q2,2016-08-25,5,111698,Gross Domestic Product: chained volume measures: Seasonally adjusted £m
1958-Q2,2017-11-23,10,114500,Gross Domestic Product: chained volume measures: Seasonally adjusted £m
1958-Q2,2018-08-09,13,116082,Gross Domestic Product: chained volume measures: Seasonally adjusted £m
1958-Q2,2019-11-11,19,116992,Gross Domestic Product: chained volume measures: Seasonally adjusted £m
1958-Q2,2020-11-12,23,121520,Gross Domestic Product: chained volume measures: Seasonally adjusted £m
1958-Q2,2021-11-11,27,127691,Gross Domestic Product: chained volume measures: Seasonally adjusted £m
1958-Q2,2022-11-15,31,134822,Gross Domestic Product: chained volume measures: Seasonally adjusted £m
1958-Q2,2023-11-10,35,126750,Gross Domestic Product: chained volume measures: Seasonally adjusted £m
1958-Q2,2024-11-15,39,140418,Gross Domestic Product: chained volume measures: Seasonally adjusted £m
1958-Q2,2025-11-13,43,151257,Gross Domestic Product: chained volume measures: Seasonally adjusted £m
1958-Q3,2015-05-27,1,108589,Gross Domestic Product: chained volume measures: Seasonally adjusted £m
1958-Q3,2015-05-27,2,110527,Gross Domestic Product: chained volume measures: Seasonally adjusted £m
1958-Q3,2016-08-25,5,114160,Gross Domestic Product: chained volume measures: Seasonally adjusted £m
1958-Q3,2017-11-23,10,117021,Gross Domestic Product: chained volume measures: Seasonally adjusted £m
1958-Q3,2018-08-09,13,118639,Gross Domestic Product: chained volume measures: Seasonally adjusted £m
1958-Q3,2019-11-11,19,119595,Gross Domestic Product: chained volume measures: Seasonally adjusted £m
1958-Q3,2020-11-12,23,124197,Gross Domestic Product: chained volume measures: Seasonally adjusted £m
1958-Q3,2021-11-11,27,130533,Gross Domestic Product: chained volume measures: Seasonally adjusted £m
1958-Q3,2022-11-15,31,137771,Gross Domestic Product: chained volume measures: Seasonally adjusted £m
1958-Q3,2023-11-10,35,129561,Gross Domestic Product: chained volume measures: Seasonally adjusted £m
1958-Q3,2024-11-15,39,143508,Gross Domestic Product: chained volume measures: Seasonally adjusted £m
1958-Q3,2025-11-13,43,154551,Gross Domestic Product: chained volume measures: Seasonally adjusted £m
1958-Q4,2015-05-27,1,108670,Gross Domestic Product: chained volume measures: Seasonally adjusted £m
1958-Q4,2015-05-27,2,110615,Gross Domestic Product: chained volume measures: Seasonally adjusted £m
1958-Q4,2016-08-25,5,114288,Gross Domestic Product: chained volume measures: Seasonally adjusted £m
1958-Q4,2017-11-23,10,117156,Gross Domestic Product: chained volume measures: Seasonally adjusted £m
1958-Q4,2018-08-09,13,118760,Gross Domestic Product: chained volume measures: Seasonally adjusted £m
1958-Q4,2019-11-11,19,119718,Gross Domestic Product: chained volume measures: Seasonally adjusted £m
1958-Q4,2020-11-12,23,124341,Gross Domestic Product: chained volume measures: Seasonally adjusted £m
1958-Q4,2021-11-11,27,130667,Gross Domestic Product: chained volume measures: Seasonally adjusted £m
1958-Q4,2022-11-15,31,137880,Gross Domestic Product: chained volume measures: Seasonally adjusted £m
1958-Q4,2023-11-10,35,129911,Gross Domestic Product: chained volume measures: Seasonally adjusted £m
1958-Q4,2024-11-15,39,143947,Gross Domestic Product: chained volume measures: Seasonally adjusted £m
1958-Q4,2025-11-13,43,155042,Gross Domestic Product: chained volume measures: Seasonally adjusted £m
1959-Q1,2015-05-27,1,109258,Gross Domestic Product: chained volume measures: Seasonally adjusted £m
1959-Q1,2015-05-27,2,111200,Gross Domestic Product: chained volume measures: Seasonally adjusted £m
1959-Q1,2016-08-25,5,114860,Gross Domestic Product: chained volume measures: Seasonally adjusted £m
1959-Q1,2017-11-23,10,117746,Gross Domestic Product: chained volume measures: Seasonally adjusted £m
1959-Q1,2018-08-09,13,119382,Gross Domestic Product: chained volume measures: Seasonally adjusted £m
1959-Q1,2019-11-11,19,120416,Gross Domestic Product: chained volume measures: Seasonally adjusted £m
1959-Q1,2020-11-12,23,125143,Gross Domestic Product: chained volume measures: Seasonally adjusted £m
1959-Q1,2021-11-11,27,131520,Gross Domestic Product: chained volume measures: Seasonally adjusted £m
1959-Q1,2022-11-15,31,138749,Gross Domestic Product: chained volume measures: Seasonally adjusted £m
1959-Q1,2023-11-10,35,130713,Gross Domestic Product: chained volume measures: Seasonally adjusted £m
1959-Q1,2024-11-15,39,144808,Gross Domestic Product: chained volume measures: Seasonally adjusted £m
1959-Q1,2025-11-13,43,156009,Gross Domestic Product: chained volume measures: Seasonally adjusted £m
1959-Q2,2015-05-27,1,111034,Gross Domestic Product: chained volume measures: Seasonally adjusted £m
1959-Q2,2015-05-27,2,113036,Gross Domestic Product: chained volume measures: Seasonally adjusted £m
1959-Q2,2016-08-25,5,116749,Gross Domestic Product: chained volume measures: Seasonally adjusted £m
1959-Q2,2017-11-23,10,119698,Gross Domestic Product: chained volume measures: Seasonally adjusted £m
1959-Q2,2018-08-09,13,121349,Gross Domestic Product: chained volume measures: Seasonally adjusted £m
1959-Q2,2019-11-11,19,122381,Gross Domestic Product: chained volume measures: Seasonally adjusted £m
1959-Q2,2020-11-12,23,127218,Gross Domestic Product: chained volume measures: Seasonally adjusted £m
1959-Q2,2021-11-11,27,133707,Gross Domestic Product: chained volume measures: Seasonally adjusted £m
1959-Q2,2022-11-15,31,141054,Gross Domestic Product: chained volume measures: Seasonally adjusted £m
1959-Q2,2023-11-10,35,132823,Gross Domestic Product: chained volume measures: Seasonally adjusted £m
1959-Q2,2024-11-15,39,147145,Gross Domestic Product: chained volume measures: Seasonally adjusted £m
1959-Q2,2025-11-13,43,158487,Gross Domestic Product: chained volume measures: Seasonally adjusted £m
1959-Q3,2015-05-27,1,113396,Gross Domestic Product: chained volume measures: Seasonally adjusted £m
1959-Q3,2015-05-27,2,115428,Gross Domestic Product: chained volume measures: Seasonally adjusted £m
1959-Q3,2016-08-25,5,119239,Gross Domestic Product: chained volume measures: Seasonally adjusted £m
1959-Q3,2017-11-23,10,122217,Gross Domestic Product: chained volume measures: Seasonally adjusted £m
1959-Q3,2018-08-09,13,123891,Gross Domestic Product: chained volume measures: Seasonally adjusted £m
1959-Q3,2019-11-11,19,125013,Gross Domestic Product: chained volume measures: Seasonally adjusted £m
1959-Q3,2020-11-12,23,129949,Gross Domestic Product: chained volume measures: Seasonally adjusted £m
1959-Q3,2021-11-11,27,136581,Gross Domestic Product: chained volume measures: Seasonally adjusted £m
1959-Q3,2022-11-15,31,144101,Gross Domestic Product: chained volume measures: Seasonally adjusted £m
1959-Q3,2023-11-10,35,135648,Gross Domestic Product: chained volume measures: Seasonally adjusted £m
1959-Q3,2024-11-15,39,150275,Gross Domestic Product: chained volume measures: Seasonally adjusted £m
1959-Q3,2025-11-13,43,161850,Gross Domestic Product: chained volume measures: Seasonally adjusted £m
1959-Q4,2015-05-27,1,116301,Gross Domestic Product: chained volume measures: Seasonally adjusted £m
1959-Q4,2015-05-27,2,118363,Gross Domestic Product: chained volume measures: Seasonally adjusted £m
1959-Q4,2016-08-25,5,122245,Gross Domestic Product: chained volume measures: Seasonally adjusted £m
1959-Q4,2017-11-23,10,125317,Gross Domestic Product: chained volume measures: Seasonally adjusted £m
1959-Q4,2018-08-09,13,127042,Gross Domestic Product: chained volume measures: Seasonally adjusted £m
1959-Q4,2019-11-11,19,128181,Gross Domestic Product: chained volume measures: Seasonally adjusted £m
1959-Q4,2020-11-12,23,133277,Gross Domestic Product: chained volume measures: Seasonally adjusted £m
1959-Q4,2021-11-11,27,140079,Gross Domestic Product: chained volume measures: Seasonally adjusted £m
1959-Q4,2022-11-15,31,147731,Gross Domestic Product: chained volume measures: Seasonally adjusted £m
1959-Q4,2023-11-10,35,139094,Gross Domestic Product: chained volume measures: Seasonally adjusted £m
1959-Q4,2024-11-15,39,154093,Gross Domestic Product: chained volume measures: Seasonally adjusted £m
1959-Q4,2025-11-13,43,165941,Gross Domestic Product: chained volume measures: Seasonally adjusted £m
1960-Q1,2015-05-27,1,119158,Gross Domestic Product: chained volume measures: Seasonally adjusted £m
1960-Q1,2015-05-27,2,121278,Gross Domestic Product: chained volume measures: Seasonally adjusted £m
1960-Q1,2016-08-25,5,125247,Gross Domestic Product: chained volume measures: Seasonally adjusted £m
1960-Q1,2017-11-23,10,128387,Gross Domestic Product: chained volume measures: Seasonally adjusted £m
1960-Q1,2018-08-09,13,130145,Gross Domestic Product: chained volume measures: Seasonally adjusted £m
1960-Q1,2019-11-11,19,131400,Gross Domestic Product: chained volume measures: Seasonally adjusted £m
1960-Q1,2020-11-12,23,136599,Gross Domestic Product: chained volume measures: Seasonally adjusted £m
1960-Q1,2021-11-11,27,143570,Gross Domestic Product: chained volume measures: Seasonally adjusted £m
1960-Q1,2022-11-15,31,151420,Gross Domestic Product: chained volume measures: Seasonally adjusted £m
1960-Q1,2023-11-10,35,142565,Gross Domestic Product: chained volume measures: Seasonally adjusted £m
1960-Q1,2024-11-15,39,157940,Gross Domestic Product: chained volume measures: Seasonally adjusted £m
1960-Q1,2025-11-13,43,170121,Gross Domestic Product: chained volume measures: Seasonally adjusted £m
1960-Q2,2015-05-27,1,118220,Gross Domestic Product: chained volume measures: Seasonally adjusted £m
1960-Q2,2015-05-27,2,120346,Gross Domestic Product: chained volume measures: Seasonally adjusted £m
1960-Q2,2016-08-25,5,124335,Gross Domestic Product: chained volume measures: Seasonally adjusted £m
1960-Q2,2017-11-23,10,127435,Gross Domestic Product: chained volume measures: Seasonally adjusted £m
1960-Q2,2018-08-09,13,129212,Gross Domestic Product: chained volume measures: Seasonally adjusted £m
1960-Q2,2019-11-11,19,130435,Gross Domestic Product: chained volume measures: Seasonally adjusted £m
1960-Q2,2020-11-12,23,135553,Gross Domestic Product: chained volume measures: Seasonally adjusted £m
1960-Q2,2021-11-11,27,142468,Gross Domestic Product: chained volume measures: Seasonally adjusted £m
1960-Q2,2022-11-15,31,150230,Gross Domestic Product: chained volume measures: Seasonally adjusted £m
1960-Q2,2023-11-10,35,141565,Gross Domestic Product: chained volume measures: Seasonally adjusted £m
1960-Q2,2024-11-15,39,156809,Gross Domestic Product: chained volume measures: Seasonally adjusted £m
1960-Q2,2025-11-13,43,168948,Gross Domestic Product: chained volume measures: Seasonally adjusted £m
1960-Q3,2015-05-27,1,120089,Gross Domestic Product: chained volume measures: Seasonally adjusted £m
1960-Q3,2015-05-27,2,122219,Gross Domestic Product: chained volume measures: Seasonally adjusted £m
1960-Q3,2016-08-25,5,126225,Gross Domestic Product: chained volume measures: Seasonally adjusted £m
1960-Q3,2017-11-23,10,129377,Gross Domestic Product: chained volume measures: Seasonally adjusted £m
1960-Q3,2018-08-09,13,131172,Gross Domestic Product: chained volume measures: Seasonally adjusted £m
1960-Q3,2019-11-11,19,132409,Gross Domestic Product: chained volume measures: Seasonally adjusted £m
1960-Q3,2020-11-12,23,137604,Gross Domestic Product: chained volume measures: Seasonally adjusted £m
1960-Q3,2021-11-11,27,144621,Gross Domestic Product: chained volume measures: Seasonally adjusted £m
1960-Q3,2022-11-15,31,152485,Gross Domestic Product: chained volume measures: Seasonally adjusted £m
1960-Q3,2023-11-10,35,143674,Gross Domestic Product: chained volume measures: Seasonally adjusted £m
1960-Q3,2024-11-15,39,159143,Gross Domestic Product: chained volume measures: Seasonally adjusted £m
1960-Q3,2025-11-13,43,171442,Gross Domestic Product: chained volume measures: Seasonally adjusted £m
1960-Q4,2015-05-27,1,120819,Gross Domestic Product: chained volume measures: Seasonally adjusted £m
1960-Q4,2015-05-27,2,122987,Gross Domestic Product: chained volume measures: Seasonally adjusted £m
1960-Q4,2016-08-25,5,126992,Gross Domestic Product: chained volume measures: Seasonally adjusted £m
1960-Q4,2017-11-23,10,130175,Gross Domestic Product: chained volume measures: Seasonally adjusted £m
1960-Q4,2018-08-09,13,131973,Gross Domestic Product: chained volume measures: Seasonally adjusted £m
1960-Q4,2019-11-11,19,133240,Gross Domestic Product: chained volume measures: Seasonally adjusted £m
1960-Q4,2020-11-12,23,138426,Gross Domestic Product: chained volume measures: Seasonally adjusted £m
1960-Q4,2021-11-11,27,145485,Gross Domestic Product: chained volume measures: Seasonally adjusted £m
1960-Q4,2022-11-15,31,153552,Gross Domestic Product: chained volume measures: Seasonally adjusted £m
1960-Q4,2023-11-10,35,144509,Gross Domestic Product: chained volume measures: Seasonally adjusted £m
1960-Q4,2024-11-15,39,160135,Gross Domestic Product: chained volume measures: Seasonally adjusted £m
1960-Q4,2025-11-13,43,172382,Gross Domestic Product: chained volume measures: Seasonally adjusted £m
1961-Q1,2015-05-27,1,122782,Gross Domestic Product: chained volume measures: Seasonally adjusted £m
1961-Q1,2015-05-27,2,124971,Gross Domestic Product: chained volume measures: Seasonally adjusted £m
1961-Q1,2016-08-25,5,129056,Gross Domestic Product: chained volume measures: Seasonally adjusted £m
1961-Q1,2017-11-23,10,132264,Gross Domestic Product: chained volume measures: Seasonally adjusted £m
1961-Q1,2018-08-09,13,134123,Gross Domestic Product: chained volume measures: Seasonally adjusted £m
1961-Q1,2019-11-11,19,135394,Gross Domestic Product: chained volume measures: Seasonally adjusted £m
1961-Q1,2020-11-12,23,140702,Gross Domestic Product: chained volume measures: Seasonally adjusted £m
1961-Q1,2021-11-11,27,147857,Gross Domestic Product: chained volume measures: Seasonally adjusted £m
1961-Q1,2022-11-15,31,155990,Gross Domestic Product: chained volume measures: Seasonally adjusted £m
1961-Q1,2023-11-10,35,146876,Gross Domestic Product: chained volume measures: Seasonally adjusted £m
1961-Q1,2024-11-15,39,162724,Gross Domestic Product: chained volume measures: Seasonally adjusted £m
1961-Q1,2025-11-13,43,175276,Gross Domestic Product: chained volume measures: Seasonally adjusted £m
1961-Q2,2015-05-27,1,123267,Gross Domestic Product: chained volume measures: Seasonally adjusted £m
1961-Q2,2015-05-27,2,125471,Gross Domestic Product: chained volume measures: Seasonally adjusted £m
1961-Q2,2016-08-25,5,129591,Gross Domestic Product: chained volume measures: Seasonally adjusted £m
1961-Q2,2017-11-23,10,132827,Gross Domestic Product: chained volume measures: Seasonally adjusted £m
1961-Q2,2018-08-09,13,134663,Gross Domestic Product: chained volume measures: Seasonally adjusted £m
1961-Q2,2019-11-11,19,135986,Gross Domestic Product: chained volume measures: Seasonally adjusted £m
1961-Q2,2020-11-12,23,141275,Gross Domestic Product: chained volume measures: Seasonally adjusted £m
1961-Q2,2021-11-11,27,148483,Gross Domestic Product: chained volume measures: Seasonally adjusted £m
1961-Q2,2022-11-15,31,156572,Gross Domestic Product: chained volume measures: Seasonally adjusted £m
1961-Q2,2023-11-10,35,147484,Gross Domestic Product: chained volume measures: Seasonally adjusted £m
1961-Q2,2024-11-15,39,163392,Gross Domestic Product: chained volume measures: Seasonally adjusted £m
1961-Q2,2025-11-13,43,175974,Gross Domestic Product: chained volume measures: Seasonally adjusted £m
1961-Q3,2015-05-27,1,122633,Gross Domestic Product: chained volume measures: Seasonally adjusted £m
1961-Q3,2015-05-27,2,124818,Gross Domestic Product: chained volume measures: Seasonally adjusted £m
1961-Q3,2016-08-25,5,128912,Gross Domestic Product: chained volume measures: Seasonally adjusted £m
1961-Q3,2017-11-23,10,132146,Gross Domestic Product: chained volume measures: Seasonally adjusted £m
1961-Q3,2018-08-09,13,133959,Gross Domestic Product: chained volume measures: Seasonally adjusted £m
1961-Q3,2019-11-11,19,135294,Gross Domestic Product: chained volume measures: Seasonally adjusted £m
1961-Q3,2020-11-12,23,140555,Gross Domestic Product: chained volume measures: Seasonally adjusted £m
1961-Q3,2021-11-11,27,147723,Gross Domestic Product: chained volume measures: Seasonally adjusted £m
1961-Q3,2022-11-15,31,155818,Gross Domestic Product: chained volume measures: Seasonally adjusted £m
1961-Q3,2023-11-10,35,146753,Gross Domestic Product: chained volume measures: Seasonally adjusted £m
1961-Q3,2024-11-15,39,162575,Gross Domestic Product: chained volume measures: Seasonally adjusted £m
1961-Q3,2025-11-13,43,175126,Gross Domestic Product: chained volume measures: Seasonally adjusted £m
1961-Q4,2015-05-27,1,122412,Gross Domestic Product: chained volume measures: Seasonally adjusted £m
1961-Q4,2015-05-27,2,124606,Gross Domestic Product: chained volume measures: Seasonally adjusted £m
1961-Q4,2016-08-25,5,128694,Gross Domestic Product: chained volume measures: Seasonally adjusted £m
1961-Q4,2017-11-23,10,131915,Gross Domestic Product: chained volume measures: Seasonally adjusted £m
1961-Q4,2018-08-09,13,133745,Gross Domestic Product: chained volume measures: Seasonally adjusted £m
1961-Q4,2019-11-11,19,135059,Gross Domestic Product: chained volume measures: Seasonally adjusted £m
1961-Q4,2020-11-12,23,140311,Gross Domestic Product: chained volume measures: Seasonally adjusted £m
1961-Q4,2021-11-11,27,147466,Gross Domestic Product: chained volume measures: Seasonally adjusted £m
1961-Q4,2022-11-15,31,155436,Gross Domestic Product: chained volume measures: Seasonally adjusted £m
1961-Q4,2023-11-10,35,146476,Gross Domestic Product: chained volume measures: Seasonally adjusted £m
1961-Q4,2024-11-15,39,162283,Gross Domestic Product: chained volume measures: Seasonally adjusted £m
1961-Q4,2025-11-13,43,174768,Gross Domestic Product: chained volume measures: Seasonally adjusted £m
1962-Q1,2015-05-27,1,123001,Gross Domestic Product: chained volume measures: Seasonally adjusted £m
1962-Q1,2015-05-27,2,125194,Gross Domestic Product: chained volume measures: Seasonally adjusted £m
1962-Q1,2016-08-25,5,129273,Gross Domestic Product: chained volume measures: Seasonally adjusted £m
1962-Q1,2017-11-23,10,132518,Gross Domestic Product: chained volume measures: Seasonally adjusted £m
1962-Q1,2018-08-09,13,134376,Gross Domestic Product: chained volume measures: Seasonally adjusted £m
1962-Q1,2019-11-11,19,135647,Gross Domestic Product: chained volume measures: Seasonally adjusted £m
1962-Q1,2020-11-12,23,140941,Gross Domestic Product: chained volume measures: Seasonally adjusted £m
1962-Q1,2021-11-11,27,148126,Gross Domestic Product: chained volume measures: Seasonally adjusted £m
1962-Q1,2022-11-15,31,156202,Gross Domestic Product: chained volume measures: Seasonally adjusted £m
1962-Q1,2023-11-10,35,147109,Gross Domestic Product: chained volume measures: Seasonally adjusted £m
1962-Q1,2024-11-15,39,162993,Gross Domestic Product: chained volume measures: Seasonally adjusted £m
1962-Q1,2025-11-13,43,175568,Gross Domestic Product: chained volume measures: Seasonally adjusted £m
1962-Q2,2015-05-27,1,124166,Gross Domestic Product: chained volume measures: Seasonally adjusted £m
1962-Q2,2015-05-27,2,126378,Gross Domestic Product: chained volume measures: Seasonally adjusted £m
1962-Q2,2016-08-25,5,130521,Gross Domestic Product: chained volume measures: Seasonally adjusted £m
1962-Q2,2017-11-23,10,133771,Gross Domestic Product: chained volume measures: Seasonally adjusted £m
1962-Q2,2018-08-09,13,135625,Gross Domestic Product: chained volume measures: Seasonally adjusted £m
1962-Q2,2019-11-11,19,136963,Gross Domestic Product: chained volume measures: Seasonally adjusted £m
1962-Q2,2020-11-12,23,142246,Gross Domestic Product: chained volume measures: Seasonally adjusted £m
1962-Q2,2021-11-11,27,149496,Gross Domestic Product: chained volume measures: Seasonally adjusted £m
1962-Q2,2022-11-15,31,157678,Gross Domestic Product: chained volume measures: Seasonally adjusted £m
1962-Q2,2023-11-10,35,148500,Gross Domestic Product: chained volume measures: Seasonally adjusted £m
1962-Q2,2024-11-15,39,164524,Gross Domestic Product: chained volume measures: Seasonally adjusted £m
1962-Q2,2025-11-13,43,177216,Gross Domestic Product: chained volume measures: Seasonally adjusted £m
1962-Q3,2015-05-27,1,124919,Gross Domestic Product: chained volume measures: Seasonally adjusted £m
1962-Q3,2015-05-27,2,127129,Gross Domestic Product: chained volume measures: Seasonally adjusted £m
1962-Q3,2016-08-25,5,131297,Gross Domestic Product: chained volume measures: Seasonally adjusted £m
1962-Q3,2017-11-23,10,134583,Gross Domestic Product: chained volume measures: Seasonally adjusted £m
1962-Q3,2018-08-09,13,136449,Gross Domestic Product: chained volume measures: Seasonally adjusted £m
1962-Q3,2019-11-11,19,137781,Gross Domestic Product: chained volume measures: Seasonally adjusted £m
1962-Q3,2020-11-12,23,143137,Gross Domestic Product: chained volume measures: Seasonally adjusted £m
1962-Q3,2021-11-11,27,150431,Gross Domestic Product: chained volume measures: Seasonally adjusted £m
1962-Q3,2022-11-15,31,158572,Gross Domestic Product: chained volume measures: Seasonally adjusted £m
1962-Q3,2023-11-10,35,149408,Gross Domestic Product: chained volume measures: Seasonally adjusted £m
1962-Q3,2024-11-15,39,165498,Gross Domestic Product: chained volume measures: Seasonally adjusted £m
1962-Q3,2025-11-13,43,178265,Gross Domestic Product: chained volume measures: Seasonally adjusted £m
1962-Q4,2015-05-27,1,124416,Gross Domestic Product: chained volume measures: Seasonally adjusted £m
1962-Q4,2015-05-27,2,126651,Gross Domestic Product: chained volume measures: Seasonally adjusted £m
1962-Q4,2016-08-25,5,130815,Gross Domestic Product: chained volume measures: Seasonally adjusted £m
1962-Q4,2017-11-23,10,134116,Gross Domestic Product: chained volume measures: Seasonally adjusted £m
1962-Q4,2018-08-09,13,135957,Gross Domestic Product: chained volume measures: Seasonally adjusted £m
1962-Q4,2019-11-11,19,137294,Gross Domestic Product: chained volume measures: Seasonally adjusted £m
1962-Q4,2020-11-12,23,142573,Gross Domestic Product: chained volume measures: Seasonally adjusted £m
1962-Q4,2021-11-11,27,149840,Gross Domestic Product: chained volume measures: Seasonally adjusted £m
1962-Q4,2022-11-15,31,157894,Gross Domestic Product: chained volume measures: Seasonally adjusted £m
1962-Q4,2023-11-10,35,148870,Gross Domestic Product: chained volume measures: Seasonally adjusted £m
1962-Q4,2024-11-15,39,164936,Gross Domestic Product: chained volume measures: Seasonally adjusted £m
1962-Q4,2025-11-13,43,177632,Gross Domestic Product: chained volume measures: Seasonally adjusted £m
1963-Q1,2015-05-27,1,125097,Gross Domestic Product: chained volume measures: Seasonally adjusted £m
1963-Q1,2015-05-27,2,127342,Gross Domestic Product: chained volume measures: Seasonally adjusted £m
1963-Q1,2016-08-25,5,131549,Gross Domestic Product: chained volume measures: Seasonally adjusted £m
1963-Q1,2017-11-23,10,134806,Gross Domestic Product: chained volume measures: Seasonally adjusted £m
1963-Q1,2018-08-09,13,136658,Gross Domestic Product: chained volume measures: Seasonally adjusted £m
1963-Q1,2019-11-11,19,137923,Gross Domestic Product: chained volume measures: Seasonally adjusted £m
1963-Q1,2020-11-12,23,143171,Gross Domestic Product: chained volume measures: Seasonally adjusted £m
1963-Q1,2021-11-11,27,150468,Gross Domestic Product: chained volume measures: Seasonally adjusted £m
1963-Q1,2022-11-15,31,158616,Gross Domestic Product: chained volume measures: Seasonally adjusted £m
1963-Q1,2023-11-10,35,149550,Gross Domestic Product: chained volume measures: Seasonally adjusted £m
1963-Q1,2024-11-15,39,165693,Gross Domestic Product: chained volume measures: Seasonally adjusted £m
1963-Q1,2025-11-13,43,178493,Gross Domestic Product: chained volume measures: Seasonally adjusted £m
1963-Q2,2015-05-27,1,130461,Gross Domestic Product: chained volume measures: Seasonally adjusted £m
1963-Q2,2015-05-27,2,132806,Gross Domestic Product: chained volume measures: Seasonally adjusted £m
1963-Q2,2016-08-25,5,137141,Gross Domestic Product: chained volume measures: Seasonally adjusted £m
1963-Q2,2017-11-23,10,140603,Gross Domestic Product: chained volume measures: Seasonally adjusted £m
1963-Q2,2018-08-09,13,142519,Gross Domestic Product: chained volume measures: Seasonally adjusted £m
1963-Q2,2019-11-11,19,143904,Gross Domestic Product: chained volume measures: Seasonally adjusted £m
1963-Q2,2020-11-12,23,149459,Gross Domestic Product: chained volume measures: Seasonally adjusted £m
1963-Q2,2021-11-11,27,157076,Gross Domestic Product: chained volume measures: Seasonally adjusted £m
1963-Q2,2022-11-15,31,165619,Gross Domestic Product: chained volume measures: Seasonally adjusted £m
1963-Q2,2023-11-10,35,156027,Gross Domestic Product: chained volume measures: Seasonally adjusted £m
1963-Q2,2024-11-15,39,172858,Gross Domestic Product: chained volume measures: Seasonally adjusted £m
1963-Q2,2025-11-13,43,186171,Gross Domestic Product: chained volume measures: Seasonally adjusted £m
1963-Q3,2015-05-27,1,131075,Gross Domestic Product: chained volume measures: Seasonally adjusted £m
1963-Q3,2015-05-27,2,133411,Gross Domestic Product: chained volume measures: Seasonally adjusted £m
1963-Q3,2016-08-25,5,137783,Gross Domestic Product: chained volume measures: Seasonally adjusted £m
1963-Q3,2017-11-23,10,141248,Gross Domestic Product: chained volume measures: Seasonally adjusted £m
1963-Q3,2018-08-09,13,143244,Gross Domestic Product: chained volume measures: Seasonally adjusted £m
1963-Q3,2019-11-11,19,144585,Gross Domestic Product: chained volume measures: Seasonally adjusted £m
1963-Q3,2020-11-12,23,150182,Gross Domestic Product: chained volume measures: Seasonally adjusted £m
1963-Q3,2021-11-11,27,157838,Gross Domestic Product: chained volume measures: Seasonally adjusted £m
1963-Q3,2022-11-15,31,166407,Gross Domestic Product: chained volume measures: Seasonally adjusted £m
1963-Q3,2023-11-10,35,156716,Gross Domestic Product: chained volume measures: Seasonally adjusted £m
1963-Q3,2024-11-15,39,173616,Gross Domestic Product: chained volume measures: Seasonally adjusted £m
1963-Q3,2025-11-13,43,187001,Gross Domestic Product: chained volume measures: Seasonally adjusted £m
1963-Q4,2015-05-27,1,134096,Gross Domestic Product: chained volume measures: Seasonally adjusted £m
1963-Q4,2015-05-27,2,136469,Gross Domestic Product: chained volume measures: Seasonally adjusted £m
1963-Q4,2016-08-25,5,140891,Gross Domestic Product: chained volume measures: Seasonally adjusted £m
1963-Q4,2017-11-23,10,144407,Gross Domestic Product: chained volume measures: Seasonally adjusted £m
1963-Q4,2018-08-09,13,146425,Gross Domestic Product: chained volume measures: Seasonally adjusted £m
1963-Q4,2019-11-11,19,147888,Gross Domestic Product: chained volume measures: Seasonally adjusted £m
1963-Q4,2020-11-12,23,153587,Gross Domestic Product: chained volume measures: Seasonally adjusted £m
1963-Q4,2021-11-11,27,161415,Gross Domestic Product: chained volume measures: Seasonally adjusted £m
1963-Q4,2022-11-15,31,170054,Gross Domestic Product: chained volume measures: Seasonally adjusted £m
1963-Q4,2023-11-10,35,160273,Gross Domestic Product: chained volume measures: Seasonally adjusted £m
1963-Q4,2024-11-15,39,177557,Gross Domestic Product: chained volume measures: Seasonally adjusted £m
1963-Q4,2025-11-13,43,191230,Gross Domestic Product: chained volume measures: Seasonally adjusted £m
1964-Q1,2015-05-27,1,134864,Gross Domestic Product: chained volume measures: Seasonally adjusted £m
1964-Q1,2015-05-27,2,137276,Gross Domestic Product: chained volume measures: Seasonally adjusted £m
1964-Q1,2016-08-25,5,141748,Gross Domestic Product: chained volume measures: Seasonally adjusted £m
1964-Q1,2017-11-23,10,145283,Gross Domestic Product: chained volume measures: Seasonally adjusted £m
1964-Q1,2018-08-09,13,147306,Gross Domestic Product: chained volume measures: Seasonally adjusted £m
1964-Q1,2019-11-11,19,148759,Gross Domestic Product: chained volume measures: Seasonally adjusted £m
1964-Q1,2020-11-12,23,154560,Gross Domestic Product: chained volume measures: Seasonally adjusted £m
1964-Q1,2021-11-11,27,162418,Gross Domestic Product: chained volume measures: Seasonally adjusted £m
1964-Q1,2022-11-15,31,171209,Gross Domestic Product: chained volume measures: Seasonally adjusted £m
1964-Q1,2023-11-10,35,161333,Gross Domestic Product: chained volume measures: Seasonally adjusted £m
1964-Q1,2024-11-15,39,178735,Gross Domestic Product: chained volume measures: Seasonally adjusted £m
1964-Q1,2025-11-13,43,192542,Gross Domestic Product: chained volume measures: Seasonally adjusted £m
1964-Q2,2015-05-27,1,137228,Gross Domestic Product: chained volume measures: Seasonally adjusted £m
1964-Q2,2015-05-27,2,139707,Gross Domestic Product: chained volume measures: Seasonally adjusted £m
1964-Q2,2016-08-25,5,144191,Gross Domestic Product: chained volume measures: Seasonally adjusted £m
1964-Q2,2017-11-23,10,147815,Gross Domestic Product: chained volume measures: Seasonally adjusted £m
1964-Q2,2018-08-09,13,149849,Gross Domestic Product: chained volume measures: Seasonally adjusted £m
1964-Q2,2019-11-11,19,151393,Gross Domestic Product: chained volume measures: Seasonally adjusted £m
1964-Q2,2020-11-12,23,157401,Gross Domestic Product: chained volume measures: Seasonally adjusted £m
1964-Q2,2021-11-11,27,165445,Gross Domestic Product: chained volume measures: Seasonally adjusted £m
1964-Q2,2022-11-15,31,174393,Gross Domestic Product: chained volume measures: Seasonally adjusted £m
1964-Q2,2023-11-10,35,164347,Gross Domestic Product: chained volume measures: Seasonally adjusted £m
1964-Q2,2024-11-15,39,182076,Gross Domestic Product: chained volume measures: Seasonally adjusted £m
1964-Q2,2025-11-13,43,196109,Gross Domestic Product: chained volume measures: Seasonally adjusted £m
1964-Q3,2015-05-27,1,137740,Gross Domestic Product: chained volume measures: Seasonally adjusted £m
1964-Q3,2015-05-27,2,140199,Gross Domestic Product: chained volume measures: Seasonally adjusted £m
1964-Q3,2016-08-25,5,144765,Gross Domestic Product: chained volume measures: Seasonally adjusted £m
1964-Q3,2017-11-23,10,148402,Gross Domestic Product: chained volume measures: Seasonally adjusted £m
1964-Q3,2018-08-09,13,150440,Gross Domestic Product: chained volume measures: Seasonally adjusted £m
1964-Q3,2019-11-11,19,151995,Gross Domestic Product: chained volume measures: Seasonally adjusted £m
1964-Q3,2020-11-12,23,158019,Gross Domestic Product: chained volume measures: Seasonally adjusted £m
1964-Q3,2021-11-11,27,166080,Gross Domestic Product: chained volume measures: Seasonally adjusted £m
1964-Q3,2022-11-15,31,175037,Gross Domestic Product: chained volume measures: Seasonally adjusted £m
1964-Q3,2023-11-10,35,164952,Gross Domestic Product: chained volume measures: Seasonally adjusted £m
1964-Q3,2024-11-15,39,182725,Gross Domestic Product: chained volume measures: Seasonally adjusted £m
1964-Q3,2025-11-13,43,196783,Gross Domestic Product: chained volume measures: Seasonally adjusted £m
1964-Q4,2015-05-27,1,139872,Gross Domestic Product: chained volume measures: Seasonally adjusted £m
1964-Q4,2015-05-27,2,142358,Gross Domestic Product: chained volume measures: Seasonally adjusted £m
1964-Q4,2016-08-25,5,146973,Gross Domestic Product: chained volume measures: Seasonally adjusted £m
1964-Q4,2017-11-23,10,150629,Gross Domestic Product: chained volume measures: Seasonally adjusted £m
1964-Q4,2018-08-09,13,152729,Gross Domestic Product: chained volume measures: Seasonally adjusted £m
1964-Q4,2019-11-11,19,154284,Gross Domestic Product: chained volume measures: Seasonally adjusted £m
1964-Q4,2020-11-12,23,160431,Gross Domestic Product: chained volume measures: Seasonally adjusted £m
1964-Q4,2021-11-11,27,168601,Gross Domestic Product: chained volume measures: Seasonally adjusted £m
1964-Q4,2022-11-15,31,177683,Gross Domestic Product: chained volume measures: Seasonally adjusted £m
1964-Q4,2023-11-10,35,167430,Gross Domestic Product: chained volume measures: Seasonally adjusted £m
1964-Q4,2024-11-15,39,185535,Gross Domestic Product: chained volume measures: Seasonally adjusted £m
1964-Q4,2025-11-13,43,199854,Gross Domestic Product: chained volume measures: Seasonally adjusted £m
1965-Q1,2015-05-27,1,139483,Gross Domestic Product: chained volume measures: Seasonally adjusted £m
1965-Q1,2015-05-27,2,141971,Gross Domestic Product: chained volume measures: Seasonally adjusted £m
1965-Q1,2016-08-25,5,146558,Gross Domestic Product: chained volume measures: Seasonally adjusted £m
1965-Q1,2017-11-23,10,150213,Gross Domestic Product: chained volume measures: Seasonally adjusted £m
1965-Q1,2018-08-09,13,152303,Gross Domestic Product: chained volume measures: Seasonally adjusted £m
1965-Q1,2019-11-11,19,153863,Gross Domestic Product: chained volume measures: Seasonally adjusted £m
1965-Q1,2020-11-12,23,159955,Gross Domestic Product: chained volume measures: Seasonally adjusted £m
1965-Q1,2021-11-11,27,168089,Gross Domestic Product: chained volume measures: Seasonally adjusted £m
1965-Q1,2022-11-15,31,177153,Gross Domestic Product: chained volume measures: Seasonally adjusted £m
1965-Q1,2023-11-10,35,166975,Gross Domestic Product: chained volume measures: Seasonally adjusted £m
1965-Q1,2024-11-15,39,185031,Gross Domestic Product: chained volume measures: Seasonally adjusted £m
1965-Q1,2025-11-13,43,199276,Gross Domestic Product: chained volume measures: Seasonally adjusted £m
1965-Q2,2015-05-27,1,139602,Gross Domestic Product: chained volume measures: Seasonally adjusted £m
1965-Q2,2015-05-27,2,142104,Gross Domestic Product: chained volume measures: Seasonally adjusted £m
1965-Q2,2016-08-25,5,146678,Gross Domestic Product: chained volume measures: Seasonally adjusted £m
1965-Q2,2017-11-23,10,150394,Gross Domestic Product: chained volume measures: Seasonally adjusted £m
1965-Q2,2018-08-09,13,152465,Gross Domestic Product: chained volume measures: Seasonally adjusted £m
1965-Q2,2019-11-11,19,153987,Gross Domestic Product: chained volume measures: Seasonally adjusted £m
1965-Q2,2020-11-12,23,160049,Gross Domestic Product: chained volume measures: Seasonally adjusted £m
1965-Q2,2021-11-11,27,168213,Gross Domestic Product: chained volume measures: Seasonally adjusted £m
1965-Q2,2022-11-15,31,177267,Gross Domestic Product: chained volume measures: Seasonally adjusted £m
1965-Q2,2023-11-10,35,167074,Gross Domestic Product: chained volume measures: Seasonally adjusted £m
1965-Q2,2024-11-15,39,185142,Gross Domestic Product: chained volume measures: Seasonally adjusted £m
1965-Q2,2025-11-13,43,199419,Gross Domestic Product: chained volume measures: Seasonally adjusted £m
1965-Q3,2015-05-27,1,140784,Gross Domestic Product: chained volume measures: Seasonally adjusted £m
1965-Q3,2015-05-27,2,143302,Gross Domestic Product: chained volume measures: Seasonally adjusted £m
1965-Q3,2016-08-25,5,147917,Gross Domestic Product: chained volume measures: Seasonally adjusted £m
1965-Q3,2017-11-23,10,151631,Gross Domestic Product: chained volume measures: Seasonally adjusted £m
1965-Q3,2018-08-09,13,153732,Gross Domestic Product: chained volume measures: Seasonally adjusted £m
1965-Q3,2019-11-11,19,155273,Gross Domestic Product: chained volume measures: Seasonally adjusted £m
1965-Q3,2020-11-12,23,161365,Gross Domestic Product: chained volume measures: Seasonally adjusted £m
1965-Q3,2021-11-11,27,169597,Gross Domestic Product: chained volume measures: Seasonally adjusted £m
1965-Q3,2022-11-15,31,178719,Gross Domestic Product: chained volume measures: Seasonally adjusted £m
1965-Q3,2023-11-10,35,168424,Gross Domestic Product: chained volume measures: Seasonally adjusted £m
1965-Q3,2024-11-15,39,186556,Gross Domestic Product: chained volume measures: Seasonally adjusted £m
1965-Q3,2025-11-13,43,200957,Gross Domestic Product: chained volume measures: Seasonally adjusted £m
1965-Q4,2015-05-27,1,141663,Gross Domestic Product: chained volume measures: Seasonally adjusted £m
1965-Q4,2015-05-27,2,144184,Gross Domestic Product: chained volume measures: Seasonally adjusted £m
1965-Q4,2016-08-25,5,148822,Gross Domestic Product: chained volume measures: Seasonally adjusted £m
1965-Q4,2017-11-23,10,152557,Gross Domestic Product: chained volume measures: Seasonally adjusted £m
1965-Q4,2018-08-09,13,154684,Gross Domestic Product: chained volume measures: Seasonally adjusted £m
1965-Q4,2019-11-11,19,156227,Gross Domestic Product: chained volume measures: Seasonally adjusted £m
1965-Q4,2020-11-12,23,162354,Gross Domestic Product: chained volume measures: Seasonally adjusted £m
1965-Q4,2021-11-11,27,170637,Gross Domestic Product: chained volume measures: Seasonally adjusted £m
1965-Q4,2022-11-15,31,179904,Gross Domestic Product: chained volume measures: Seasonally adjusted £m
1965-Q4,2023-11-10,35,169502,Gross Domestic Product: chained volume measures: Seasonally adjusted £m
1965-Q4,2024-11-15,39,187757,Gross Domestic Product: chained volume measures: Seasonally adjusted £m
1965-Q4,2025-11-13,43,202259,Gross Domestic Product: chained volume measures: Seasonally adjusted £m
1966-Q1,2015-05-27,1,141872,Gross Domestic Product: chained volume measures: Seasonally adjusted £m
1966-Q1,2015-05-27,2,144404,Gross Domestic Product: chained volume measures: Seasonally adjusted £m
1966-Q1,2016-08-25,5,149072,Gross Domestic Product: chained volume measures: Seasonally adjusted £m
1966-Q1,2017-11-23,10,152816,Gross Domestic Product: chained volume measures: Seasonally adjusted £m
1966-Q1,2018-08-09,13,154939,Gross Domestic Product: chained volume measures: Seasonally adjusted £m
1966-Q1,2019-11-11,19,156492,Gross Domestic Product: chained volume measures: Seasonally adjusted £m
1966-Q1,2020-11-12,23,162611,Gross Domestic Product: chained volume measures: Seasonally adjusted £m
1966-Q1,2021-11-11,27,170920,Gross Domestic Product: chained volume measures: Seasonally adjusted £m
1966-Q1,2022-11-15,31,180172,Gross Domestic Product: chained volume measures: Seasonally adjusted £m
1966-Q1,2023-11-10,35,169749,Gross Domestic Product: chained volume measures: Seasonally adjusted £m
1966-Q1,2024-11-15,39,188064,Gross Domestic Product: chained volume measures: Seasonally adjusted £m
1966-Q1,2025-11-13,43,202588,Gross Domestic Product: chained volume measures: Seasonally adjusted £m
1966-Q2,2015-05-27,1,142667,Gross Domestic Product: chained volume measures: Seasonally adjusted £m
1966-Q2,2015-05-27,2,145222,Gross Domestic Product: chained volume measures: Seasonally adjusted £m
1966-Q2,2016-08-25,5,149911,Gross Domestic Product: chained volume measures: Seasonally adjusted £m
1966-Q2,2017-11-23,10,153708,Gross Domestic Product: chained volume measures: Seasonally adjusted £m
1966-Q2,2018-08-09,13,155839,Gross Domestic Product: chained volume measures: Seasonally adjusted £m
1966-Q2,2019-11-11,19,157416,Gross Domestic Product: chained volume measures: Seasonally adjusted £m
1966-Q2,2020-11-12,23,163584,Gross Domestic Product: chained volume measures: Seasonally adjusted £m
1966-Q2,2021-11-11,27,171922,Gross Domestic Product: chained volume measures: Seasonally adjusted £m
1966-Q2,2022-11-15,31,181154,Gross Domestic Product: chained volume measures: Seasonally adjusted £m
1966-Q2,2023-11-10,35,170745,Gross Domestic Product: chained volume measures: Seasonally adjusted £m
1966-Q2,2024-11-15,39,189153,Gross Domestic Product: chained volume measures: Seasonally adjusted £m
1966-Q2,2025-11-13,43,203766,Gross Domestic Product: chained volume measures: Seasonally adjusted £m
1966-Q3,2015-05-27,1,143183,Gross Domestic Product: chained volume measures: Seasonally adjusted £m
1966-Q3,2015-05-27,2,145739,Gross Domestic Product: chained volume measures: Seasonally adjusted £m
1966-Q3,2016-08-25,5,150424,Gross Domestic Product: chained volume measures: Seasonally adjusted £m
1966-Q3,2017-11-23,10,154216,Gross Domestic Product: chained volume measures: Seasonally adjusted £m
1966-Q3,2018-08-09,13,156353,Gross Domestic Product: chained volume measures: Seasonally adjusted £m
1966-Q3,2019-11-11,19,157905,Gross Domestic Product: chained volume measures: Seasonally adjusted £m
1966-Q3,2020-11-12,23,164093,Gross Domestic Product: chained volume measures: Seasonally adjusted £m
1966-Q3,2021-11-11,27,172457,Gross Domestic Product: chained volume measures: Seasonally adjusted £m
1966-Q3,2022-11-15,31,181778,Gross Domestic Product: chained volume measures: Seasonally adjusted £m
1966-Q3,2023-11-10,35,171303,Gross Domestic Product: chained volume measures: Seasonally adjusted £m
1966-Q3,2024-11-15,39,189791,Gross Domestic Product: chained volume measures: Seasonally adjusted £m
1966-Q3,2025-11-13,43,204428,Gross Domestic Product: chained volume measures: Seasonally adjusted £m
1966-Q4,2015-05-27,1,142577,Gross Domestic Product: chained volume measures: Seasonally adjusted £m
1966-Q4,2015-05-27,2,145135,Gross Domestic Product: chained volume measures: Seasonally adjusted £m
1966-Q4,2016-08-25,5,149804,Gross Domestic Product: chained volume measures: Seasonally adjusted £m
1966-Q4,2017-11-23,10,153572,Gross Domestic Product: chained volume measures: Seasonally adjusted £m
1966-Q4,2018-08-09,13,155699,Gross Domestic Product: chained volume measures: Seasonally adjusted £m
1966-Q4,2019-11-11,19,157245,Gross Domestic Product: chained volume measures: Seasonally adjusted £m
1966-Q4,2020-11-12,23,163406,Gross Domestic Product: chained volume measures: Seasonally adjusted £m
1966-Q4,2021-11-11,27,171718,Gross Domestic Product: chained volume measures: Seasonally adjusted £m
1966-Q4,2022-11-15,31,180944,Gross Domestic Product: chained volume measures: Seasonally adjusted £m
1966-Q4,2023-11-10,35,170622,Gross Domestic Product: chained volume measures: Seasonally adjusted £m
1966-Q4,2024-11-15,39,189028,Gross Domestic Product: chained volume measures: Seasonally adjusted £m
1966-Q4,2025-11-13,43,203611,Gross Domestic Product: chained volume measures: Seasonally adjusted £m
1967-Q1,2015-05-27,1,144536,Gross Domestic Product: chained volume measures: Seasonally adjusted £m
1967-Q1,2015-05-27,2,147132,Gross Domestic Product: chained volume measures: Seasonally adjusted £m
1967-Q1,2016-08-25,5,151844,Gross Domestic Product: chained volume measures: Seasonally adjusted £m
1967-Q1,2017-11-23,10,155661,Gross Domestic Product: chained volume measures: Seasonally adjusted £m
1967-Q1,2018-08-09,13,157819,Gross Domestic Product: chained volume measures: Seasonally adjusted £m
1967-Q1,2019-11-11,19,159377,Gross Domestic Product: chained volume measures: Seasonally adjusted £m
1967-Q1,2020-11-12,23,165604,Gross Domestic Product: chained volume measures: Seasonally adjusted £m
1967-Q1,2021-11-11,27,174034,Gross Domestic Product: chained volume measures: Seasonally adjusted £m
1967-Q1,2022-11-15,31,183328,Gross Domestic Product: chained volume measures: Seasonally adjusted £m
1967-Q1,2023-11-10,35,172902,Gross Domestic Product: chained volume measures: Seasonally adjusted £m
1967-Q1,2024-11-15,39,191574,Gross Domestic Product: chained volume measures: Seasonally adjusted £m
1967-Q1,2025-11-13,43,206330,Gross Domestic Product: chained volume measures: Seasonally adjusted £m
1967-Q2,2015-05-27,1,146529,Gross Domestic Product: chained volume measures: Seasonally adjusted £m
1967-Q2,2015-05-27,2,149158,Gross Domestic Product: chained volume measures: Seasonally adjusted £m
1967-Q2,2016-08-25,5,153930,Gross Domestic Product: chained volume measures: Seasonally adjusted £m
1967-Q2,2017-11-23,10,157844,Gross Domestic Product: chained volume measures: Seasonally adjusted £m
1967-Q2,2018-08-09,13,160034,Gross Domestic Product: chained volume measures: Seasonally adjusted £m
1967-Q2,2019-11-11,19,161621,Gross Domestic Product: chained volume measures: Seasonally adjusted £m
1967-Q2,2020-11-12,23,167950,Gross Domestic Product: chained volume measures: Seasonally adjusted £m
1967-Q2,2021-11-11,27,176506,Gross Domestic Product: chained volume measures: Seasonally adjusted £m
1967-Q2,2022-11-15,31,185968,Gross Domestic Product: chained volume measures: Seasonally adjusted £m
1967-Q2,2023-11-10,35,175314,Gross Domestic Product: chained volume measures: Seasonally adjusted £m
1967-Q2,2024-11-15,39,194221,Gross Domestic Product: chained volume measures: Seasonally adjusted £m
1967-Q2,2025-11-13,43,209227,Gross Domestic Product: chained volume measures: Seasonally adjusted £m
1967-Q3,2015-05-27,1,147194,Gross Domestic Product: chained volume measures: Seasonally adjusted £m
1967-Q3,2015-05-27,2,149816,Gross Domestic Product: chained volume measures: Seasonally adjusted £m
1967-Q3,2016-08-25,5,154649,Gross Domestic Product: chained volume measures: Seasonally adjusted £m
1967-Q3,2017-11-23,10,158539,Gross Domestic Product: chained volume measures: Seasonally adjusted £m
1967-Q3,2018-08-09,13,160738,Gross Domestic Product: chained volume measures: Seasonally adjusted £m
1967-Q3,2019-11-11,19,162361,Gross Domestic Product: chained volume measures: Seasonally adjusted £m
1967-Q3,2020-11-12,23,168685,Gross Domestic Product: chained volume measures: Seasonally adjusted £m
1967-Q3,2021-11-11,27,177284,Gross Domestic Product: chained volume measures: Seasonally adjusted £m
1967-Q3,2022-11-15,31,186841,Gross Domestic Product: chained volume measures: Seasonally adjusted £m
1967-Q3,2023-11-10,35,176021,Gross Domestic Product: chained volume measures: Seasonally adjusted £m
1967-Q3,2024-11-15,39,195025,Gross Domestic Product: chained volume measures: Seasonally adjusted £m
1967-Q3,2025-11-13,43,210092,Gross Domestic Product: chained volume measures: Seasonally adjusted £m
1967-Q4,2015-05-27,1,147960,Gross Domestic Product: chained volume measures: Seasonally adjusted £m
1967-Q4,2015-05-27,2,150599,Gross Domestic Product: chained volume measures: Seasonally adjusted £m
1967-Q4,2016-08-25,5,155456,Gross Domestic Product: chained volume measures: Seasonally adjusted £m
1967-Q4,2017-11-23,10,159385,Gross Domestic Product: chained volume measures: Seasonally adjusted £m
1967-Q4,2018-08-09,13,161594,Gross Domestic Product: chained volume measures: Seasonally adjusted £m
1967-Q4,2019-11-11,19,163160,Gross Domestic Product: chained volume measures: Seasonally adjusted £m
1967-Q4,2020-11-12,23,169526,Gross Domestic Product: chained volume measures: Seasonally adjusted £m
1967-Q4,2021-11-11,27,178174,Gross Domestic Product: chained volume measures: Seasonally adjusted £m
1967-Q4,2022-11-15,31,187834,Gross Domestic Product: chained volume measures: Seasonally adjusted £m
1967-Q4,2023-11-10,35,176978,Gross Domestic Product: chained volume measures: Seasonally adjusted £m
1967-Q4,2024-11-15,39,196039,Gross Domestic Product: chained volume measures: Seasonally adjusted £m
1967-Q4,2025-11-13,43,211166,Gross Domestic Product: chained volume measures: Seasonally adjusted £m
1968-Q1,2015-05-27,1,153354,Gross Domestic Product: chained volume measures: Seasonally adjusted £m
1968-Q1,2015-05-27,2,156092,Gross Domestic Product: chained volume measures: Seasonally adjusted £m
1968-Q1,2016-08-25,5,161113,Gross Domestic Product: chained volume measures: Seasonally adjusted £m
1968-Q1,2017-11-23,10,165181,Gross Domestic Product: chained volume measures: Seasonally adjusted £m
1968-Q1,2018-08-09,13,167469,Gross Domestic Product: chained volume measures: Seasonally adjusted £m
1968-Q1,2019-11-11,19,169136,Gross Domestic Product: chained volume measures: Seasonally adjusted £m
1968-Q1,2020-11-12,23,175742,Gross Domestic Product: chained volume measures: Seasonally adjusted £m
1968-Q1,2021-11-11,27,184678,Gross Domestic Product: chained volume measures: Seasonally adjusted £m
1968-Q1,2022-11-15,31,194591,Gross Domestic Product: chained volume measures: Seasonally adjusted £m
1968-Q1,2023-11-10,35,183476,Gross Domestic Product: chained volume measures: Seasonally adjusted £m
1968-Q1,2024-11-15,39,203280,Gross Domestic Product: chained volume measures: Seasonally adjusted £m
1968-Q1,2025-11-13,43,218997,Gross Domestic Product: chained volume measures: Seasonally adjusted £m
1968-Q2,2015-05-27,1,152761,Gross Domestic Product: chained volume measures: Seasonally adjusted £m
1968-Q2,2015-05-27,2,155513,Gross Domestic Product: chained volume measures: Seasonally adjusted £m
1968-Q2,2016-08-25,5,160428,Gross Domestic Product: chained volume measures: Seasonally adjusted £m
1968-Q2,2017-11-23,10,164483,Gross Domestic Product: chained volume measures: Seasonally adjusted £m
1968-Q2,2018-08-09,13,166744,Gross Domestic Product: chained volume measures: Seasonally adjusted £m
1968-Q2,2019-11-11,19,168472,Gross Domestic Product: chained volume measures: Seasonally adjusted £m
1968-Q2,2020-11-12,23,175014,Gross Domestic Product: chained volume measures: Seasonally adjusted £m
1968-Q2,2021-11-11,27,183948,Gross Domestic Product: chained volume measures: Seasonally adjusted £m
1968-Q2,2022-11-15,31,193804,Gross Domestic Product: chained volume measures: Seasonally adjusted £m
1968-Q2,2023-11-10,35,182717,Gross Domestic Product: chained volume measures: Seasonally adjusted £m
1968-Q2,2024-11-15,39,202430,Gross Domestic Product: chained volume measures: Seasonally adjusted £m
1968-Q2,2025-11-13,43,218081,Gross Domestic Product: chained volume measures: Seasonally adjusted £m
1968-Q3,2015-05-27,1,155824,Gross Domestic Product: chained volume measures: Seasonally adjusted £m
1968-Q3,2015-05-27,2,158609,Gross Domestic Product: chained volume measures: Seasonally adjusted £m
1968-Q3,2016-08-25,5,163618,Gross Domestic Product: chained volume measures: Seasonally adjusted £m
1968-Q3,2017-11-23,10,167735,Gross Domestic Product: chained volume measures: Seasonally adjusted £m
1968-Q3,2018-08-09,13,170062,Gross Domestic Product: chained volume measures: Seasonally adjusted £m
1968-Q3,2019-11-11,19,171819,Gross Domestic Product: chained volume measures: Seasonally adjusted £m
1968-Q3,2020-11-12,23,178468,Gross Domestic Product: chained volume measures: Seasonally adjusted £m
1968-Q3,2021-11-11,27,187559,Gross Domestic Product: chained volume measures: Seasonally adjusted £m
1968-Q3,2022-11-15,31,197603,Gross Domestic Product: chained volume measures: Seasonally adjusted £m
1968-Q3,2023-11-10,35,186277,Gross Domestic Product: chained volume measures: Seasonally adjusted £m
1968-Q3,2024-11-15,39,206359,Gross Domestic Product: chained volume measures: Seasonally adjusted £m
1968-Q3,2025-11-13,43,222325,Gross Domestic Product: chained volume measures: Seasonally adjusted £m
1968-Q4,2015-05-27,1,156503,Gross Domestic Product: chained volume measures: Seasonally adjusted £m
1968-Q4,2015-05-27,2,159276,Gross Domestic Product: chained volume measures: Seasonally adjusted £m
1968-Q4,2016-08-25,5,164280,Gross Domestic Product: chained volume measures: Seasonally adjusted £m
1968-Q4,2017-11-23,10,168385,Gross Domestic Product: chained volume measures: Seasonally adjusted £m
1968-Q4,2018-08-09,13,170743,Gross Domestic Product: chained volume measures: Seasonally adjusted £m
1968-Q4,2019-11-11,19,172474,Gross Domestic Product: chained volume measures: Seasonally adjusted £m
1968-Q4,2020-11-12,23,179160,Gross Domestic Product: chained volume measures: Seasonally adjusted £m
1968-Q4,2021-11-11,27,188298,Gross Domestic Product: chained volume measures: Seasonally adjusted £m
1968-Q4,2022-11-15,31,198437,Gross Domestic Product: chained volume measures: Seasonally adjusted £m
1968-Q4,2023-11-10,35,186998,Gross Domestic Product: chained volume measures: Seasonally adjusted £m
1968-Q4,2024-11-15,39,207170,Gross Domestic Product: chained volume measures: Seasonally adjusted £m
1968-Q4,2025-11-13,43,223067,Gross Domestic Product: chained volume measures: Seasonally adjusted £m
1969-Q1,2015-05-27,1,156112,Gross Domestic Product: chained volume measures: Seasonally adjusted £m
1969-Q1,2015-05-27,2,158911,Gross Domestic Product: chained volume measures: Seasonally adjusted £m
1969-Q1,2016-08-25,5,163917,Gross Domestic Product: chained volume measures: Seasonally adjusted £m
1969-Q1,2017-11-23,10,168034,Gross Domestic Product: chained volume measures: Seasonally adjusted £m
1969-Q1,2018-08-09,13,170363,Gross Domestic Product: chained volume measures: Seasonally adjusted £m
1969-Q1,2019-11-11,19,172081,Gross Domestic Product: chained volume measures: Seasonally adjusted £m
1969-Q1,2020-11-12,23,178747,Gross Domestic Product: chained volume measures: Seasonally adjusted £m
1969-Q1,2021-11-11,27,187827,Gross Domestic Product: chained volume measures: Seasonally adjusted £m
1969-Q1,2022-11-15,31,197901,Gross Domestic Product: chained volume measures: Seasonally adjusted £m
1969-Q1,2023-11-10,35,186620,Gross Domestic Product: chained volume measures: Seasonally adjusted £m
1969-Q1,2024-11-15,39,206754,Gross Domestic Product: chained volume measures: Seasonally adjusted £m
1969-Q1,2025-11-13,43,222725,Gross Domestic Product: chained volume measures: Seasonally adjusted £m
1969-Q2,2015-05-27,1,157228,Gross Domestic Product: chained volume measures: Seasonally adjusted £m
1969-Q2,2015-05-27,2,160052,Gross Domestic Product: chained volume measures: Seasonally adjusted £m
1969-Q2,2016-08-25,5,165073,Gross Domestic Product: chained volume measures: Seasonally adjusted £m
1969-Q2,2017-11-23,10,169272,Gross Domestic Product: chained volume measures: Seasonally adjusted £m
1969-Q2,2018-08-09,13,171608,Gross Domestic Product: chained volume measures: Seasonally adjusted £m
1969-Q2,2019-11-11,19,173422,Gross Domestic Product: chained volume measures: Seasonally adjusted £m
1969-Q2,2020-11-12,23,180122,Gross Domestic Product: chained volume measures: Seasonally adjusted £m
1969-Q2,2021-11-11,27,189315,Gross Domestic Product: chained volume measures: Seasonally adjusted £m
1969-Q2,2022-11-15,31,199471,Gross Domestic Product: chained volume measures: Seasonally adjusted £m
1969-Q2,2023-11-10,35,188017,Gross Domestic Product: chained volume measures: Seasonally adjusted £m
1969-Q2,2024-11-15,39,208313,Gross Domestic Product: chained volume measures: Seasonally adjusted £m
1969-Q2,2025-11-13,43,224353,Gross Domestic Product: chained volume measures: Seasonally adjusted £m
1969-Q3,2015-05-27,1,158159,Gross Domestic Product: chained volume measures: Seasonally adjusted £m
1969-Q3,2015-05-27,2,160974,Gross Domestic Product: chained volume measures: Seasonally adjusted £m
1969-Q3,2016-08-25,5,166036,Gross Domestic Product: chained volume measures: Seasonally adjusted £m
1969-Q3,2017-11-23,10,170214,Gross Domestic Product: chained volume measures: Seasonally adjusted £m
1969-Q3,2018-08-09,13,172576,Gross Domestic Product: chained volume measures: Seasonally adjusted £m
1969-Q3,2019-11-11,19,174387,Gross Domestic Product: chained volume measures: Seasonally adjusted £m
1969-Q3,2020-11-12,23,181119,Gross Domestic Product: chained volume measures: Seasonally adjusted £m
1969-Q3,2021-11-11,27,190360,Gross Domestic Product: chained volume measures: Seasonally adjusted £m
1969-Q3,2022-11-15,31,200592,Gross Domestic Product: chained volume measures: Seasonally adjusted £m
1969-Q3,2023-11-10,35,189030,Gross Domestic Product: chained volume measures: Seasonally adjusted £m
1969-Q3,2024-11-15,39,209436,Gross Domestic Product: chained volume measures: Seasonally adjusted £m
1969-Q3,2025-11-13,43,225601,Gross Domestic Product: chained volume measures: Seasonally adjusted £m
1969-Q4,2015-05-27,1,158979,Gross Domestic Product: chained volume measures: Seasonally adjusted £m
1969-Q4,2015-05-27,2,161804,Gross Domestic Product: chained volume measures: Seasonally adjusted £m
1969-Q4,2016-08-25,5,166893,Gross Domestic Product: chained volume measures: Seasonally adjusted £m
1969-Q4,2017-11-23,10,171074,Gross Domestic Product: chained volume measures: Seasonally adjusted £m
1969-Q4,2018-08-09,13,173459,Gross Domestic Product: chained volume measures: Seasonally adjusted £m
1969-Q4,2019-11-11,19,175234,Gross Domestic Product: chained volume measures: Seasonally adjusted £m
1969-Q4,2020-11-12,23,181982,Gross Domestic Product: chained volume measures: Seasonally adjusted £m
1969-Q4,2021-11-11,27,191251,Gross Domestic Product: chained volume measures: Seasonally adjusted £m
1969-Q4,2022-11-15,31,201431,Gross Domestic Product: chained volume measures: Seasonally adjusted £m
1969-Q4,2023-11-10,35,189939,Gross Domestic Product: chained volume measures: Seasonally adjusted £m
1969-Q4,2024-11-15,39,210400,Gross Domestic Product: chained volume measures: Seasonally adjusted £m
1969-Q4,2025-11-13,43,226619,Gross Domestic Product: chained volume measures: Seasonally adjusted £m
1970-Q1,2015-05-27,1,157884,Gross Domestic Product: chained volume measures: Seasonally adjusted £m
1970-Q1,2015-05-27,2,160727,Gross Domestic Product: chained volume measures: Seasonally adjusted £m
1970-Q1,2016-08-25,5,165838,Gross Domestic Product: chained volume measures: Seasonally adjusted £m
1970-Q1,2017-11-23,10,170015,Gross Domestic Product: chained volume measures: Seasonally adjusted £m
1970-Q1,2018-08-09,13,172351,Gross Domestic Product: chained volume measures: Seasonally adjusted £m
1970-Q1,2019-11-11,19,174113,Gross Domestic Product: chained volume measures: Seasonally adjusted £m
1970-Q1,2020-11-12,23,180827,Gross Domestic Product: chained volume measures: Seasonally adjusted £m
1970-Q1,2021-11-11,27,190038,Gross Domestic Product: chained volume measures: Seasonally adjusted £m
1970-Q1,2022-11-15,31,200089,Gross Domestic Product: chained volume measures: Seasonally adjusted £m
1970-Q1,2023-11-10,35,188748,Gross Domestic Product: chained volume measures: Seasonally adjusted £m
1970-Q1,2024-11-15,39,209117,Gross Domestic Product: chained volume measures: Seasonally adjusted £m
1970-Q1,2025-11-13,43,225223,Gross Domestic Product: chained volume measures: Seasonally adjusted £m
1970-Q2,2015-05-27,1,161652,Gross Domestic Product: chained volume measures: Seasonally adjusted £m
1970-Q2,2015-05-27,2,164547,Gross Domestic Product: chained volume measures: Seasonally adjusted £m
1970-Q2,2016-08-25,5,169756,Gross Domestic Product: chained volume measures: Seasonally adjusted £m
1970-Q2,2017-11-23,10,173987,Gross Domestic Product: chained volume measures: Seasonally adjusted £m
1970-Q2,2018-08-09,13,176415,Gross Domestic Product: chained volume measures: Seasonally adjusted £m
1970-Q2,2019-11-11,19,178241,Gross Domestic Product: chained volume measures: Seasonally adjusted £m
1970-Q2,2020-11-12,23,185094,Gross Domestic Product: chained volume measures: Seasonally adjusted £m
1970-Q2,2021-11-11,27,194525,Gross Domestic Product: chained volume measures: Seasonally adjusted £m
1970-Q2,2022-11-15,31,205001,Gross Domestic Product: chained volume measures: Seasonally adjusted £m
1970-Q2,2023-11-10,35,193258,Gross Domestic Product: chained volume measures: Seasonally adjusted £m
1970-Q2,2024-11-15,39,214106,Gross Domestic Product: chained volume measures: Seasonally adjusted £m
1970-Q2,2025-11-13,43,230605,Gross Domestic Product: chained volume measures: Seasonally adjusted £m
1970-Q3,2015-05-27,1,163263,Gross Domestic Product: chained volume measures: Seasonally adjusted £m
1970-Q3,2015-05-27,2,166176,Gross Domestic Product: chained volume measures: Seasonally adjusted £m
1970-Q3,2016-08-25,5,171401,Gross Domestic Product: chained volume measures: Seasonally adjusted £m
1970-Q3,2017-11-23,10,175726,Gross Domestic Product: chained volume measures: Seasonally adjusted £m
1970-Q3,2018-08-09,13,178164,Gross Domestic Product: chained volume measures: Seasonally adjusted £m
1970-Q3,2019-11-11,19,180018,Gross Domestic Product: chained volume measures: Seasonally adjusted £m
1970-Q3,2020-11-12,23,186934,Gross Domestic Product: chained volume measures: Seasonally adjusted £m
1970-Q3,2021-11-11,27,196458,Gross Domestic Product: chained volume measures: Seasonally adjusted £m
1970-Q3,2022-11-15,31,206988,Gross Domestic Product: chained volume measures: Seasonally adjusted £m
1970-Q3,2023-11-10,35,195099,Gross Domestic Product: chained volume measures: Seasonally adjusted £m
1970-Q3,2024-11-15,39,216150,Gross Domestic Product: chained volume measures: Seasonally adjusted £m
1970-Q3,2025-11-13,43,232800,Gross Domestic Product: chained volume measures: Seasonally adjusted £m
1970-Q4,2015-05-27,1,164771,Gross Domestic Product: chained volume measures: Seasonally adjusted £m
1970-Q4,2015-05-27,2,167688,Gross Domestic Product: chained volume measures: Seasonally adjusted £m
1970-Q4,2016-08-25,5,172905,Gross Domestic Product: chained volume measures: Seasonally adjusted £m
1970-Q4,2017-11-23,10,177242,Gross Domestic Product: chained volume measures: Seasonally adjusted £m
1970-Q4,2018-08-09,13,179721,Gross Domestic Product: chained volume measures: Seasonally adjusted £m
1970-Q4,2019-11-11,19,181580,Gross Domestic Product: chained volume measures: Seasonally adjusted £m
1970-Q4,2020-11-12,23,188565,Gross Domestic Product: chained volume measures: Seasonally adjusted £m
1970-Q4,2021-11-11,27,198170,Gross Domestic Product: chained volume measures: Seasonally adjusted £m
1970-Q4,2022-11-15,31,208869,Gross Domestic Product: chained volume measures: Seasonally adjusted £m
1970-Q4,2023-11-10,35,196872,Gross Domestic Product: chained volume measures: Seasonally adjusted £m
1970-Q4,2024-11-15,39,218098,Gross Domestic Product: chained volume measures: Seasonally adjusted £m
1970-Q4,2025-11-13,43,234954,Gross Domestic Product: chained volume measures: Seasonally adjusted £m
1971-Q1,2015-05-27,1,163732,Gross Domestic Product: chained volume measures: Seasonally adjusted £m
1971-Q1,2015-05-27,2,166667,Gross Domestic Product: chained volume measures: Seasonally adjusted £m
1971-Q1,2016-08-25,5,171908,Gross Domestic Product: chained volume measures: Seasonally adjusted £m
1971-Q1,2017-11-23,10,176228,Gross Domestic Product: chained volume measures: Seasonally adjusted £m
1971-Q1,2018-08-09,13,178660,Gross Domestic Product: chained volume measures: Seasonally adjusted £m
1971-Q1,2019-11-11,19,180543,Gross Domestic Product: chained volume measures: Seasonally adjusted £m
1971-Q1,2020-11-12,23,187635,Gross Domestic Product: chained volume measures: Seasonally adjusted £m
1971-Q1,2021-11-11,27,197189,Gross Domestic Product: chained volume measures: Seasonally adjusted £m
1971-Q1,2022-11-15,31,207680,Gross Domestic Product: chained volume measures: Seasonally adjusted £m
1971-Q1,2023-11-10,35,195942,Gross Domestic Product: chained volume measures: Seasonally adjusted £m
1971-Q1,2024-11-15,39,217082,Gross Domestic Product: chained volume measures: Seasonally adjusted £m
1971-Q1,2025-11-13,43,233843,Gross Domestic Product: chained volume measures: Seasonally adjusted £m
1971-Q2,2015-05-27,1,166606,Gross Domestic Product: chained volume measures: Seasonally adjusted £m
1971-Q2,2015-05-27,2,169591,Gross Domestic Product: chained volume measures: Seasonally adjusted £m
1971-Q2,2016-08-25,5,174944,Gross Domestic Product: chained volume measures: Seasonally adjusted £m
1971-Q2,2017-11-23,10,179369,Gross Domestic Product: chained volume measures: Seasonally adjusted £m
1971-Q2,2018-08-09,13,181851,Gross Domestic Product: chained volume measures: Seasonally adjusted £m
1971-Q2,2019-11-11,19,183754,Gross Domestic Product: chained volume measures: Seasonally adjusted £m
1971-Q2,2020-11-12,23,190988,Gross Domestic Product: chained volume measures: Seasonally adjusted £m
1971-Q2,2021-11-11,27,200725,Gross Domestic Product: chained volume measures: Seasonally adjusted £m
1971-Q2,2022-11-15,31,211465,Gross Domestic Product: chained volume measures: Seasonally adjusted £m
1971-Q2,2023-11-10,35,199456,Gross Domestic Product: chained volume measures: Seasonally adjusted £m
1971-Q2,2024-11-15,39,220973,Gross Domestic Product: chained volume measures: Seasonally adjusted £m
1971-Q2,2025-11-13,43,238030,Gross Domestic Product: chained volume measures: Seasonally adjusted £m
1971-Q3,2015-05-27,1,169572,Gross Domestic Product: chained volume measures: Seasonally adjusted £m
1971-Q3,2015-05-27,2,172586,Gross Domestic Product: chained volume measures: Seasonally adjusted £m
1971-Q3,2016-08-25,5,178004,Gross Domestic Product: chained volume measures: Seasonally adjusted £m
1971-Q3,2017-11-23,10,182465,Gross Domestic Product: chained volume measures: Seasonally adjusted £m
1971-Q3,2018-08-09,13,185015,Gross Domestic Product: chained volume measures: Seasonally adjusted £m
1971-Q3,2019-11-11,19,186988,Gross Domestic Product: chained volume measures: Seasonally adjusted £m
1971-Q3,2020-11-12,23,194393,Gross Domestic Product: chained volume measures: Seasonally adjusted £m
1971-Q3,2021-11-11,27,204291,Gross Domestic Product: chained volume measures: Seasonally adjusted £m
1971-Q3,2022-11-15,31,215240,Gross Domestic Product: chained volume measures: Seasonally adjusted £m
1971-Q3,2023-11-10,35,202884,Gross Domestic Product: chained volume measures: Seasonally adjusted £m
1971-Q3,2024-11-15,39,224771,Gross Domestic Product: chained volume measures: Seasonally adjusted £m
1971-Q3,2025-11-13,43,242078,Gross Domestic Product: chained volume measures: Seasonally adjusted £m
1971-Q4,2015-05-27,1,170207,Gross Domestic Product: chained volume measures: Seasonally adjusted £m
1971-Q4,2015-05-27,2,173243,Gross Domestic Product: chained volume measures: Seasonally adjusted £m
1971-Q4,2016-08-25,5,178700,Gross Domestic Product: chained volume measures: Seasonally adjusted £m
1971-Q4,2017-11-23,10,183193,Gross Domestic Product: chained volume measures: Seasonally adjusted £m
1971-Q4,2018-08-09,13,185747,Gross Domestic Product: chained volume measures: Seasonally adjusted £m
1971-Q4,2019-11-11,19,187689,Gross Domestic Product: chained volume measures: Seasonally adjusted £m
1971-Q4,2020-11-12,23,195143,Gross Domestic Product: chained volume measures: Seasonally adjusted £m
1971-Q4,2021-11-11,27,205078,Gross Domestic Product: chained volume measures: Seasonally adjusted £m
1971-Q4,2022-11-15,31,216006,Gross Domestic Product: chained volume measures: Seasonally adjusted £m
1971-Q4,2023-11-10,35,203687,Gross Domestic Product: chained volume measures: Seasonally adjusted £m
1971-Q4,2024-11-15,39,225659,Gross Domestic Product: chained volume measures: Seasonally adjusted £m
1971-Q4,2025-11-13,43,243009,Gross Domestic Product: chained volume measures: Seasonally adjusted £m
1972-Q1,2015-05-27,1,170314,Gross Domestic Product: chained volume measures: Seasonally adjusted £m
1972-Q1,2015-05-27,2,173359,Gross Domestic Product: chained volume measures: Seasonally adjusted £m
1972-Q1,2016-08-25,5,178900,Gross Domestic Product: chained volume measures: Seasonally adjusted £m
1972-Q1,2017-11-23,10,183407,Gross Domestic Product: chained volume measures: Seasonally adjusted £m
1972-Q1,2018-08-09,13,185942,Gross Domestic Product: chained volume measures: Seasonally adjusted £m
1972-Q1,2019-11-11,19,187959,Gross Domestic Product: chained volume measures: Seasonally adjusted £m
1972-Q1,2020-11-12,23,195374,Gross Domestic Product: chained volume measures: Seasonally adjusted £m
1972-Q1,2021-11-11,27,205311,Gross Domestic Product: chained volume measures: Seasonally adjusted £m
1972-Q1,2022-11-15,31,216317,Gross Domestic Product: chained volume measures: Seasonally adjusted £m
1972-Q1,2023-11-10,35,204098,Gross Domestic Product: chained volume measures: Seasonally adjusted £m
1972-Q1,2024-11-15,39,226104,Gross Domestic Product: chained volume measures: Seasonally adjusted £m
1972-Q1,2025-11-13,43,243540,Gross Domestic Product: chained volume measures: Seasonally adjusted £m
1972-Q2,2015-05-27,1,174840,Gross Domestic Product: chained volume measures: Seasonally adjusted £m
1972-Q2,2015-05-27,2,177956,Gross Domestic Product: chained volume measures: Seasonally adjusted £m
1972-Q2,2016-08-25,5,183665,Gross Domestic Product: chained volume measures: Seasonally adjusted £m
1972-Q2,2017-11-23,10,188291,Gross Domestic Product: chained volume measures: Seasonally adjusted £m
1972-Q2,2018-08-09,13,190919,Gross Domestic Product: chained volume measures: Seasonally adjusted £m
1972-Q2,2019-11-11,19,192942,Gross Domestic Product: chained volume measures: Seasonally adjusted £m
1972-Q2,2020-11-12,23,200521,Gross Domestic Product: chained volume measures: Seasonally adjusted £m
1972-Q2,2021-11-11,27,210739,Gross Domestic Product: chained volume measures: Seasonally adjusted £m
1972-Q2,2022-11-15,31,222086,Gross Domestic Product: chained volume measures: Seasonally adjusted £m
1972-Q2,2023-11-10,35,209482,Gross Domestic Product: chained volume measures: Seasonally adjusted £m
1972-Q2,2024-11-15,39,232083,Gross Domestic Product: chained volume measures: Seasonally adjusted £m
1972-Q2,2025-11-13,43,249966,Gross Domestic Product: chained volume measures: Seasonally adjusted £m
1972-Q3,2015-05-27,1,175260,Gross Domestic Product: chained volume measures: Seasonally adjusted £m
1972-Q3,2015-05-27,2,178385,Gross Domestic Product: chained volume measures: Seasonally adjusted £m
1972-Q3,2016-08-25,5,184154,Gross Domestic Product: chained volume measures: Seasonally adjusted £m
1972-Q3,2017-11-23,10,188809,Gross Domestic Product: chained volume measures: Seasonally adjusted £m
1972-Q3,2018-08-09,13,191438,Gross Domestic Product: chained volume measures: Seasonally adjusted £m
1972-Q3,2019-11-11,19,193487,Gross Domestic Product: chained volume measures: Seasonally adjusted £m
1972-Q3,2020-11-12,23,201060,Gross Domestic Product: chained volume measures: Seasonally adjusted £m
1972-Q3,2021-11-11,27,211309,Gross Domestic Product: chained volume measures: Seasonally adjusted £m
1972-Q3,2022-11-15,31,222694,Gross Domestic Product: chained volume measures: Seasonally adjusted £m
1972-Q3,2023-11-10,35,210040,Gross Domestic Product: chained volume measures: Seasonally adjusted £m
1972-Q3,2024-11-15,39,232700,Gross Domestic Product: chained volume measures: Seasonally adjusted £m
1972-Q3,2025-11-13,43,250633,Gross Domestic Product: chained volume measures: Seasonally adjusted £m
1972-Q4,2015-05-27,1,178032,Gross Domestic Product: chained volume measures: Seasonally adjusted £m
1972-Q4,2015-05-27,2,181220,Gross Domestic Product: chained volume measures: Seasonally adjusted £m
1972-Q4,2016-08-25,5,187051,Gross Domestic Product: chained volume measures: Seasonally adjusted £m
1972-Q4,2017-11-23,10,191776,Gross Domestic Product: chained volume measures: Seasonally adjusted £m
1972-Q4,2018-08-09,13,194433,Gross Domestic Product: chained volume measures: Seasonally adjusted £m
1972-Q4,2019-11-11,19,196522,Gross Domestic Product: chained volume measures: Seasonally adjusted £m
1972-Q4,2020-11-12,23,204205,Gross Domestic Product: chained volume measures: Seasonally adjusted £m
1972-Q4,2021-11-11,27,214593,Gross Domestic Product: chained volume measures: Seasonally adjusted £m
1972-Q4,2022-11-15,31,226205,Gross Domestic Product: chained volume measures: Seasonally adjusted £m
1972-Q4,2023-11-10,35,213318,Gross Domestic Product: chained volume measures: Seasonally adjusted £m
1972-Q4,2024-11-15,39,236339,Gross Domestic Product: chained volume measures: Seasonally adjusted £m
1972-Q4,2025-11-13,43,254524,Gross Domestic Product: chained volume measures: Seasonally adjusted £m
1973-Q1,2015-05-27,1,186968,Gross Domestic Product: chained volume measures: Seasonally adjusted £m
1973-Q1,2015-05-27,2,190288,Gross Domestic Product: chained volume measures: Seasonally adjusted £m
1973-Q1,2016-08-25,5,196348,Gross Domestic Product: chained volume measures: Seasonally adjusted £m
1973-Q1,2017-11-23,10,201278,Gross Domestic Product: chained volume measures: Seasonally adjusted £m
1973-Q1,2018-08-09,13,204068,Gross Domestic Product: chained volume measures: Seasonally adjusted £m
1973-Q1,2019-11-11,19,206302,Gross Domestic Product: chained volume measures: Seasonally adjusted £m
1973-Q1,2020-11-12,23,214333,Gross Domestic Product: chained volume measures: Seasonally adjusted £m
1973-Q1,2021-11-11,27,225247,Gross Domestic Product: chained volume measures: Seasonally adjusted £m
1973-Q1,2022-11-15,31,237322,Gross Domestic Product: chained volume measures: Seasonally adjusted £m
1973-Q1,2023-11-10,35,223780,Gross Domestic Product: chained volume measures: Seasonally adjusted £m
1973-Q1,2024-11-15,39,247921,Gross Domestic Product: chained volume measures: Seasonally adjusted £m
1973-Q1,2025-11-13,43,267015,Gross Domestic Product: chained volume measures: Seasonally adjusted £m
1973-Q2,2015-05-27,1,187241,Gross Domestic Product: chained volume measures: Seasonally adjusted £m
1973-Q2,2015-05-27,2,190581,Gross Domestic Product: chained volume measures: Seasonally adjusted £m
1973-Q2,2016-08-25,5,196607,Gross Domestic Product: chained volume measures: Seasonally adjusted £m
1973-Q2,2017-11-23,10,201529,Gross Domestic Product: chained volume measures: Seasonally adjusted £m
1973-Q2,2018-08-09,13,204359,Gross Domestic Product: chained volume measures: Seasonally adjusted £m
1973-Q2,2019-11-11,19,206567,Gross Domestic Product: chained volume measures: Seasonally adjusted £m
1973-Q2,2020-11-12,23,214628,Gross Domestic Product: chained volume measures: Seasonally adjusted £m
1973-Q2,2021-11-11,27,225549,Gross Domestic Product: chained volume measures: Seasonally adjusted £m
1973-Q2,2022-11-15,31,237728,Gross Domestic Product: chained volume measures: Seasonally adjusted £m
1973-Q2,2023-11-10,35,224213,Gross Domestic Product: chained volume measures: Seasonally adjusted £m
1973-Q2,2024-11-15,39,248384,Gross Domestic Product: chained volume measures: Seasonally adjusted £m
1973-Q2,2025-11-13,43,267521,Gross Domestic Product: chained volume measures: Seasonally adjusted £m
1973-Q3,2015-05-27,1,185345,Gross Domestic Product: chained volume measures: Seasonally adjusted £m
1973-Q3,2015-05-27,2,188671,Gross Domestic Product: chained volume measures: Seasonally adjusted £m
1973-Q3,2016-08-25,5,194730,Gross Domestic Product: chained volume measures: Seasonally adjusted £m
1973-Q3,2017-11-23,10,199651,Gross Domestic Product: chained volume measures: Seasonally adjusted £m
1973-Q3,2018-08-09,13,202404,Gross Domestic Product: chained volume measures: Seasonally adjusted £m
1973-Q3,2019-11-11,19,204608,Gross Domestic Product: chained volume measures: Seasonally adjusted £m
1973-Q3,2020-11-12,23,212585,Gross Domestic Product: chained volume measures: Seasonally adjusted £m
1973-Q3,2021-11-11,27,223418,Gross Domestic Product: chained volume measures: Seasonally adjusted £m
1973-Q3,2022-11-15,31,235429,Gross Domestic Product: chained volume measures: Seasonally adjusted £m
1973-Q3,2023-11-10,35,222122,Gross Domestic Product: chained volume measures: Seasonally adjusted £m
1973-Q3,2024-11-15,39,246082,Gross Domestic Product: chained volume measures: Seasonally adjusted £m
1973-Q3,2025-11-13,43,265025,Gross Domestic Product: chained volume measures: Seasonally adjusted £m
1973-Q4,2015-05-27,1,184558,Gross Domestic Product: chained volume measures: Seasonally adjusted £m
1973-Q4,2015-05-27,2,187874,Gross Domestic Product: chained volume measures: Seasonally adjusted £m
1973-Q4,2016-08-25,5,193898,Gross Domestic Product: chained volume measures: Seasonally adjusted £m
1973-Q4,2017-11-23,10,198789,Gross Domestic Product: chained volume measures: Seasonally adjusted £m
1973-Q4,2018-08-09,13,201544,Gross Domestic Product: chained volume measures: Seasonally adjusted £m
1973-Q4,2019-11-11,19,203726,Gross Domestic Product: chained volume measures: Seasonally adjusted £m
1973-Q4,2020-11-12,23,211665,Gross Domestic Product: chained volume measures: Seasonally adjusted £m
1973-Q4,2021-11-11,27,222443,Gross Domestic Product: chained volume measures: Seasonally adjusted £m
1973-Q4,2022-11-15,31,234514,Gross Domestic Product: chained volume measures: Seasonally adjusted £m
1973-Q4,2023-11-10,35,221266,Gross Domestic Product: chained volume measures: Seasonally adjusted £m
1973-Q4,2024-11-15,39,245140,Gross Domestic Product: chained volume measures: Seasonally adjusted £m
1973-Q4,2025-11-13,43,263989,Gross Domestic Product: chained volume measures: Seasonally adjusted £m
1974-Q1,2015-05-27,1,179528,Gross Domestic Product: chained volume measures: Seasonally adjusted £m
1974-Q1,2015-05-27,2,182709,Gross Domestic Product: chained volume measures: Seasonally adjusted £m
1974-Q1,2016-08-25,5,188603,Gross Domestic Product: chained volume measures: Seasonally adjusted £m
1974-Q1,2017-11-23,10,193358,Gross Domestic Product: chained volume measures: Seasonally adjusted £m
1974-Q1,2018-08-09,13,196051,Gross Domestic Product: chained volume measures: Seasonally adjusted £m
1974-Q1,2019-11-11,19,198147,Gross Domestic Product: chained volume measures: Seasonally adjusted £m
1974-Q1,2020-11-12,23,205849,Gross Domestic Product: chained volume measures: Seasonally adjusted £m
1974-Q1,2021-11-11,27,216353,Gross Domestic Product: chained volume measures: Seasonally adjusted £m
1974-Q1,2022-11-15,31,228013,Gross Domestic Product: chained volume measures: Seasonally adjusted £m
1974-Q1,2023-11-10,35,215122,Gross Domestic Product: chained volume measures: Seasonally adjusted £m
1974-Q1,2024-11-15,39,238319,Gross Domestic Product: chained volume measures: Seasonally adjusted £m
1974-Q1,2025-11-13,43,256670,Gross Domestic Product: chained volume measures: Seasonally adjusted £m
1974-Q2,2015-05-27,1,182105,Gross Domestic Product: chained volume measures: Seasonally adjusted £m
1974-Q2,2015-05-27,2,185362,Gross Domestic Product: chained volume measures: Seasonally adjusted £m
1974-Q2,2016-08-25,5,191332,Gross Domestic Product: chained volume measures: Seasonally adjusted £m
1974-Q2,2017-11-23,10,196156,Gross Domestic Product: chained volume measures: Seasonally adjusted £m
1974-Q2,2018-08-09,13,198880,Gross Domestic Product: chained volume measures: Seasonally adjusted £m
1974-Q2,2019-11-11,19,200999,Gross Domestic Product: chained volume measures: Seasonally adjusted £m
1974-Q2,2020-11-12,23,208808,Gross Domestic Product: chained volume measures: Seasonally adjusted £m
1974-Q2,2021-11-11,27,219445,Gross Domestic Product: chained volume measures: Seasonally adjusted £m
1974-Q2,2022-11-15,31,231343,Gross Domestic Product: chained volume measures: Seasonally adjusted £m
1974-Q2,2023-11-10,35,218215,Gross Domestic Product: chained volume measures: Seasonally adjusted £m
1974-Q2,2024-11-15,39,241752,Gross Domestic Product: chained volume measures: Seasonally adjusted £m
1974-Q2,2025-11-13,43,260347,Gross Domestic Product: chained volume measures: Seasonally adjusted £m
1974-Q3,2015-05-27,1,183246,Gross Domestic Product: chained volume measures: Seasonally adjusted £m
1974-Q3,2015-05-27,2,186529,Gross Domestic Product: chained volume measures: Seasonally adjusted £m
1974-Q3,2016-08-25,5,192567,Gross Domestic Product: chained volume measures: Seasonally adjusted £m
1974-Q3,2017-11-23,10,197427,Gross Domestic Product: chained volume measures: Seasonally adjusted £m
1974-Q3,2018-08-09,13,200169,Gross Domestic Product: chained volume measures: Seasonally adjusted £m
1974-Q3,2019-11-11,19,202289,Gross Domestic Product: chained volume measures: Seasonally adjusted £m
1974-Q3,2020-11-12,23,210128,Gross Domestic Product: chained volume measures: Seasonally adjusted £m
1974-Q3,2021-11-11,27,220813,Gross Domestic Product: chained volume measures: Seasonally adjusted £m
1974-Q3,2022-11-15,31,232777,Gross Domestic Product: chained volume measures: Seasonally adjusted £m
1974-Q3,2023-11-10,35,219517,Gross Domestic Product: chained volume measures: Seasonally adjusted £m
1974-Q3,2024-11-15,39,243197,Gross Domestic Product: chained volume measures: Seasonally adjusted £m
1974-Q3,2025-11-13,43,261890,Gross Domestic Product: chained volume measures: Seasonally adjusted £m
1974-Q4,2015-05-27,1,180483,Gross Domestic Product: chained volume measures: Seasonally adjusted £m
1974-Q4,2015-05-27,2,183720,Gross Domestic Product: chained volume measures: Seasonally adjusted £m
1974-Q4,2016-08-25,5,189755,Gross Domestic Product: chained volume measures: Seasonally adjusted £m
1974-Q4,2017-11-23,10,194568,Gross Domestic Product: chained volume measures: Seasonally adjusted £m
1974-Q4,2018-08-09,13,197263,Gross Domestic Product: chained volume measures: Seasonally adjusted £m
1974-Q4,2019-11-11,19,199366,Gross Domestic Product: chained volume measures: Seasonally adjusted £m
1974-Q4,2020-11-12,23,207038,Gross Domestic Product: chained volume measures: Seasonally adjusted £m
1974-Q4,2021-11-11,27,217582,Gross Domestic Product: chained volume measures: Seasonally adjusted £m
1974-Q4,2022-11-15,31,229394,Gross Domestic Product: chained volume measures: Seasonally adjusted £m
1974-Q4,2023-11-10,35,216301,Gross Domestic Product: chained volume measures: Seasonally adjusted £m
1974-Q4,2024-11-15,39,239612,Gross Domestic Product: chained volume measures: Seasonally adjusted £m
1974-Q4,2025-11-13,43,258066,Gross Domestic Product: chained volume measures: Seasonally adjusted £m
1975-Q1,2015-05-27,1,180603,Gross Domestic Product: chained volume measures: Seasonally adjusted £m
1975-Q1,2015-05-27,2,183817,Gross Domestic Product: chained volume measures: Seasonally adjusted £m
1975-Q1,2016-08-25,5,189858,Gross Domestic Product: chained volume measures: Seasonally adjusted £m
1975-Q1,2017-11-23,10,194657,Gross Domestic Product: chained volume measures: Seasonally adjusted £m
1975-Q1,2018-08-09,13,197360,Gross Domestic Product: chained volume measures: Seasonally adjusted £m
1975-Q1,2019-11-11,19,199482,Gross Domestic Product: chained volume measures: Seasonally adjusted £m
1975-Q1,2020-11-12,23,207156,Gross Domestic Product: chained volume measures: Seasonally adjusted £m
1975-Q1,2021-11-11,27,217713,Gross Domestic Product: chained volume measures: Seasonally adjusted £m
1975-Q1,2022-11-15,31,229477,Gross Domestic Product: chained volume measures: Seasonally adjusted £m
1975-Q1,2023-11-10,35,216390,Gross Domestic Product: chained volume measures: Seasonally adjusted £m
1975-Q1,2024-11-15,39,239702,Gross Domestic Product: chained volume measures: Seasonally adjusted £m
1975-Q1,2025-11-13,43,258116,Gross Domestic Product: chained volume measures: Seasonally adjusted £m
1975-Q2,2015-05-27,1,177509,Gross Domestic Product: chained volume measures: Seasonally adjusted £m
1975-Q2,2015-05-27,2,180665,Gross Domestic Product: chained volume measures: Seasonally adjusted £m
1975-Q2,2016-08-25,5,186727,Gross Domestic Product: chained volume measures: Seasonally adjusted £m
1975-Q2,2017-11-23,10,191458,Gross Domestic Product: chained volume measures: Seasonally adjusted £m
1975-Q2,2018-08-09,13,194133,Gross Domestic Product: chained volume measures: Seasonally adjusted £m
1975-Q2,2019-11-11,19,196206,Gross Domestic Product: chained volume measures: Seasonally adjusted £m
1975-Q2,2020-11-12,23,203755,Gross Domestic Product: chained volume measures: Seasonally adjusted £m
1975-Q2,2021-11-11,27,214124,Gross Domestic Product: chained volume measures: Seasonally adjusted £m
1975-Q2,2022-11-15,31,225734,Gross Domestic Product: chained volume measures: Seasonally adjusted £m
1975-Q2,2023-11-10,35,212882,Gross Domestic Product: chained volume measures: Seasonally adjusted £m
1975-Q2,2024-11-15,39,235807,Gross Domestic Product: chained volume measures: Seasonally adjusted £m
1975-Q2,2025-11-13,43,253935,Gross Domestic Product: chained volume measures: Seasonally adjusted £m
1975-Q3,2015-05-27,1,176931,Gross Domestic Product: chained volume measures: Seasonally adjusted £m
1975-Q3,2015-05-27,2,180092,Gross Domestic Product: chained volume measures: Seasonally adjusted £m
1975-Q3,2016-08-25,5,186110,Gross Domestic Product: chained volume measures: Seasonally adjusted £m
1975-Q3,2017-11-23,10,190828,Gross Domestic Product: chained volume measures: Seasonally adjusted £m
1975-Q3,2018-08-09,13,193478,Gross Domestic Product: chained volume measures: Seasonally adjusted £m
1975-Q3,2019-11-11,19,195535,Gross Domestic Product: chained volume measures: Seasonally adjusted £m
1975-Q3,2020-11-12,23,203060,Gross Domestic Product: chained volume measures: Seasonally adjusted £m
1975-Q3,2021-11-11,27,213374,Gross Domestic Product: chained volume measures: Seasonally adjusted £m
1975-Q3,2022-11-15,31,224919,Gross Domestic Product: chained volume measures: Seasonally adjusted £m
1975-Q3,2023-11-10,35,212192,Gross Domestic Product: chained volume measures: Seasonally adjusted £m
1975-Q3,2024-11-15,39,235105,Gross Domestic Product: chained volume measures: Seasonally adjusted £m
1975-Q3,2025-11-13,43,253168,Gross Domestic Product: chained volume measures: Seasonally adjusted £m
1975-Q4,2015-05-27,1,179080,Gross Domestic Product: chained volume measures: Seasonally adjusted £m
1975-Q4,2015-05-27,2,182305,Gross Domestic Product: chained volume measures: Seasonally adjusted £m
1975-Q4,2016-08-25,5,188217,Gross Domestic Product: chained volume measures: Seasonally adjusted £m
1975-Q4,2017-11-23,10,193007,Gross Domestic Product: chained volume measures: Seasonally adjusted £m
1975-Q4,2018-08-09,13,195663,Gross Domestic Product: chained volume measures: Seasonally adjusted £m
1975-Q4,2019-11-11,19,197777,Gross Domestic Product: chained volume measures: Seasonally adjusted £m
1975-Q4,2020-11-12,23,205390,Gross Domestic Product: chained volume measures: Seasonally adjusted £m
1975-Q4,2021-11-11,27,215819,Gross Domestic Product: chained volume measures: Seasonally adjusted £m
1975-Q4,2022-11-15,31,227490,Gross Domestic Product: chained volume measures: Seasonally adjusted £m
1975-Q4,2023-11-10,35,214585,Gross Domestic Product: chained volume measures: Seasonally adjusted £m
1975-Q4,2024-11-15,39,237747,Gross Domestic Product: chained volume measures: Seasonally adjusted £m
1975-Q4,2025-11-13,43,255985,Gross Domestic Product: chained volume measures: Seasonally adjusted £m
1976-Q1,2015-05-27,1,182043,Gross Domestic Product: chained volume measures: Seasonally adjusted £m
1976-Q1,2015-05-27,2,185289,Gross Domestic Product: chained volume measures: Seasonally adjusted £m
1976-Q1,2016-08-25,5,191244,Gross Domestic Product: chained volume measures: Seasonally adjusted £m
1976-Q1,2017-11-23,10,196078,Gross Domestic Product: chained volume measures: Seasonally adjusted £m
1976-Q1,2018-08-09,13,198806,Gross Domestic Product: chained volume measures: Seasonally adjusted £m
1976-Q1,2019-11-11,19,200907,Gross Domestic Product: chained volume measures: Seasonally adjusted £m
1976-Q1,2020-11-12,23,208792,Gross Domestic Product: chained volume measures: Seasonally adjusted £m
1976-Q1,2021-11-11,27,219387,Gross Domestic Product: chained volume measures: Seasonally adjusted £m
1976-Q1,2022-11-15,31,231247,Gross Domestic Product: chained volume measures: Seasonally adjusted £m
1976-Q1,2023-11-10,35,218180,Gross Domestic Product: chained volume measures: Seasonally adjusted £m
1976-Q1,2024-11-15,39,241709,Gross Domestic Product: chained volume measures: Seasonally adjusted £m
1976-Q1,2025-11-13,43,260268,Gross Domestic Product: chained volume measures: Seasonally adjusted £m
1976-Q2,2015-05-27,1,181669,Gross Domestic Product: chained volume measures: Seasonally adjusted £m
1976-Q2,2015-05-27,2,184916,Gross Domestic Product: chained volume measures: Seasonally adjusted £m
1976-Q2,2016-08-25,5,190920,Gross Domestic Product: chained volume measures: Seasonally adjusted £m
1976-Q2,2017-11-23,10,195737,Gross Domestic Product: chained volume measures: Seasonally adjusted £m
1976-Q2,2018-08-09,13,198454,Gross Domestic Product: chained volume measures: Seasonally adjusted £m
1976-Q2,2019-11-11,19,200575,Gross Domestic Product: chained volume measures: Seasonally adjusted £m
1976-Q2,2020-11-12,23,208498,Gross Domestic Product: chained volume measures: Seasonally adjusted £m
1976-Q2,2021-11-11,27,219103,Gross Domestic Product: chained volume measures: Seasonally adjusted £m
1976-Q2,2022-11-15,31,230985,Gross Domestic Product: chained volume measures: Seasonally adjusted £m
1976-Q2,2023-11-10,35,217883,Gross Domestic Product: chained volume measures: Seasonally adjusted £m
1976-Q2,2024-11-15,39,241380,Gross Domestic Product: chained volume measures: Seasonally adjusted £m
1976-Q2,2025-11-13,43,259911,Gross Domestic Product: chained volume measures: Seasonally adjusted £m
1976-Q3,2015-05-27,1,184000,Gross Domestic Product: chained volume measures: Seasonally adjusted £m
1976-Q3,2015-05-27,2,187293,Gross Domestic Product: chained volume measures: Seasonally adjusted £m
1976-Q3,2016-08-25,5,193296,Gross Domestic Product: chained volume measures: Seasonally adjusted £m
1976-Q3,2017-11-23,10,198180,Gross Domestic Product: chained volume measures: Seasonally adjusted £m
1976-Q3,2018-08-09,13,200923,Gross Domestic Product: chained volume measures: Seasonally adjusted £m
1976-Q3,2019-11-11,19,203086,Gross Domestic Product: chained volume measures: Seasonally adjusted £m
1976-Q3,2020-11-12,23,211146,Gross Domestic Product: chained volume measures: Seasonally adjusted £m
1976-Q3,2021-11-11,27,221890,Gross Domestic Product: chained volume measures: Seasonally adjusted £m
1976-Q3,2022-11-15,31,233947,Gross Domestic Product: chained volume measures: Seasonally adjusted £m
1976-Q3,2023-11-10,35,220587,Gross Domestic Product: chained volume measures: Seasonally adjusted £m
1976-Q3,2024-11-15,39,244367,Gross Domestic Product: chained volume measures: Seasonally adjusted £m
1976-Q3,2025-11-13,43,263132,Gross Domestic Product: chained volume measures: Seasonally adjusted £m
1976-Q4,2015-05-27,1,188037,Gross Domestic Product: chained volume measures: Seasonally adjusted £m
1976-Q4,2015-05-27,2,191393,Gross Domestic Product: chained volume measures: Seasonally adjusted £m
1976-Q4,2016-08-25,5,197392,Gross Domestic Product: chained volume measures: Seasonally adjusted £m
1976-Q4,2017-11-23,10,202361,Gross Domestic Product: chained volume measures: Seasonally adjusted £m
1976-Q4,2018-08-09,13,205162,Gross Domestic Product: chained volume measures: Seasonally adjusted £m
1976-Q4,2019-11-11,19,207394,Gross Domestic Product: chained volume measures: Seasonally adjusted £m
1976-Q4,2020-11-12,23,215617,Gross Domestic Product: chained volume measures: Seasonally adjusted £m
1976-Q4,2021-11-11,27,226590,Gross Domestic Product: chained volume measures: Seasonally adjusted £m
1976-Q4,2022-11-15,31,238928,Gross Domestic Product: chained volume measures: Seasonally adjusted £m
1976-Q4,2023-11-10,35,225228,Gross Domestic Product: chained volume measures: Seasonally adjusted £m
1976-Q4,2024-11-15,39,249511,Gross Domestic Product: chained volume measures: Seasonally adjusted £m
1976-Q4,2025-11-13,43,268662,Gross Domestic Product: chained volume measures: Seasonally adjusted £m
1977-Q1,2015-05-27,1,188138,Gross Domestic Product: chained volume measures: Seasonally adjusted £m
1977-Q1,2015-05-27,2,191517,Gross Domestic Product: chained volume measures: Seasonally adjusted £m
1977-Q1,2016-08-25,5,197523,Gross Domestic Product: chained volume measures: Seasonally adjusted £m
1977-Q1,2017-11-23,10,202475,Gross Domestic Product: chained volume measures: Seasonally adjusted £m
1977-Q1,2018-08-09,13,205264,Gross Domestic Product: chained volume measures: Seasonally adjusted £m
1977-Q1,2019-11-11,19,207453,Gross Domestic Product: chained volume measures: Seasonally adjusted £m
1977-Q1,2020-11-12,23,215667,Gross Domestic Product: chained volume measures: Seasonally adjusted £m
1977-Q1,2021-11-11,27,226632,Gross Domestic Product: chained volume measures: Seasonally adjusted £m
1977-Q1,2022-11-15,31,238831,Gross Domestic Product: chained volume measures: Seasonally adjusted £m
1977-Q1,2023-11-10,35,225362,Gross Domestic Product: chained volume measures: Seasonally adjusted £m
1977-Q1,2024-11-15,39,249671,Gross Domestic Product: chained volume measures: Seasonally adjusted £m
1977-Q1,2025-11-13,43,268833,Gross Domestic Product: chained volume measures: Seasonally adjusted £m
1977-Q2,2015-05-27,1,186977,Gross Domestic Product: chained volume measures: Seasonally adjusted £m
1977-Q2,2015-05-27,2,190319,Gross Domestic Product: chained volume measures: Seasonally adjusted £m
1977-Q2,2016-08-25,5,196076,Gross Domestic Product: chained volume measures: Seasonally adjusted £m
1977-Q2,2017-11-23,10,200982,Gross Domestic Product: chained volume measures: Seasonally adjusted £m
1977-Q2,2018-08-09,13,203775,Gross Domestic Product: chained volume measures: Seasonally adjusted £m
1977-Q2,2019-11-11,19,206012,Gross Domestic Product: chained volume measures: Seasonally adjusted £m
1977-Q2,2020-11-12,23,214117,Gross Domestic Product: chained volume measures: Seasonally adjusted £m
1977-Q2,2021-11-11,27,225007,Gross Domestic Product: chained volume measures: Seasonally adjusted £m
1977-Q2,2022-11-15,31,237076,Gross Domestic Product: chained volume measures: Seasonally adjusted £m
1977-Q2,2023-11-10,35,223815,Gross Domestic Product: chained volume measures: Seasonally adjusted £m
1977-Q2,2024-11-15,39,247936,Gross Domestic Product: chained volume measures: Seasonally adjusted £m
1977-Q2,2025-11-13,43,266987,Gross Domestic Product: chained volume measures: Seasonally adjusted £m
1977-Q3,2015-05-27,1,188264,Gross Domestic Product: chained volume measures: Seasonally adjusted £m
1977-Q3,2015-05-27,2,191630,Gross Domestic Product: chained volume measures: Seasonally adjusted £m
1977-Q3,2016-08-25,5,197433,Gross Domestic Product: chained volume measures: Seasonally adjusted £m
1977-Q3,2017-11-23,10,202386,Gross Domestic Product: chained volume measures: Seasonally adjusted £m
1977-Q3,2018-08-09,13,205187,Gross Domestic Product: chained volume measures: Seasonally adjusted £m
1977-Q3,2019-11-11,19,207447,Gross Domestic Product: chained volume measures: Seasonally adjusted £m
1977-Q3,2020-11-12,23,215574,Gross Domestic Product: chained volume measures: Seasonally adjusted £m
1977-Q3,2021-11-11,27,226539,Gross Domestic Product: chained volume measures: Seasonally adjusted £m
1977-Q3,2022-11-15,31,238720,Gross Domestic Product: chained volume measures: Seasonally adjusted £m
1977-Q3,2023-11-10,35,225295,Gross Domestic Product: chained volume measures: Seasonally adjusted £m
1977-Q3,2024-11-15,39,249578,Gross Domestic Product: chained volume measures: Seasonally adjusted £m
1977-Q3,2025-11-13,43,268717,Gross Domestic Product: chained volume measures: Seasonally adjusted £m
1977-Q4,2015-05-27,1,191472,Gross Domestic Product: chained volume measures: Seasonally adjusted £m
1977-Q4,2015-05-27,2,194874,Gross Domestic Product: chained volume measures: Seasonally adjusted £m
1977-Q4,2016-08-25,5,200857,Gross Domestic Product: chained volume measures: Seasonally adjusted £m
1977-Q4,2017-11-23,10,205871,Gross Domestic Product: chained volume measures: Seasonally adjusted £m
1977-Q4,2018-08-09,13,208744,Gross Domestic Product: chained volume measures: Seasonally adjusted £m
1977-Q4,2019-11-11,19,211006,Gross Domestic Product: chained volume measures: Seasonally adjusted £m
1977-Q4,2020-11-12,23,219248,Gross Domestic Product: chained volume measures: Seasonally adjusted £m
1977-Q4,2021-11-11,27,230398,Gross Domestic Product: chained volume measures: Seasonally adjusted £m
1977-Q4,2022-11-15,31,242807,Gross Domestic Product: chained volume measures: Seasonally adjusted £m
1977-Q4,2023-11-10,35,229115,Gross Domestic Product: chained volume measures: Seasonally adjusted £m
1977-Q4,2024-11-15,39,253819,Gross Domestic Product: chained volume measures: Seasonally adjusted £m
1977-Q4,2025-11-13,43,273279,Gross Domestic Product: chained volume measures: Seasonally adjusted £m
1978-Q1,2015-05-27,1,192949,Gross Domestic Product: chained volume measures: Seasonally adjusted £m
1978-Q1,2015-05-27,2,196392,Gross Domestic Product: chained volume measures: Seasonally adjusted £m
1978-Q1,2016-08-25,5,202577,Gross Domestic Product: chained volume measures: Seasonally adjusted £m
1978-Q1,2017-11-23,10,207654,Gross Domestic Product: chained volume measures: Seasonally adjusted £m
1978-Q1,2018-08-09,13,210545,Gross Domestic Product: chained volume measures: Seasonally adjusted £m
1978-Q1,2019-11-11,19,212888,Gross Domestic Product: chained volume measures: Seasonally adjusted £m
1978-Q1,2020-11-12,23,221203,Gross Domestic Product: chained volume measures: Seasonally adjusted £m
1978-Q1,2021-11-11,27,232433,Gross Domestic Product: chained volume measures: Seasonally adjusted £m
1978-Q1,2022-11-15,31,244622,Gross Domestic Product: chained volume measures: Seasonally adjusted £m
1978-Q1,2023-11-10,35,231258,Gross Domestic Product: chained volume measures: Seasonally adjusted £m
1978-Q1,2024-11-15,39,256193,Gross Domestic Product: chained volume measures: Seasonally adjusted £m
1978-Q1,2025-11-13,43,275841,Gross Domestic Product: chained volume measures: Seasonally adjusted £m
1978-Q2,2015-05-27,1,195341,Gross Domestic Product: chained volume measures: Seasonally adjusted £m
1978-Q2,2015-05-27,2,198832,Gross Domestic Product: chained volume measures: Seasonally adjusted £m
1978-Q2,2016-08-25,5,205036,Gross Domestic Product: chained volume measures: Seasonally adjusted £m
1978-Q2,2017-11-23,10,210180,Gross Domestic Product: chained volume measures: Seasonally adjusted £m
1978-Q2,2018-08-09,13,213091,Gross Domestic Product: chained volume measures: Seasonally adjusted £m
1978-Q2,2019-11-11,19,215368,Gross Domestic Product: chained volume measures: Seasonally adjusted £m
1978-Q2,2020-11-12,23,223770,Gross Domestic Product: chained volume measures: Seasonally adjusted £m
1978-Q2,2021-11-11,27,235149,Gross Domestic Product: chained volume measures: Seasonally adjusted £m
1978-Q2,2022-11-15,31,247510,Gross Domestic Product: chained volume measures: Seasonally adjusted £m
1978-Q2,2023-11-10,35,233910,Gross Domestic Product: chained volume measures: Seasonally adjusted £m
1978-Q2,2024-11-15,39,259127,Gross Domestic Product: chained volume measures: Seasonally adjusted £m
1978-Q2,2025-11-13,43,279001,Gross Domestic Product: chained volume measures: Seasonally adjusted £m
1978-Q3,2015-05-27,1,197898,Gross Domestic Product: chained volume measures: Seasonally adjusted £m
1978-Q3,2015-05-27,2,201435,Gross Domestic Product: chained volume measures: Seasonally adjusted £m
1978-Q3,2016-08-25,5,207797,Gross Domestic Product: chained volume measures: Seasonally adjusted £m
1978-Q3,2017-11-23,10,213020,Gross Domestic Product: chained volume measures: Seasonally adjusted £m
1978-Q3,2018-08-09,13,215974,Gross Domestic Product: chained volume measures: Seasonally adjusted £m
1978-Q3,2019-11-11,19,218329,Gross Domestic Product: chained volume measures: Seasonally adjusted £m
1978-Q3,2020-11-12,23,226852,Gross Domestic Product: chained volume measures: Seasonally adjusted £m
1978-Q3,2021-11-11,27,238389,Gross Domestic Product: chained volume measures: Seasonally adjusted £m
1978-Q3,2022-11-15,31,250901,Gross Domestic Product: chained volume measures: Seasonally adjusted £m
1978-Q3,2023-11-10,35,237107,Gross Domestic Product: chained volume measures: Seasonally adjusted £m
1978-Q3,2024-11-15,39,262661,Gross Domestic Product: chained volume measures: Seasonally adjusted £m
1978-Q3,2025-11-13,43,282797,Gross Domestic Product: chained volume measures: Seasonally adjusted £m
1978-Q4,2015-05-27,1,199843,Gross Domestic Product: chained volume measures: Seasonally adjusted £m
1978-Q4,2015-05-27,2,203413,Gross Domestic Product: chained volume measures: Seasonally adjusted £m
1978-Q4,2016-08-25,5,209701,Gross Domestic Product: chained volume measures: Seasonally adjusted £m
1978-Q4,2017-11-23,10,214967,Gross Domestic Product: chained volume measures: Seasonally adjusted £m
1978-Q4,2018-08-09,13,217943,Gross Domestic Product: chained volume measures: Seasonally adjusted £m
1978-Q4,2019-11-11,19,220309,Gross Domestic Product: chained volume measures: Seasonally adjusted £m
1978-Q4,2020-11-12,23,228903,Gross Domestic Product: chained volume measures: Seasonally adjusted £m
1978-Q4,2021-11-11,27,240544,Gross Domestic Product: chained volume measures: Seasonally adjusted £m
1978-Q4,2022-11-15,31,253135,Gross Domestic Product: chained volume measures: Seasonally adjusted £m
1978-Q4,2023-11-10,35,239186,Gross Domestic Product: chained volume measures: Seasonally adjusted £m
1978-Q4,2024-11-15,39,264972,Gross Domestic Product: chained volume measures: Seasonally adjusted £m
1978-Q4,2025-11-13,43,285314,Gross Domestic Product: chained volume measures: Seasonally adjusted £m
1979-Q1,2015-05-27,1,198861,Gross Domestic Product: chained volume measures: Seasonally adjusted £m
1979-Q1,2015-05-27,2,202427,Gross Domestic Product: chained volume measures: Seasonally adjusted £m
1979-Q1,2016-08-25,5,208860,Gross Domestic Product: chained volume measures: Seasonally adjusted £m
1979-Q1,2017-11-23,10,214129,Gross Domestic Product: chained volume measures: Seasonally adjusted £m
1979-Q1,2018-08-09,13,217088,Gross Domestic Product: chained volume measures: Seasonally adjusted £m
1979-Q1,2019-11-11,19,219527,Gross Domestic Product: chained volume measures: Seasonally adjusted £m
1979-Q1,2020-11-12,23,228088,Gross Domestic Product: chained volume measures: Seasonally adjusted £m
1979-Q1,2021-11-11,27,239688,Gross Domestic Product: chained volume measures: Seasonally adjusted £m
1979-Q1,2022-11-15,31,251825,Gross Domestic Product: chained volume measures: Seasonally adjusted £m
1979-Q1,2023-11-10,35,238472,Gross Domestic Product: chained volume measures: Seasonally adjusted £m
1979-Q1,2024-11-15,39,264185,Gross Domestic Product: chained volume measures: Seasonally adjusted £m
1979-Q1,2025-11-13,43,284457,Gross Domestic Product: chained volume measures: Seasonally adjusted £m
1979-Q2,2015-05-27,1,207589,Gross Domestic Product: chained volume measures: Seasonally adjusted £m
1979-Q2,2015-05-27,2,211307,Gross Domestic Product: chained volume measures: Seasonally adjusted £m
1979-Q2,2016-08-25,5,218120,Gross Domestic Product: chained volume measures: Seasonally adjusted £m
1979-Q2,2017-11-23,10,223624,Gross Domestic Product: chained volume measures: Seasonally adjusted £m
1979-Q2,2018-08-09,13,226712,Gross Domestic Product: chained volume measures: Seasonally adjusted £m
1979-Q2,2019-11-11,19,229224,Gross Domestic Product: chained volume measures: Seasonally adjusted £m
1979-Q2,2020-11-12,23,238126,Gross Domestic Product: chained volume measures: Seasonally adjusted £m
1979-Q2,2021-11-11,27,250229,Gross Domestic Product: chained volume measures: Seasonally adjusted £m
1979-Q2,2022-11-15,31,262981,Gross Domestic Product: chained volume measures: Seasonally adjusted £m
1979-Q2,2023-11-10,35,248867,Gross Domestic Product: chained volume measures: Seasonally adjusted £m
1979-Q2,2024-11-15,39,275695,Gross Domestic Product: chained volume measures: Seasonally adjusted £m
1979-Q2,2025-11-13,43,296841,Gross Domestic Product: chained volume measures: Seasonally adjusted £m
1979-Q3,2015-05-27,1,203180,Gross Domestic Product: chained volume measures: Seasonally adjusted £m
1979-Q3,2015-05-27,2,206802,Gross Domestic Product: chained volume measures: Seasonally adjusted £m
1979-Q3,2016-08-25,5,213354,Gross Domestic Product: chained volume measures: Seasonally adjusted £m
1979-Q3,2017-11-23,10,218709,Gross Domestic Product: chained volume measures: Seasonally adjusted £m
1979-Q3,2018-08-09,13,221756,Gross Domestic Product: chained volume measures: Seasonally adjusted £m
1979-Q3,2019-11-11,19,224136,Gross Domestic Product: chained volume measures: Seasonally adjusted £m
1979-Q3,2020-11-12,23,232811,Gross Domestic Product: chained volume measures: Seasonally adjusted £m
1979-Q3,2021-11-11,27,244642,Gross Domestic Product: chained volume measures: Seasonally adjusted £m
1979-Q3,2022-11-15,31,257095,Gross Domestic Product: chained volume measures: Seasonally adjusted £m
1979-Q3,2023-11-10,35,243369,Gross Domestic Product: chained volume measures: Seasonally adjusted £m
1979-Q3,2024-11-15,39,269599,Gross Domestic Product: chained volume measures: Seasonally adjusted £m
1979-Q3,2025-11-13,43,290297,Gross Domestic Product: chained volume measures: Seasonally adjusted £m
1979-Q4,2015-05-27,1,205300,Gross Domestic Product: chained volume measures: Seasonally adjusted £m
1979-Q4,2015-05-27,2,208948,Gross Domestic Product: chained volume measures: Seasonally adjusted £m
1979-Q4,2016-08-25,5,215599,Gross Domestic Product: chained volume measures: Seasonally adjusted £m
1979-Q4,2017-11-23,10,221005,Gross Domestic Product: chained volume measures: Seasonally adjusted £m
1979-Q4,2018-08-09,13,224084,Gross Domestic Product: chained volume measures: Seasonally adjusted £m
1979-Q4,2019-11-11,19,226507,Gross Domestic Product: chained volume measures: Seasonally adjusted £m
1979-Q4,2020-11-12,23,235228,Gross Domestic Product: chained volume measures: Seasonally adjusted £m
1979-Q4,2021-11-11,27,247184,Gross Domestic Product: chained volume measures: Seasonally adjusted £m
1979-Q4,2022-11-15,31,259744,Gross Domestic Product: chained volume measures: Seasonally adjusted £m
1979-Q4,2023-11-10,35,245858,Gross Domestic Product: chained volume measures: Seasonally adjusted £m
1979-Q4,2024-11-15,39,272359,Gross Domestic Product: chained volume measures: Seasonally adjusted £m
1979-Q4,2025-11-13,43,293265,Gross Domestic Product: chained volume measures: Seasonally adjusted £m
1980-Q1,2015-05-27,1,203035,Gross Domestic Product: chained volume measures: Seasonally adjusted £m
1980-Q1,2015-05-27,2,206620,Gross Domestic Product: chained volume measures: Seasonally adjusted £m
1980-Q1,2016-08-25,5,213480,Gross Domestic Product: chained volume measures: Seasonally adjusted £m
1980-Q1,2017-11-23,10,218845,Gross Domestic Product: chained volume measures: Seasonally adjusted £m
1980-Q1,2018-08-09,13,221906,Gross Domestic Product: chained volume measures: Seasonally adjusted £m
1980-Q1,2019-11-11,19,224357,Gross Domestic Product: chained volume measures: Seasonally adjusted £m
1980-Q1,2020-11-12,23,232982,Gross Domestic Product: chained volume measures: Seasonally adjusted £m
1980-Q1,2021-11-11,27,244829,Gross Domestic Product: chained volume measures: Seasonally adjusted £m
1980-Q1,2022-11-15,31,256815,Gross Domestic Product: chained volume measures: Seasonally adjusted £m
1980-Q1,2023-11-10,35,243513,Gross Domestic Product: chained volume measures: Seasonally adjusted £m
1980-Q1,2024-11-15,39,269776,Gross Domestic Product: chained volume measures: Seasonally adjusted £m
1980-Q1,2025-11-13,43,290378,Gross Domestic Product: chained volume measures: Seasonally adjusted £m
1980-Q2,2015-05-27,1,199067,Gross Domestic Product: chained volume measures: Seasonally adjusted £m
1980-Q2,2015-05-27,2,202618,Gross Domestic Product: chained volume measures: Seasonally adjusted £m
1980-Q2,2016-08-25,5,209258,Gross Domestic Product: chained volume measures: Seasonally adjusted £m
1980-Q2,2017-11-23,10,214529,Gross Domestic Product: chained volume measures: Seasonally adjusted £m
1980-Q2,2018-08-09,13,217513,Gross Domestic Product: chained volume measures: Seasonally adjusted £m
1980-Q2,2019-11-11,19,219869,Gross Domestic Product: chained volume measures: Seasonally adjusted £m
1980-Q2,2020-11-12,23,228337,Gross Domestic Product: chained volume measures: Seasonally adjusted £m
1980-Q2,2021-11-11,27,239940,Gross Domestic Product: chained volume measures: Seasonally adjusted £m
1980-Q2,2022-11-15,31,251750,Gross Domestic Product: chained volume measures: Seasonally adjusted £m
1980-Q2,2023-11-10,35,238722,Gross Domestic Product: chained volume measures: Seasonally adjusted £m
1980-Q2,2024-11-15,39,264448,Gross Domestic Product: chained volume measures: Seasonally adjusted £m
1980-Q2,2025-11-13,43,284713,Gross Domestic Product: chained volume measures: Seasonally adjusted £m
1980-Q3,2015-05-27,1,198586,Gross Domestic Product: chained volume measures: Seasonally adjusted £m
1980-Q3,2015-05-27,2,202148,Gross Domestic Product: chained volume measures: Seasonally adjusted £m
1980-Q3,2016-08-25,5,208968,Gross Domestic Product: chained volume measures: Seasonally adjusted £m
1980-Q3,2017-11-23,10,214280,Gross Domestic Product: chained volume measures: Seasonally adjusted £m
1980-Q3,2018-08-09,13,217243,Gross Domestic Product: chained volume measures: Seasonally adjusted £m
1980-Q3,2019-11-11,19,219652,Gross Domestic Product: chained volume measures: Seasonally adjusted £m
1980-Q3,2020-11-12,23,228108,Gross Domestic Product: chained volume measures: Seasonally adjusted £m
1980-Q3,2021-11-11,27,239690,Gross Domestic Product: chained volume measures: Seasonally adjusted £m
1980-Q3,2022-11-15,31,251454,Gross Domestic Product: chained volume measures: Seasonally adjusted £m
1980-Q3,2023-11-10,35,238432,Gross Domestic Product: chained volume measures: Seasonally adjusted £m
1980-Q3,2024-11-15,39,264139,Gross Domestic Product: chained volume measures: Seasonally adjusted £m
1980-Q3,2025-11-13,43,284402,Gross Domestic Product: chained volume measures: Seasonally adjusted £m
1980-Q4,2015-05-27,1,196563,Gross Domestic Product: chained volume measures: Seasonally adjusted £m
1980-Q4,2015-05-27,2,200104,Gross Domestic Product: chained volume measures: Seasonally adjusted £m
1980-Q4,2016-08-25,5,206756,Gross Domestic Product: chained volume measures: Seasonally adjusted £m
1980-Q4,2017-11-23,10,212020,Gross Domestic Product: chained volume measures: Seasonally adjusted £m
1980-Q4,2018-08-09,13,214936,Gross Domestic Product: chained volume measures: Seasonally adjusted £m
1980-Q4,2019-11-11,19,217246,Gross Domestic Product: chained volume measures: Seasonally adjusted £m
1980-Q4,2020-11-12,23,225615,Gross Domestic Product: chained volume measures: Seasonally adjusted £m
1980-Q4,2021-11-11,27,237071,Gross Domestic Product: chained volume measures: Seasonally adjusted £m
1980-Q4,2022-11-15,31,248574,Gross Domestic Product: chained volume measures: Seasonally adjusted £m
1980-Q4,2023-11-10,35,235866,Gross Domestic Product: chained volume measures: Seasonally adjusted £m
1980-Q4,2024-11-15,39,261297,Gross Domestic Product: chained volume measures: Seasonally adjusted £m
1980-Q4,2025-11-13,43,281496,Gross Domestic Product: chained volume measures: Seasonally adjusted £m
1981-Q1,2015-05-27,1,196026,Gross Domestic Product: chained volume measures: Seasonally adjusted £m
1981-Q1,2015-05-27,2,199542,Gross Domestic Product: chained volume measures: Seasonally adjusted £m
1981-Q1,2016-08-25,5,206419,Gross Domestic Product: chained volume measures: Seasonally adjusted £m
1981-Q1,2017-11-23,10,211669,Gross Domestic Product: chained volume measures: Seasonally adjusted £m
1981-Q1,2018-08-09,13,214596,Gross Domestic Product: chained volume measures: Seasonally adjusted £m
1981-Q1,2019-11-11,19,216973,Gross Domestic Product: chained volume measures: Seasonally adjusted £m
1981-Q1,2020-11-12,23,225484,Gross Domestic Product: chained volume measures: Seasonally adjusted £m
1981-Q1,2021-11-11,27,236943,Gross Domestic Product: chained volume measures: Seasonally adjusted £m
1981-Q1,2022-11-15,31,248097,Gross Domestic Product: chained volume measures: Seasonally adjusted £m
1981-Q1,2023-11-10,35,235712,Gross Domestic Product: chained volume measures: Seasonally adjusted £m
1981-Q1,2024-11-15,39,261131,Gross Domestic Product: chained volume measures: Seasonally adjusted £m
1981-Q1,2025-11-13,43,281257,Gross Domestic Product: chained volume measures: Seasonally adjusted £m
1981-Q2,2015-05-27,1,196559,Gross Domestic Product: chained volume measures: Seasonally adjusted £m
1981-Q2,2015-05-27,2,200070,Gross Domestic Product: chained volume measures: Seasonally adjusted £m
1981-Q2,2016-08-25,5,206920,Gross Domestic Product: chained volume measures: Seasonally adjusted £m
1981-Q2,2017-11-23,10,212172,Gross Domestic Product: chained volume measures: Seasonally adjusted £m
1981-Q2,2018-08-09,13,215117,Gross Domestic Product: chained volume measures: Seasonally adjusted £m
1981-Q2,2019-11-11,19,217417,Gross Domestic Product: chained volume measures: Seasonally adjusted £m
1981-Q2,2020-11-12,23,226006,Gross Domestic Product: chained volume measures: Seasonally adjusted £m
1981-Q2,2021-11-11,27,237479,Gross Domestic Product: chained volume measures: Seasonally adjusted £m
1981-Q2,2022-11-15,31,248514,Gross Domestic Product: chained volume measures: Seasonally adjusted £m
1981-Q2,2023-11-10,35,236272,Gross Domestic Product: chained volume measures: Seasonally adjusted £m
1981-Q2,2024-11-15,39,261739,Gross Domestic Product: chained volume measures: Seasonally adjusted £m
1981-Q2,2025-11-13,43,282155,Gross Domestic Product: chained volume measures: Seasonally adjusted £m
1981-Q3,2015-05-27,1,198842,Gross Domestic Product: chained volume measures: Seasonally adjusted £m
1981-Q3,2015-05-27,2,202384,Gross Domestic Product: chained volume measures: Seasonally adjusted £m
1981-Q3,2016-08-25,5,209178,Gross Domestic Product: chained volume measures: Seasonally adjusted £m
1981-Q3,2017-11-23,10,214478,Gross Domestic Product: chained volume measures: Seasonally adjusted £m
1981-Q3,2018-08-09,13,217457,Gross Domestic Product: chained volume measures: Seasonally adjusted £m
1981-Q3,2019-11-11,19,219759,Gross Domestic Product: chained volume measures: Seasonally adjusted £m
1981-Q3,2020-11-12,23,228469,Gross Domestic Product: chained volume measures: Seasonally adjusted £m
1981-Q3,2021-11-11,27,240075,Gross Domestic Product: chained volume measures: Seasonally adjusted £m
1981-Q3,2022-11-15,31,251197,Gross Domestic Product: chained volume measures: Seasonally adjusted £m
1981-Q3,2023-11-10,35,238846,Gross Domestic Product: chained volume measures: Seasonally adjusted £m
1981-Q3,2024-11-15,39,264602,Gross Domestic Product: chained volume measures: Seasonally adjusted £m
1981-Q3,2025-11-13,43,285437,Gross Domestic Product: chained volume measures: Seasonally adjusted £m
1981-Q4,2015-05-27,1,199069,Gross Domestic Product: chained volume measures: Seasonally adjusted £m
1981-Q4,2015-05-27,2,202622,Gross Domestic Product: chained volume measures: Seasonally adjusted £m
1981-Q4,2016-08-25,5,209414,Gross Domestic Product: chained volume measures: Seasonally adjusted £m
1981-Q4,2017-11-23,10,214727,Gross Domestic Product: chained volume measures: Seasonally adjusted £m
1981-Q4,2018-08-09,13,217707,Gross Domestic Product: chained volume measures: Seasonally adjusted £m
1981-Q4,2019-11-11,19,220034,Gross Domestic Product: chained volume measures: Seasonally adjusted £m
1981-Q4,2020-11-12,23,228748,Gross Domestic Product: chained volume measures: Seasonally adjusted £m
1981-Q4,2021-11-11,27,240369,Gross Domestic Product: chained volume measures: Seasonally adjusted £m
1981-Q4,2022-11-15,31,251349,Gross Domestic Product: chained volume measures: Seasonally adjusted £m
1981-Q4,2023-11-10,35,239131,Gross Domestic Product: chained volume measures: Seasonally adjusted £m
1981-Q4,2024-11-15,39,264902,Gross Domestic Product: chained volume measures: Seasonally adjusted £m
1981-Q4,2025-11-13,43,285814,Gross Domestic Product: chained volume measures: Seasonally adjusted £m
1982-Q1,2015-05-27,1,199357,Gross Domestic Product: chained volume measures: Seasonally adjusted £m
1982-Q1,2015-05-27,2,202931,Gross Domestic Product: chained volume measures: Seasonally adjusted £m
1982-Q1,2016-08-25,5,209751,Gross Domestic Product: chained volume measures: Seasonally adjusted £m
1982-Q1,2017-11-23,10,215081,Gross Domestic Product: chained volume measures: Seasonally adjusted £m
1982-Q1,2018-08-09,13,218047,Gross Domestic Product: chained volume measures: Seasonally adjusted £m
1982-Q1,2019-11-11,19,220462,Gross Domestic Product: chained volume measures: Seasonally adjusted £m
1982-Q1,2020-11-12,23,229165,Gross Domestic Product: chained volume measures: Seasonally adjusted £m
1982-Q1,2021-11-11,27,240798,Gross Domestic Product: chained volume measures: Seasonally adjusted £m
1982-Q1,2022-11-15,31,251388,Gross Domestic Product: chained volume measures: Seasonally adjusted £m
1982-Q1,2023-11-10,35,239578,Gross Domestic Product: chained volume measures: Seasonally adjusted £m
1982-Q1,2024-11-15,39,265408,Gross Domestic Product: chained volume measures: Seasonally adjusted £m
1982-Q1,2025-11-13,43,286275,Gross Domestic Product: chained volume measures: Seasonally adjusted £m
1982-Q2,2015-05-27,1,201795,Gross Domestic Product: chained volume measures: Seasonally adjusted £m
1982-Q2,2015-05-27,2,205400,Gross Domestic Product: chained volume measures: Seasonally adjusted £m
1982-Q2,2016-08-25,5,212110,Gross Domestic Product: chained volume measures: Seasonally adjusted £m
1982-Q2,2017-11-23,10,217489,Gross Domestic Product: chained volume measures: Seasonally adjusted £m
1982-Q2,2018-08-09,13,220498,Gross Domestic Product: chained volume measures: Seasonally adjusted £m
1982-Q2,2019-11-11,19,222812,Gross Domestic Product: chained volume measures: Seasonally adjusted £m
1982-Q2,2020-11-12,23,231570,Gross Domestic Product: chained volume measures: Seasonally adjusted £m
1982-Q2,2021-11-11,27,243332,Gross Domestic Product: chained volume measures: Seasonally adjusted £m
1982-Q2,2022-11-15,31,253939,Gross Domestic Product: chained volume measures: Seasonally adjusted £m
1982-Q2,2023-11-10,35,242095,Gross Domestic Product: chained volume measures: Seasonally adjusted £m
1982-Q2,2024-11-15,39,268196,Gross Domestic Product: chained volume measures: Seasonally adjusted £m
1982-Q2,2025-11-13,43,289232,Gross Domestic Product: chained volume measures: Seasonally adjusted £m
1982-Q3,2015-05-27,1,202179,Gross Domestic Product: chained volume measures: Seasonally adjusted £m
1982-Q3,2015-05-27,2,205779,Gross Domestic Product: chained volume measures: Seasonally adjusted £m
1982-Q3,2016-08-25,5,212670,Gross Domestic Product: chained volume measures: Seasonally adjusted £m
1982-Q3,2017-11-23,10,218046,Gross Domestic Product: chained volume measures: Seasonally adjusted £m
1982-Q3,2018-08-09,13,221080,Gross Domestic Product: chained volume measures: Seasonally adjusted £m
1982-Q3,2019-11-11,19,223389,Gross Domestic Product: chained volume measures: Seasonally adjusted £m
1982-Q3,2020-11-12,23,232134,Gross Domestic Product: chained volume measures: Seasonally adjusted £m
1982-Q3,2021-11-11,27,243927,Gross Domestic Product: chained volume measures: Seasonally adjusted £m
1982-Q3,2022-11-15,31,254533,Gross Domestic Product: chained volume measures: Seasonally adjusted £m
1982-Q3,2023-11-10,35,242639,Gross Domestic Product: chained volume measures: Seasonally adjusted £m
1982-Q3,2024-11-15,39,268798,Gross Domestic Product: chained volume measures: Seasonally adjusted £m
1982-Q3,2025-11-13,43,289852,Gross Domestic Product: chained volume measures: Seasonally adjusted £m
1982-Q4,2015-05-27,1,203572,Gross Domestic Product: chained volume measures: Seasonally adjusted £m
1982-Q4,2015-05-27,2,207207,Gross Domestic Product: chained volume measures: Seasonally adjusted £m
1982-Q4,2016-08-25,5,214169,Gross Domestic Product: chained volume measures: Seasonally adjusted £m
1982-Q4,2017-11-23,10,219581,Gross Domestic Product: chained volume measures: Seasonally adjusted £m
1982-Q4,2018-08-09,13,222639,Gross Domestic Product: chained volume measures: Seasonally adjusted £m
1982-Q4,2019-11-11,19,224959,Gross Domestic Product: chained volume measures: Seasonally adjusted £m
1982-Q4,2020-11-12,23,233752,Gross Domestic Product: chained volume measures: Seasonally adjusted £m
1982-Q4,2021-11-11,27,245627,Gross Domestic Product: chained volume measures: Seasonally adjusted £m
1982-Q4,2022-11-15,31,256172,Gross Domestic Product: chained volume measures: Seasonally adjusted £m
1982-Q4,2023-11-10,35,244317,Gross Domestic Product: chained volume measures: Seasonally adjusted £m
1982-Q4,2024-11-15,39,270653,Gross Domestic Product: chained volume measures: Seasonally adjusted £m
1982-Q4,2025-11-13,43,291832,Gross Domestic Product: chained volume measures: Seasonally adjusted £m
1983-Q1,2015-05-27,1,207079,Gross Domestic Product: chained volume measures: Seasonally adjusted £m
1983-Q1,2015-05-27,2,210938,Gross Domestic Product: chained volume measures: Seasonally adjusted £m
1983-Q1,2016-08-25,5,218038,Gross Domestic Product: chained volume measures: Seasonally adjusted £m
1983-Q1,2017-11-23,10,223565,Gross Domestic Product: chained volume measures: Seasonally adjusted £m
1983-Q1,2018-08-09,13,226670,Gross Domestic Product: chained volume measures: Seasonally adjusted £m
1983-Q1,2019-11-11,19,229078,Gross Domestic Product: chained volume measures: Seasonally adjusted £m
1983-Q1,2020-11-12,23,238082,Gross Domestic Product: chained volume measures: Seasonally adjusted £m
1983-Q1,2021-11-11,27,250178,Gross Domestic Product: chained volume measures: Seasonally adjusted £m
1983-Q1,2022-11-15,31,260720,Gross Domestic Product: chained volume measures: Seasonally adjusted £m
1983-Q1,2023-11-10,35,249032,Gross Domestic Product: chained volume measures: Seasonally adjusted £m
1983-Q1,2024-11-15,39,275877,Gross Domestic Product: chained volume measures: Seasonally adjusted £m
1983-Q1,2025-11-13,43,297563,Gross Domestic Product: chained volume measures: Seasonally adjusted £m
1983-Q2,2015-05-27,1,208915,Gross Domestic Product: chained volume measures: Seasonally adjusted £m
1983-Q2,2015-05-27,2,212781,Gross Domestic Product: chained volume measures: Seasonally adjusted £m
1983-Q2,2016-08-25,5,219905,Gross Domestic Product: chained volume measures: Seasonally adjusted £m
1983-Q2,2017-11-23,10,225476,Gross Domestic Product: chained volume measures: Seasonally adjusted £m
1983-Q2,2018-08-09,13,228603,Gross Domestic Product: chained volume measures: Seasonally adjusted £m
1983-Q2,2019-11-11,19,231037,Gross Domestic Product: chained volume measures: Seasonally adjusted £m
1983-Q2,2020-11-12,23,240053,Gross Domestic Product: chained volume measures: Seasonally adjusted £m
1983-Q2,2021-11-11,27,252248,Gross Domestic Product: chained volume measures: Seasonally adjusted £m
1983-Q2,2022-11-15,31,262390,Gross Domestic Product: chained volume measures: Seasonally adjusted £m
1983-Q2,2023-11-10,35,250761,Gross Domestic Product: chained volume measures: Seasonally adjusted £m
1983-Q2,2024-11-15,39,277790,Gross Domestic Product: chained volume measures: Seasonally adjusted £m
1983-Q2,2025-11-13,43,299623,Gross Domestic Product: chained volume measures: Seasonally adjusted £m
1983-Q3,2015-05-27,1,211359,Gross Domestic Product: chained volume measures: Seasonally adjusted £m
1983-Q3,2015-05-27,2,215124,Gross Domestic Product: chained volume measures: Seasonally adjusted £m
1983-Q3,2016-08-25,5,222323,Gross Domestic Product: chained volume measures: Seasonally adjusted £m
1983-Q3,2017-11-23,10,227962,Gross Domestic Product: chained volume measures: Seasonally adjusted £m
1983-Q3,2018-08-09,13,231120,Gross Domestic Product: chained volume measures: Seasonally adjusted £m
1983-Q3,2019-11-11,19,233566,Gross Domestic Product: chained volume measures: Seasonally adjusted £m
1983-Q3,2020-11-12,23,242654,Gross Domestic Product: chained volume measures: Seasonally adjusted £m
1983-Q3,2021-11-11,27,254981,Gross Domestic Product: chained volume measures: Seasonally adjusted £m
1983-Q3,2022-11-15,31,265120,Gross Domestic Product: chained volume measures: Seasonally adjusted £m
1983-Q3,2023-11-10,35,253655,Gross Domestic Product: chained volume measures: Seasonally adjusted £m
1983-Q3,2024-11-15,39,280996,Gross Domestic Product: chained volume measures: Seasonally adjusted £m
1983-Q3,2025-11-13,43,303085,Gross Domestic Product: chained volume measures: Seasonally adjusted £m
1983-Q4,2015-05-27,1,213458,Gross Domestic Product: chained volume measures: Seasonally adjusted £m
1983-Q4,2015-05-27,2,216984,Gross Domestic Product: chained volume measures: Seasonally adjusted £m
1983-Q4,2016-08-25,5,224254,Gross Domestic Product: chained volume measures: Seasonally adjusted £m
1983-Q4,2017-11-23,10,229933,Gross Domestic Product: chained volume measures: Seasonally adjusted £m
1983-Q4,2018-08-09,13,233119,Gross Domestic Product: chained volume measures: Seasonally adjusted £m
1983-Q4,2019-11-11,19,235584,Gross Domestic Product: chained volume measures: Seasonally adjusted £m
1983-Q4,2020-11-12,23,244720,Gross Domestic Product: chained volume measures: Seasonally adjusted £m
1983-Q4,2021-11-11,27,257154,Gross Domestic Product: chained volume measures: Seasonally adjusted £m
1983-Q4,2022-11-15,31,267076,Gross Domestic Product: chained volume measures: Seasonally adjusted £m
1983-Q4,2023-11-10,35,255533,Gross Domestic Product: chained volume measures: Seasonally adjusted £m
1983-Q4,2024-11-15,39,283096,Gross Domestic Product: chained volume measures: Seasonally adjusted £m
1983-Q4,2025-11-13,43,305361,Gross Domestic Product: chained volume measures: Seasonally adjusted £m
1984-Q1,2015-05-27,1,215256,Gross Domestic Product: chained volume measures: Seasonally adjusted £m
1984-Q1,2015-05-27,2,218421,Gross Domestic Product: chained volume measures: Seasonally adjusted £m
1984-Q1,2016-08-25,5,225790,Gross Domestic Product: chained volume measures: Seasonally adjusted £m
1984-Q1,2017-11-23,10,231514,Gross Domestic Product: chained volume measures: Seasonally adjusted £m
1984-Q1,2018-08-09,13,234726,Gross Domestic Product: chained volume measures: Seasonally adjusted £m
1984-Q1,2019-11-11,19,237215,Gross Domestic Product: chained volume measures: Seasonally adjusted £m
1984-Q1,2020-11-12,23,246424,Gross Domestic Product: chained volume measures: Seasonally adjusted £m
1984-Q1,2021-11-11,27,258948,Gross Domestic Product: chained volume measures: Seasonally adjusted £m
1984-Q1,2022-11-15,31,268763,Gross Domestic Product: chained volume measures: Seasonally adjusted £m
1984-Q1,2023-11-10,35,257683,Gross Domestic Product: chained volume measures: Seasonally adjusted £m
1984-Q1,2024-11-15,39,285469,Gross Domestic Product: chained volume measures: Seasonally adjusted £m
1984-Q1,2025-11-13,43,307964,Gross Domestic Product: chained volume measures: Seasonally adjusted £m
1984-Q2,2015-05-27,1,213269,Gross Domestic Product: chained volume measures: Seasonally adjusted £m
1984-Q2,2015-05-27,2,216520,Gross Domestic Product: chained volume measures: Seasonally adjusted £m
1984-Q2,2016-08-25,5,223826,Gross Domestic Product: chained volume measures: Seasonally adjusted £m
1984-Q2,2017-11-23,10,229498,Gross Domestic Product: chained volume measures: Seasonally adjusted £m
1984-Q2,2018-08-09,13,232679,Gross Domestic Product: chained volume measures: Seasonally adjusted £m
1984-Q2,2019-11-11,19,235138,Gross Domestic Product: chained volume measures: Seasonally adjusted £m
1984-Q2,2020-11-12,23,244265,Gross Domestic Product: chained volume measures: Seasonally adjusted £m
1984-Q2,2021-11-11,27,256664,Gross Domestic Product: chained volume measures: Seasonally adjusted £m
1984-Q2,2022-11-15,31,266099,Gross Domestic Product: chained volume measures: Seasonally adjusted £m
1984-Q2,2023-11-10,35,255100,Gross Domestic Product: chained volume measures: Seasonally adjusted £m
1984-Q2,2024-11-15,39,282605,Gross Domestic Product: chained volume measures: Seasonally adjusted £m
1984-Q2,2025-11-13,43,304892,Gross Domestic Product: chained volume measures: Seasonally adjusted £m
1984-Q3,2015-05-27,1,214059,Gross Domestic Product: chained volume measures: Seasonally adjusted £m
1984-Q3,2015-05-27,2,217944,Gross Domestic Product: chained volume measures: Seasonally adjusted £m
1984-Q3,2016-08-25,5,225278,Gross Domestic Product: chained volume measures: Seasonally adjusted £m
1984-Q3,2017-11-23,10,230991,Gross Domestic Product: chained volume measures: Seasonally adjusted £m
1984-Q3,2018-08-09,13,234193,Gross Domestic Product: chained volume measures: Seasonally adjusted £m
1984-Q3,2019-11-11,19,236659,Gross Domestic Product: chained volume measures: Seasonally adjusted £m
1984-Q3,2020-11-12,23,245827,Gross Domestic Product: chained volume measures: Seasonally adjusted £m
1984-Q3,2021-11-11,27,258309,Gross Domestic Product: chained volume measures: Seasonally adjusted £m
1984-Q3,2022-11-15,31,267783,Gross Domestic Product: chained volume measures: Seasonally adjusted £m
1984-Q3,2023-11-10,35,256975,Gross Domestic Product: chained volume measures: Seasonally adjusted £m
1984-Q3,2024-11-15,39,284676,Gross Domestic Product: chained volume measures: Seasonally adjusted £m
1984-Q3,2025-11-13,43,307122,Gross Domestic Product: chained volume measures: Seasonally adjusted £m
1984-Q4,2015-05-27,1,217213,Gross Domestic Product: chained volume measures: Seasonally adjusted £m
1984-Q4,2015-05-27,2,222287,Gross Domestic Product: chained volume measures: Seasonally adjusted £m
1984-Q4,2016-08-25,5,229745,Gross Domestic Product: chained volume measures: Seasonally adjusted £m
1984-Q4,2017-11-23,10,235577,Gross Domestic Product: chained volume measures: Seasonally adjusted £m
1984-Q4,2018-08-09,13,238845,Gross Domestic Product: chained volume measures: Seasonally adjusted £m
1984-Q4,2019-11-11,19,241339,Gross Domestic Product: chained volume measures: Seasonally adjusted £m
1984-Q4,2020-11-12,23,250650,Gross Domestic Product: chained volume measures: Seasonally adjusted £m
1984-Q4,2021-11-11,27,263374,Gross Domestic Product: chained volume measures: Seasonally adjusted £m
1984-Q4,2022-11-15,31,272734,Gross Domestic Product: chained volume measures: Seasonally adjusted £m
1984-Q4,2023-11-10,35,261627,Gross Domestic Product: chained volume measures: Seasonally adjusted £m
1984-Q4,2024-11-15,39,289829,Gross Domestic Product: chained volume measures: Seasonally adjusted £m
1984-Q4,2025-11-13,43,312697,Gross Domestic Product: chained volume measures: Seasonally adjusted £m
1985-Q1,2015-05-27,1,219714,Gross Domestic Product: chained volume measures: Seasonally adjusted £m
1985-Q1,2015-05-27,2,224011,Gross Domestic Product: chained volume measures: Seasonally adjusted £m
1985-Q1,2016-08-25,5,231659,Gross Domestic Product: chained volume measures: Seasonally adjusted £m
1985-Q1,2017-11-23,10,237562,Gross Domestic Product: chained volume measures: Seasonally adjusted £m
1985-Q1,2018-08-09,13,240860,Gross Domestic Product: chained volume measures: Seasonally adjusted £m
1985-Q1,2019-11-11,19,243318,Gross Domestic Product: chained volume measures: Seasonally adjusted £m
1985-Q1,2020-11-12,23,252649,Gross Domestic Product: chained volume measures: Seasonally adjusted £m
1985-Q1,2021-11-11,27,265480,Gross Domestic Product: chained volume measures: Seasonally adjusted £m
1985-Q1,2022-11-15,31,274498,Gross Domestic Product: chained volume measures: Seasonally adjusted £m
1985-Q1,2023-11-10,35,264127,Gross Domestic Product: chained volume measures: Seasonally adjusted £m
1985-Q1,2024-11-15,39,292612,Gross Domestic Product: chained volume measures: Seasonally adjusted £m
1985-Q1,2025-11-13,43,315753,Gross Domestic Product: chained volume measures: Seasonally adjusted £m
1985-Q2,2015-05-27,1,223299,Gross Domestic Product: chained volume measures: Seasonally adjusted £m
1985-Q2,2015-05-27,2,228726,Gross Domestic Product: chained volume measures: Seasonally adjusted £m
1985-Q2,2016-08-25,5,236615,Gross Domestic Product: chained volume measures: Seasonally adjusted £m
1985-Q2,2017-11-23,10,242628,Gross Domestic Product: chained volume measures: Seasonally adjusted £m
1985-Q2,2018-08-09,13,245992,Gross Domestic Product: chained volume measures: Seasonally adjusted £m
1985-Q2,2019-11-11,19,248471,Gross Domestic Product: chained volume measures: Seasonally adjusted £m
1985-Q2,2020-11-12,23,258038,Gross Domestic Product: chained volume measures: Seasonally adjusted £m
1985-Q2,2021-11-11,27,271155,Gross Domestic Product: chained volume measures: Seasonally adjusted £m
1985-Q2,2022-11-15,31,280049,Gross Domestic Product: chained volume measures: Seasonally adjusted £m
1985-Q2,2023-11-10,35,269787,Gross Domestic Product: chained volume measures: Seasonally adjusted £m
1985-Q2,2024-11-15,39,298873,Gross Domestic Product: chained volume measures: Seasonally adjusted £m
1985-Q2,2025-11-13,43,322451,Gross Domestic Product: chained volume measures: Seasonally adjusted £m
1985-Q3,2015-05-27,1,223107,Gross Domestic Product: chained volume measures: Seasonally adjusted £m
1985-Q3,2015-05-27,2,228942,Gross Domestic Product: chained volume measures: Seasonally adjusted £m
1985-Q3,2016-08-25,5,236831,Gross Domestic Product: chained volume measures: Seasonally adjusted £m
1985-Q3,2017-11-23,10,242856,Gross Domestic Product: chained volume measures: Seasonally adjusted £m
1985-Q3,2018-08-09,13,246225,Gross Domestic Product: chained volume measures: Seasonally adjusted £m
1985-Q3,2019-11-11,19,248688,Gross Domestic Product: chained volume measures: Seasonally adjusted £m
1985-Q3,2020-11-12,23,258279,Gross Domestic Product: chained volume measures: Seasonally adjusted £m
1985-Q3,2021-11-11,27,271404,Gross Domestic Product: chained volume measures: Seasonally adjusted £m
1985-Q3,2022-11-15,31,280252,Gross Domestic Product: chained volume measures: Seasonally adjusted £m
1985-Q3,2023-11-10,35,269737,Gross Domestic Product: chained volume measures: Seasonally adjusted £m
1985-Q3,2024-11-15,39,298814,Gross Domestic Product: chained volume measures: Seasonally adjusted £m
1985-Q3,2025-11-13,43,322392,Gross Domestic Product: chained volume measures: Seasonally adjusted £m
1985-Q4,2015-05-27,1,224158,Gross Domestic Product: chained volume measures: Seasonally adjusted £m
1985-Q4,2015-05-27,2,229491,Gross Domestic Product: chained volume measures: Seasonally adjusted £m
1985-Q4,2016-08-25,5,237414,Gross Domestic Product: chained volume measures: Seasonally adjusted £m
1985-Q4,2017-11-23,10,243449,Gross Domestic Product: chained volume measures: Seasonally adjusted £m
1985-Q4,2018-08-09,13,246823,Gross Domestic Product: chained volume measures: Seasonally adjusted £m
1985-Q4,2019-11-11,19,249289,Gross Domestic Product: chained volume measures: Seasonally adjusted £m
1985-Q4,2020-11-12,23,258907,Gross Domestic Product: chained volume measures: Seasonally adjusted £m
1985-Q4,2021-11-11,27,272045,Gross Domestic Product: chained volume measures: Seasonally adjusted £m
1985-Q4,2022-11-15,31,280672,Gross Domestic Product: chained volume measures: Seasonally adjusted £m
1985-Q4,2023-11-10,35,269896,Gross Domestic Product: chained volume measures: Seasonally adjusted £m
1985-Q4,2024-11-15,39,298979,Gross Domestic Product: chained volume measures: Seasonally adjusted £m
1985-Q4,2025-11-13,43,322604,Gross Domestic Product: chained volume measures: Seasonally adjusted £m
1986-Q1,2015-05-27,1,225834,Gross Domestic Product: chained volume measures: Seasonally adjusted £m
1986-Q1,2015-05-27,2,232164,Gross Domestic Product: chained volume measures: Seasonally adjusted £m
1986-Q1,2016-08-25,5,240112,Gross Domestic Product: chained volume measures: Seasonally adjusted £m
1986-Q1,2017-11-23,10,246180,Gross Domestic Product: chained volume measures: Seasonally adjusted £m
1986-Q1,2018-08-09,13,249635,Gross Domestic Product: chained volume measures: Seasonally adjusted £m
1986-Q1,2019-11-11,19,252116,Gross Domestic Product: chained volume measures: Seasonally adjusted £m
1986-Q1,2020-11-12,23,261820,Gross Domestic Product: chained volume measures: Seasonally adjusted £m
1986-Q1,2021-11-11,27,275127,Gross Domestic Product: chained volume measures: Seasonally adjusted £m
1986-Q1,2022-11-15,31,283200,Gross Domestic Product: chained volume measures: Seasonally adjusted £m
1986-Q1,2023-11-10,35,272720,Gross Domestic Product: chained volume measures: Seasonally adjusted £m
1986-Q1,2024-11-15,39,302117,Gross Domestic Product: chained volume measures: Seasonally adjusted £m
1986-Q1,2025-11-13,43,325968,Gross Domestic Product: chained volume measures: Seasonally adjusted £m
1986-Q2,2015-05-27,1,228391,Gross Domestic Product: chained volume measures: Seasonally adjusted £m
1986-Q2,2015-05-27,2,233823,Gross Domestic Product: chained volume measures: Seasonally adjusted £m
1986-Q2,2016-08-25,5,241881,Gross Domestic Product: chained volume measures: Seasonally adjusted £m
1986-Q2,2017-11-23,10,247976,Gross Domestic Product: chained volume measures: Seasonally adjusted £m
1986-Q2,2018-08-09,13,251462,Gross Domestic Product: chained volume measures: Seasonally adjusted £m
1986-Q2,2019-11-11,19,253987,Gross Domestic Product: chained volume measures: Seasonally adjusted £m
1986-Q2,2020-11-12,23,263767,Gross Domestic Product: chained volume measures: Seasonally adjusted £m
1986-Q2,2021-11-11,27,277167,Gross Domestic Product: chained volume measures: Seasonally adjusted £m
1986-Q2,2022-11-15,31,284643,Gross Domestic Product: chained volume measures: Seasonally adjusted £m
1986-Q2,2023-11-10,35,275136,Gross Domestic Product: chained volume measures: Seasonally adjusted £m
1986-Q2,2024-11-15,39,304797,Gross Domestic Product: chained volume measures: Seasonally adjusted £m
1986-Q2,2025-11-13,43,328872,Gross Domestic Product: chained volume measures: Seasonally adjusted £m
1986-Q3,2015-05-27,1,229928,Gross Domestic Product: chained volume measures: Seasonally adjusted £m
1986-Q3,2015-05-27,2,234862,Gross Domestic Product: chained volume measures: Seasonally adjusted £m
1986-Q3,2016-08-25,5,242966,Gross Domestic Product: chained volume measures: Seasonally adjusted £m
1986-Q3,2017-11-23,10,249074,Gross Domestic Product: chained volume measures: Seasonally adjusted £m
1986-Q3,2018-08-09,13,252560,Gross Domestic Product: chained volume measures: Seasonally adjusted £m
1986-Q3,2019-11-11,19,255143,Gross Domestic Product: chained volume measures: Seasonally adjusted £m
1986-Q3,2020-11-12,23,264966,Gross Domestic Product: chained volume measures: Seasonally adjusted £m
1986-Q3,2021-11-11,27,278438,Gross Domestic Product: chained volume measures: Seasonally adjusted £m
1986-Q3,2022-11-15,31,285943,Gross Domestic Product: chained volume measures: Seasonally adjusted £m
1986-Q3,2023-11-10,35,276863,Gross Domestic Product: chained volume measures: Seasonally adjusted £m
1986-Q3,2024-11-15,39,306708,Gross Domestic Product: chained volume measures: Seasonally adjusted £m
1986-Q3,2025-11-13,43,330966,Gross Domestic Product: chained volume measures: Seasonally adjusted £m
1986-Q4,2015-05-27,1,234262,Gross Domestic Product: chained volume measures: Seasonally adjusted £m
1986-Q4,2015-05-27,2,239190,Gross Domestic Product: chained volume measures: Seasonally adjusted £m
1986-Q4,2016-08-25,5,247280,Gross Domestic Product: chained volume measures: Seasonally adjusted £m
1986-Q4,2017-11-23,10,253461,Gross Domestic Product: chained volume measures: Seasonally adjusted £m
1986-Q4,2018-08-09,13,257017,Gross Domestic Product: chained volume measures: Seasonally adjusted £m
1986-Q4,2019-11-11,19,259701,Gross Domestic Product: chained volume measures: Seasonally adjusted £m
1986-Q4,2020-11-12,23,269702,Gross Domestic Product: chained volume measures: Seasonally adjusted £m
1986-Q4,2021-11-11,27,283425,Gross Domestic Product: chained volume measures: Seasonally adjusted £m
1986-Q4,2022-11-15,31,290408,Gross Domestic Product: chained volume measures: Seasonally adjusted £m
1986-Q4,2023-11-10,35,282193,Gross Domestic Product: chained volume measures: Seasonally adjusted £m
1986-Q4,2024-11-15,39,312615,Gross Domestic Product: chained volume measures: Seasonally adjusted £m
1986-Q4,2025-11-13,43,337367,Gross Domestic Product: chained volume measures: Seasonally adjusted £m
1987-Q1,2015-05-27,1,236229,Gross Domestic Product: chained volume measures: Seasonally adjusted £m
1987-Q1,2015-05-27,2,241561,Gross Domestic Product: chained volume measures: Seasonally adjusted £m
1987-Q1,2016-08-25,5,249537,Gross Domestic Product: chained volume measures: Seasonally adjusted £m
1987-Q1,2017-11-23,10,255733,Gross Domestic Product: chained volume measures: Seasonally adjusted £m
1987-Q1,2018-08-09,13,259310,Gross Domestic Product: chained volume measures: Seasonally adjusted £m
1987-Q1,2019-11-11,19,262115,Gross Domestic Product: chained volume measures: Seasonally adjusted £m
1987-Q1,2020-11-12,23,272205,Gross Domestic Product: chained volume measures: Seasonally adjusted £m
1987-Q1,2021-11-11,27,286089,Gross Domestic Product: chained volume measures: Seasonally adjusted £m
1987-Q1,2022-11-15,31,293128,Gross Domestic Product: chained volume measures: Seasonally adjusted £m
1987-Q1,2023-11-10,35,284172,Gross Domestic Product: chained volume measures: Seasonally adjusted £m
1987-Q1,2024-11-15,39,314804,Gross Domestic Product: chained volume measures: Seasonally adjusted £m
1987-Q1,2025-11-13,43,339754,Gross Domestic Product: chained volume measures: Seasonally adjusted £m
1987-Q2,2015-05-27,1,239505,Gross Domestic Product: chained volume measures: Seasonally adjusted £m
1987-Q2,2015-05-27,2,245165,Gross Domestic Product: chained volume measures: Seasonally adjusted £m
1987-Q2,2016-08-25,5,253182,Gross Domestic Product: chained volume measures: Seasonally adjusted £m
1987-Q2,2017-11-23,10,259432,Gross Domestic Product: chained volume measures: Seasonally adjusted £m
1987-Q2,2018-08-09,13,263056,Gross Domestic Product: chained volume measures: Seasonally adjusted £m
1987-Q2,2019-11-11,19,265960,Gross Domestic Product: chained volume measures: Seasonally adjusted £m
1987-Q2,2020-11-12,23,276199,Gross Domestic Product: chained volume measures: Seasonally adjusted £m
1987-Q2,2021-11-11,27,290275,Gross Domestic Product: chained volume measures: Seasonally adjusted £m
1987-Q2,2022-11-15,31,297464,Gross Domestic Product: chained volume measures: Seasonally adjusted £m
1987-Q2,2023-11-10,35,288385,Gross Domestic Product: chained volume measures: Seasonally adjusted £m
1987-Q2,2024-11-15,39,319478,Gross Domestic Product: chained volume measures: Seasonally adjusted £m
1987-Q2,2025-11-13,43,344795,Gross Domestic Product: chained volume measures: Seasonally adjusted £m
1987-Q3,2015-05-27,1,245364,Gross Domestic Product: chained volume measures: Seasonally adjusted £m
1987-Q3,2015-05-27,2,251299,Gross Domestic Product: chained volume measures: Seasonally adjusted £m
1987-Q3,2016-08-25,5,259331,Gross Domestic Product: chained volume measures: Seasonally adjusted £m
1987-Q3,2017-11-23,10,265702,Gross Domestic Product: chained volume measures: Seasonally adjusted £m
1987-Q3,2018-08-09,13,269416,Gross Domestic Product: chained volume measures: Seasonally adjusted £m
1987-Q3,2019-11-11,19,272422,Gross Domestic Product: chained volume measures: Seasonally adjusted £m
1987-Q3,2020-11-12,23,282910,Gross Domestic Product: chained volume measures: Seasonally adjusted £m
1987-Q3,2021-11-11,27,297303,Gross Domestic Product: chained volume measures: Seasonally adjusted £m
1987-Q3,2022-11-15,31,304555,Gross Domestic Product: chained volume measures: Seasonally adjusted £m
1987-Q3,2023-11-10,35,295493,Gross Domestic Product: chained volume measures: Seasonally adjusted £m
1987-Q3,2024-11-15,39,327346,Gross Domestic Product: chained volume measures: Seasonally adjusted £m
1987-Q3,2025-11-13,43,353365,Gross Domestic Product: chained volume measures: Seasonally adjusted £m
1987-Q4,2015-05-27,1,248254,Gross Domestic Product: chained volume measures: Seasonally adjusted £m
1987-Q4,2015-05-27,2,254281,Gross Domestic Product: chained volume measures: Seasonally adjusted £m
1987-Q4,2016-08-25,5,262296,Gross Domestic Product: chained volume measures: Seasonally adjusted £m
1987-Q4,2017-11-23,10,268714,Gross Domestic Product: chained volume measures: Seasonally adjusted £m
1987-Q4,2018-08-09,13,272465,Gross Domestic Product: chained volume measures: Seasonally adjusted £m
1987-Q4,2019-11-11,19,275507,Gross Domestic Product: chained volume measures: Seasonally adjusted £m
1987-Q4,2020-11-12,23,286114,Gross Domestic Product: chained volume measures: Seasonally adjusted £m
1987-Q4,2021-11-11,27,300606,Gross Domestic Product: chained volume measures: Seasonally adjusted £m
1987-Q4,2022-11-15,31,308624,Gross Domestic Product: chained volume measures: Seasonally adjusted £m
1987-Q4,2023-11-10,35,298855,Gross Domestic Product: chained volume measures: Seasonally adjusted £m
1987-Q4,2024-11-15,39,331075,Gross Domestic Product: chained volume measures: Seasonally adjusted £m
1987-Q4,2025-11-13,43,357439,Gross Domestic Product: chained volume measures: Seasonally adjusted £m
1988-Q1,2015-05-27,1,252941,Gross Domestic Product: chained volume measures: Seasonally adjusted £m
1988-Q1,2015-05-27,2,258976,Gross Domestic Product: chained volume measures: Seasonally adjusted £m
1988-Q1,2016-08-25,5,267034,Gross Domestic Product: chained volume measures: Seasonally adjusted £m
1988-Q1,2017-11-23,10,273543,Gross Domestic Product: chained volume measures: Seasonally adjusted £m
1988-Q1,2018-08-09,13,277393,Gross Domestic Product: chained volume measures: Seasonally adjusted £m
1988-Q1,2019-11-11,19,280417,Gross Domestic Product: chained volume measures: Seasonally adjusted £m
1988-Q1,2020-11-12,23,291209,Gross Domestic Product: chained volume measures: Seasonally adjusted £m
1988-Q1,2021-11-11,27,305824,Gross Domestic Product: chained volume measures: Seasonally adjusted £m
1988-Q1,2022-11-15,31,313316,Gross Domestic Product: chained volume measures: Seasonally adjusted £m
1988-Q1,2023-11-10,35,303698,Gross Domestic Product: chained volume measures: Seasonally adjusted £m
1988-Q1,2024-11-15,39,336442,Gross Domestic Product: chained volume measures: Seasonally adjusted £m
1988-Q1,2025-11-13,43,363267,Gross Domestic Product: chained volume measures: Seasonally adjusted £m
1988-Q2,2015-05-27,1,254603,Gross Domestic Product: chained volume measures: Seasonally adjusted £m
1988-Q2,2015-05-27,2,260604,Gross Domestic Product: chained volume measures: Seasonally adjusted £m
1988-Q2,2016-08-25,5,268660,Gross Domestic Product: chained volume measures: Seasonally adjusted £m
1988-Q2,2017-11-23,10,275178,Gross Domestic Product: chained volume measures: Seasonally adjusted £m
1988-Q2,2018-08-09,13,279053,Gross Domestic Product: chained volume measures: Seasonally adjusted £m
1988-Q2,2019-11-11,19,282070,Gross Domestic Product: chained volume measures: Seasonally adjusted £m
1988-Q2,2020-11-12,23,292929,Gross Domestic Product: chained volume measures: Seasonally adjusted £m
1988-Q2,2021-11-11,27,307500,Gross Domestic Product: chained volume measures: Seasonally adjusted £m
1988-Q2,2022-11-15,31,313997,Gross Domestic Product: chained volume measures: Seasonally adjusted £m
1988-Q2,2023-11-10,35,305281,Gross Domestic Product: chained volume measures: Seasonally adjusted £m
1988-Q2,2024-11-15,39,338186,Gross Domestic Product: chained volume measures: Seasonally adjusted £m
1988-Q2,2025-11-13,43,365209,Gross Domestic Product: chained volume measures: Seasonally adjusted £m
1988-Q3,2015-05-27,1,258558,Gross Domestic Product: chained volume measures: Seasonally adjusted £m
1988-Q3,2015-05-27,2,264609,Gross Domestic Product: chained volume measures: Seasonally adjusted £m
1988-Q3,2016-08-25,5,272785,Gross Domestic Product: chained volume measures: Seasonally adjusted £m
1988-Q3,2017-11-23,10,279388,Gross Domestic Product: chained volume measures: Seasonally adjusted £m
1988-Q3,2018-08-09,13,283321,Gross Domestic Product: chained volume measures: Seasonally adjusted £m
1988-Q3,2019-11-11,19,286366,Gross Domestic Product: chained volume measures: Seasonally adjusted £m
1988-Q3,2020-11-12,23,297391,Gross Domestic Product: chained volume measures: Seasonally adjusted £m
1988-Q3,2021-11-11,27,312065,Gross Domestic Product: chained volume measures: Seasonally adjusted £m
1988-Q3,2022-11-15,31,318223,Gross Domestic Product: chained volume measures: Seasonally adjusted £m
1988-Q3,2023-11-10,35,309097,Gross Domestic Product: chained volume measures: Seasonally adjusted £m
1988-Q3,2024-11-15,39,342414,Gross Domestic Product: chained volume measures: Seasonally adjusted £m
1988-Q3,2025-11-13,43,369774,Gross Domestic Product: chained volume measures: Seasonally adjusted £m
1988-Q4,2015-05-27,1,260772,Gross Domestic Product: chained volume measures: Seasonally adjusted £m
1988-Q4,2015-05-27,2,266862,Gross Domestic Product: chained volume measures: Seasonally adjusted £m
1988-Q4,2016-08-25,5,275150,Gross Domestic Product: chained volume measures: Seasonally adjusted £m
1988-Q4,2017-11-23,10,281798,Gross Domestic Product: chained volume measures: Seasonally adjusted £m
1988-Q4,2018-08-09,13,285762,Gross Domestic Product: chained volume measures: Seasonally adjusted £m
1988-Q4,2019-11-11,19,288832,Gross Domestic Product: chained volume measures: Seasonally adjusted £m
1988-Q4,2020-11-12,23,299952,Gross Domestic Product: chained volume measures: Seasonally adjusted £m
1988-Q4,2021-11-11,27,314663,Gross Domestic Product: chained volume measures: Seasonally adjusted £m
1988-Q4,2022-11-15,31,320612,Gross Domestic Product: chained volume measures: Seasonally adjusted £m
1988-Q4,2023-11-10,35,311574,Gross Domestic Product: chained volume measures: Seasonally adjusted £m
1988-Q4,2024-11-15,39,345162,Gross Domestic Product: chained volume measures: Seasonally adjusted £m
1988-Q4,2025-11-13,43,372752,Gross Domestic Product: chained volume measures: Seasonally adjusted £m
1989-Q1,2015-05-27,1,261846,Gross Domestic Product: chained volume measures: Seasonally adjusted £m
1989-Q1,2015-05-27,2,267981,Gross Domestic Product: chained volume measures: Seasonally adjusted £m
1989-Q1,2016-08-25,5,276356,Gross Domestic Product: chained volume measures: Seasonally adjusted £m
1989-Q1,2017-11-23,10,283023,Gross Domestic Product: chained volume measures: Seasonally adjusted £m
1989-Q1,2018-08-09,13,287006,Gross Domestic Product: chained volume measures: Seasonally adjusted £m
1989-Q1,2019-11-11,19,290105,Gross Domestic Product: chained volume measures: Seasonally adjusted £m
1989-Q1,2020-11-12,23,301273,Gross Domestic Product: chained volume measures: Seasonally adjusted £m
1989-Q1,2021-11-11,27,315946,Gross Domestic Product: chained volume measures: Seasonally adjusted £m
1989-Q1,2022-11-15,31,322258,Gross Domestic Product: chained volume measures: Seasonally adjusted £m
1989-Q1,2023-11-10,35,313083,Gross Domestic Product: chained volume measures: Seasonally adjusted £m
1989-Q1,2024-11-15,39,346836,Gross Domestic Product: chained volume measures: Seasonally adjusted £m
1989-Q1,2025-11-13,43,374612,Gross Domestic Product: chained volume measures: Seasonally adjusted £m
1989-Q2,2015-05-27,1,263514,Gross Domestic Product: chained volume measures: Seasonally adjusted £m
1989-Q2,2015-05-27,2,269712,Gross Domestic Product: chained volume measures: Seasonally adjusted £m
1989-Q2,2016-08-25,5,278165,Gross Domestic Product: chained volume measures: Seasonally adjusted £m
1989-Q2,2017-11-23,10,284866,Gross Domestic Product: chained volume measures: Seasonally adjusted £m
1989-Q2,2018-08-09,13,288878,Gross Domestic Product: chained volume measures: Seasonally adjusted £m
1989-Q2,2019-11-11,19,292015,Gross Domestic Product: chained volume measures: Seasonally adjusted £m
1989-Q2,2020-11-12,23,303257,Gross Domestic Product: chained volume measures: Seasonally adjusted £m
1989-Q2,2021-11-11,27,317925,Gross Domestic Product: chained volume measures: Seasonally adjusted £m
1989-Q2,2022-11-15,31,323569,Gross Domestic Product: chained volume measures: Seasonally adjusted £m
1989-Q2,2023-11-10,35,315039,Gross Domestic Product: chained volume measures: Seasonally adjusted £m
1989-Q2,2024-11-15,39,348997,Gross Domestic Product: chained volume measures: Seasonally adjusted £m
1989-Q2,2025-11-13,43,376951,Gross Domestic Product: chained volume measures: Seasonally adjusted £m
1989-Q3,2015-05-27,1,263651,Gross Domestic Product: chained volume measures: Seasonally adjusted £m
1989-Q3,2015-05-27,2,269873,Gross Domestic Product: chained volume measures: Seasonally adjusted £m
1989-Q3,2016-08-25,5,278427,Gross Domestic Product: chained volume measures: Seasonally adjusted £m
1989-Q3,2017-11-23,10,285139,Gross Domestic Product: chained volume measures: Seasonally adjusted £m
1989-Q3,2018-08-09,13,289148,Gross Domestic Product: chained volume measures: Seasonally adjusted £m
1989-Q3,2019-11-11,19,292306,Gross Domestic Product: chained volume measures: Seasonally adjusted £m
1989-Q3,2020-11-12,23,303558,Gross Domestic Product: chained volume measures: Seasonally adjusted £m
1989-Q3,2021-11-11,27,318139,Gross Domestic Product: chained volume measures: Seasonally adjusted £m
1989-Q3,2022-11-15,31,323542,Gross Domestic Product: chained volume measures: Seasonally adjusted £m
1989-Q3,2023-11-10,35,315554,Gross Domestic Product: chained volume measures: Seasonally adjusted £m
1989-Q3,2024-11-15,39,349572,Gross Domestic Product: chained volume measures: Seasonally adjusted £m
1989-Q3,2025-11-13,43,377573,Gross Domestic Product: chained volume measures: Seasonally adjusted £m
1989-Q4,2015-05-27,1,263719,Gross Domestic Product: chained volume measures: Seasonally adjusted £m
1989-Q4,2015-05-27,2,269962,Gross Domestic Product: chained volume measures: Seasonally adjusted £m
1989-Q4,2016-08-25,5,278670,Gross Domestic Product: chained volume measures: Seasonally adjusted £m
1989-Q4,2017-11-23,10,285397,Gross Domestic Product: chained volume measures: Seasonally adjusted £m
1989-Q4,2018-08-09,13,289409,Gross Domestic Product: chained volume measures: Seasonally adjusted £m
1989-Q4,2019-11-11,19,292584,Gross Domestic Product: chained volume measures: Seasonally adjusted £m
1989-Q4,2020-11-12,23,303849,Gross Domestic Product: chained volume measures: Seasonally adjusted £m
1989-Q4,2021-11-11,27,318355,Gross Domestic Product: chained volume measures: Seasonally adjusted £m
1989-Q4,2022-11-15,31,324139,Gross Domestic Product: chained volume measures: Seasonally adjusted £m
1989-Q4,2023-11-10,35,315515,Gross Domestic Product: chained volume measures: Seasonally adjusted £m
1989-Q4,2024-11-15,39,349523,Gross Domestic Product: chained volume measures: Seasonally adjusted £m
1989-Q4,2025-11-13,43,377508,Gross Domestic Product: chained volume measures: Seasonally adjusted £m
1990-Q1,2015-05-27,1,265371,Gross Domestic Product: chained volume measures: Seasonally adjusted £m
1990-Q1,2015-05-27,2,271667,Gross Domestic Product: chained volume measures: Seasonally adjusted £m
1990-Q1,2016-08-25,5,280536,Gross Domestic Product: chained volume measures: Seasonally adjusted £m
1990-Q1,2017-11-23,10,287318,Gross Domestic Product: chained volume measures: Seasonally adjusted £m
1990-Q1,2018-08-09,13,291381,Gross Domestic Product: chained volume measures: Seasonally adjusted £m
1990-Q1,2019-11-11,19,294556,Gross Domestic Product: chained volume measures: Seasonally adjusted £m
1990-Q1,2020-11-12,23,305893,Gross Domestic Product: chained volume measures: Seasonally adjusted £m
1990-Q1,2021-11-11,27,320418,Gross Domestic Product: chained volume measures: Seasonally adjusted £m
1990-Q1,2022-11-15,31,326896,Gross Domestic Product: chained volume measures: Seasonally adjusted £m
1990-Q1,2023-11-10,35,317117,Gross Domestic Product: chained volume measures: Seasonally adjusted £m
1990-Q1,2024-11-15,39,351299,Gross Domestic Product: chained volume measures: Seasonally adjusted £m
1990-Q1,2025-11-13,43,379458,Gross Domestic Product: chained volume measures: Seasonally adjusted £m
1990-Q2,2015-05-27,1,266644,Gross Domestic Product: chained volume measures: Seasonally adjusted £m
1990-Q2,2015-05-27,2,272977,Gross Domestic Product: chained volume measures: Seasonally adjusted £m
1990-Q2,2016-08-25,5,281973,Gross Domestic Product: chained volume measures: Seasonally adjusted £m
1990-Q2,2017-11-23,10,288796,Gross Domestic Product: chained volume measures: Seasonally adjusted £m
1990-Q2,2018-08-09,13,292882,Gross Domestic Product: chained volume measures: Seasonally adjusted £m
1990-Q2,2019-11-11,19,296069,Gross Domestic Product: chained volume measures: Seasonally adjusted £m
1990-Q2,2020-11-12,23,307471,Gross Domestic Product: chained volume measures: Seasonally adjusted £m
1990-Q2,2021-11-11,27,321991,Gross Domestic Product: chained volume measures: Seasonally adjusted £m
1990-Q2,2022-11-15,31,328047,Gross Domestic Product: chained volume measures: Seasonally adjusted £m
1990-Q2,2023-11-10,35,319239,Gross Domestic Product: chained volume measures: Seasonally adjusted £m
1990-Q2,2024-11-15,39,353663,Gross Domestic Product: chained volume measures: Seasonally adjusted £m
1990-Q2,2025-11-13,43,381997,Gross Domestic Product: chained volume measures: Seasonally adjusted £m
1990-Q3,2015-05-27,1,263704,Gross Domestic Product: chained volume measures: Seasonally adjusted £m
1990-Q3,2015-05-27,2,269963,Gross Domestic Product: chained volume measures: Seasonally adjusted £m
1990-Q3,2016-08-25,5,279018,Gross Domestic Product: chained volume measures: Seasonally adjusted £m
1990-Q3,2017-11-23,10,285798,Gross Domestic Product: chained volume measures: Seasonally adjusted £m
1990-Q3,2018-08-09,13,289842,Gross Domestic Product: chained volume measures: Seasonally adjusted £m
1990-Q3,2019-11-11,19,292978,Gross Domestic Product: chained volume measures: Seasonally adjusted £m
1990-Q3,2020-11-12,23,304257,Gross Domestic Product: chained volume measures: Seasonally adjusted £m
1990-Q3,2021-11-11,27,318578,Gross Domestic Product: chained volume measures: Seasonally adjusted £m
1990-Q3,2022-11-15,31,324080,Gross Domestic Product: chained volume measures: Seasonally adjusted £m
1990-Q3,2023-11-10,35,315744,Gross Domestic Product: chained volume measures: Seasonally adjusted £m
1990-Q3,2024-11-15,39,349780,Gross Domestic Product: chained volume measures: Seasonally adjusted £m
1990-Q3,2025-11-13,43,377831,Gross Domestic Product: chained volume measures: Seasonally adjusted £m
1990-Q4,2015-05-27,1,262665,Gross Domestic Product: chained volume measures: Seasonally adjusted £m
1990-Q4,2015-05-27,2,268886,Gross Domestic Product: chained volume measures: Seasonally adjusted £m
1990-Q4,2016-08-25,5,278060,Gross Domestic Product: chained volume measures: Seasonally adjusted £m
1990-Q4,2017-11-23,10,284844,Gross Domestic Product: chained volume measures: Seasonally adjusted £m
1990-Q4,2018-08-09,13,288871,Gross Domestic Product: chained volume measures: Seasonally adjusted £m
1990-Q4,2019-11-11,19,291970,Gross Domestic Product: chained volume measures: Seasonally adjusted £m
1990-Q4,2020-11-12,23,303210,Gross Domestic Product: chained volume measures: Seasonally adjusted £m
1990-Q4,2021-11-11,27,317429,Gross Domestic Product: chained volume measures: Seasonally adjusted £m
1990-Q4,2022-11-15,31,322743,Gross Domestic Product: chained volume measures: Seasonally adjusted £m
1990-Q4,2023-11-10,35,314148,Gross Domestic Product: chained volume measures: Seasonally adjusted £m
1990-Q4,2024-11-15,39,348006,Gross Domestic Product: chained volume measures: Seasonally adjusted £m
1990-Q4,2025-11-13,43,375916,Gross Domestic Product: chained volume measures: Seasonally adjusted £m
1991-Q1,2015-05-27,1,261838,Gross Domestic Product: chained volume measures: Seasonally adjusted £m
1991-Q1,2015-05-27,2,268012,Gross Domestic Product: chained volume measures: Seasonally adjusted £m
1991-Q1,2016-08-25,5,277253,Gross Domestic Product: chained volume measures: Seasonally adjusted £m
1991-Q1,2017-11-23,10,284042,Gross Domestic Product: chained volume measures: Seasonally adjusted £m
1991-Q1,2018-08-09,13,288059,Gross Domestic Product: chained volume measures: Seasonally adjusted £m
1991-Q1,2019-11-11,19,291118,Gross Domestic Product: chained volume measures: Seasonally adjusted £m
1991-Q1,2020-11-12,23,302325,Gross Domestic Product: chained volume measures: Seasonally adjusted £m
1991-Q1,2021-11-11,27,316429,Gross Domestic Product: chained volume measures: Seasonally adjusted £m
1991-Q1,2022-11-15,31,321164,Gross Domestic Product: chained volume measures: Seasonally adjusted £m
1991-Q1,2023-11-10,35,312596,Gross Domestic Product: chained volume measures: Seasonally adjusted £m
1991-Q1,2024-11-15,39,346292,Gross Domestic Product: chained volume measures: Seasonally adjusted £m
1991-Q1,2025-11-13,43,374060,Gross Domestic Product: chained volume measures: Seasonally adjusted £m
1991-Q2,2015-05-27,1,261442,Gross Domestic Product: chained volume measures: Seasonally adjusted £m
1991-Q2,2015-05-27,2,267587,Gross Domestic Product: chained volume measures: Seasonally adjusted £m
1991-Q2,2016-08-25,5,276891,Gross Domestic Product: chained volume measures: Seasonally adjusted £m
1991-Q2,2017-11-23,10,283698,Gross Domestic Product: chained volume measures: Seasonally adjusted £m
1991-Q2,2018-08-09,13,287708,Gross Domestic Product: chained volume measures: Seasonally adjusted £m
1991-Q2,2019-11-11,19,290751,Gross Domestic Product: chained volume measures: Seasonally adjusted £m
1991-Q2,2020-11-12,23,301943,Gross Domestic Product: chained volume measures: Seasonally adjusted £m
1991-Q2,2021-11-11,27,315958,Gross Domestic Product: chained volume measures: Seasonally adjusted £m
1991-Q2,2022-11-15,31,319958,Gross Domestic Product: chained volume measures: Seasonally adjusted £m
1991-Q2,2023-11-10,35,312235,Gross Domestic Product: chained volume measures: Seasonally adjusted £m
1991-Q2,2024-11-15,39,345892,Gross Domestic Product: chained volume measures: Seasonally adjusted £m
1991-Q2,2025-11-13,43,373608,Gross Domestic Product: chained volume measures: Seasonally adjusted £m
1991-Q3,2015-05-27,1,260779,Gross Domestic Product: chained volume measures: Seasonally adjusted £m
1991-Q3,2015-05-27,2,266900,Gross Domestic Product: chained volume measures: Seasonally adjusted £m
1991-Q3,2016-08-25,5,276240,Gross Domestic Product: chained volume measures: Seasonally adjusted £m
1991-Q3,2017-11-23,10,283051,Gross Domestic Product: chained volume measures: Seasonally adjusted £m
1991-Q3,2018-08-09,13,287050,Gross Domestic Product: chained volume measures: Seasonally adjusted £m
1991-Q3,2019-11-11,19,290116,Gross Domestic Product: chained volume measures: Seasonally adjusted £m
1991-Q3,2020-11-12,23,301285,Gross Domestic Product: chained volume measures: Seasonally adjusted £m
1991-Q3,2021-11-11,27,315193,Gross Domestic Product: chained volume measures: Seasonally adjusted £m
1991-Q3,2022-11-15,31,319027,Gross Domestic Product: chained volume measures: Seasonally adjusted £m
1991-Q3,2023-11-10,35,311624,Gross Domestic Product: chained volume measures: Seasonally adjusted £m
1991-Q3,2024-11-15,39,345216,Gross Domestic Product: chained volume measures: Seasonally adjusted £m
1991-Q3,2025-11-13,43,372878,Gross Domestic Product: chained volume measures: Seasonally adjusted £m
1991-Q4,2015-05-27,1,261240,Gross Domestic Product: chained volume measures: Seasonally adjusted £m
1991-Q4,2015-05-27,2,267374,Gross Domestic Product: chained volume measures: Seasonally adjusted £m
1991-Q4,2016-08-25,5,276675,Gross Domestic Product: chained volume measures: Seasonally adjusted £m
1991-Q4,2017-11-23,10,283505,Gross Domestic Product: chained volume measures: Seasonally adjusted £m
1991-Q4,2018-08-09,13,287507,Gross Domestic Product: chained volume measures: Seasonally adjusted £m
1991-Q4,2019-11-11,19,290620,Gross Domestic Product: chained volume measures: Seasonally adjusted £m
1991-Q4,2020-11-12,23,301811,Gross Domestic Product: chained volume measures: Seasonally adjusted £m
1991-Q4,2021-11-11,27,315669,Gross Domestic Product: chained volume measures: Seasonally adjusted £m
1991-Q4,2022-11-15,31,319668,Gross Domestic Product: chained volume measures: Seasonally adjusted £m
1991-Q4,2023-11-10,35,312006,Gross Domestic Product: chained volume measures: Seasonally adjusted £m
1991-Q4,2024-11-15,39,345643,Gross Domestic Product: chained volume measures: Seasonally adjusted £m
1991-Q4,2025-11-13,43,373357,Gross Domestic Product: chained volume measures: Seasonally adjusted £m
1992-Q1,2015-05-27,1,261346,Gross Domestic Product: chained volume measures: Seasonally adjusted £m
1992-Q1,2015-05-27,2,267488,Gross Domestic Product: chained volume measures: Seasonally adjusted £m
1992-Q1,2016-08-25,5,276661,Gross Domestic Product: chained volume measures: Seasonally adjusted £m
1992-Q1,2017-11-23,10,283489,Gross Domestic Product: chained volume measures: Seasonally adjusted £m
1992-Q1,2018-08-09,13,287484,Gross Domestic Product: chained volume measures: Seasonally adjusted £m
1992-Q1,2019-11-11,19,290641,Gross Domestic Product: chained volume measures: Seasonally adjusted £m
1992-Q1,2020-11-12,23,301831,Gross Domestic Product: chained volume measures: Seasonally adjusted £m
1992-Q1,2021-11-11,27,315631,Gross Domestic Product: chained volume measures: Seasonally adjusted £m
1992-Q1,2022-11-15,31,319525,Gross Domestic Product: chained volume measures: Seasonally adjusted £m
1992-Q1,2023-11-10,35,311904,Gross Domestic Product: chained volume measures: Seasonally adjusted £m
1992-Q1,2024-11-15,39,345523,Gross Domestic Product: chained volume measures: Seasonally adjusted £m
1992-Q1,2025-11-13,43,373317,Gross Domestic Product: chained volume measures: Seasonally adjusted £m
1992-Q2,2015-05-27,1,261067,Gross Domestic Product: chained volume measures: Seasonally adjusted £m
1992-Q2,2015-05-27,2,267208,Gross Domestic Product: chained volume measures: Seasonally adjusted £m
1992-Q2,2016-08-25,5,276313,Gross Domestic Product: chained volume measures: Seasonally adjusted £m
1992-Q2,2017-11-23,10,283140,Gross Domestic Product: chained volume measures: Seasonally adjusted £m
1992-Q2,2018-08-09,13,287134,Gross Domestic Product: chained volume measures: Seasonally adjusted £m
1992-Q2,2019-11-11,19,290298,Gross Domestic Product: chained volume measures: Seasonally adjusted £m
1992-Q2,2020-11-12,23,301474,Gross Domestic Product: chained volume measures: Seasonally adjusted £m
1992-Q2,2021-11-11,27,315196,Gross Domestic Product: chained volume measures: Seasonally adjusted £m
1992-Q2,2022-11-15,31,318481,Gross Domestic Product: chained volume measures: Seasonally adjusted £m
1992-Q2,2023-11-10,35,311418,Gross Domestic Product: chained volume measures: Seasonally adjusted £m
1992-Q2,2024-11-15,39,344987,Gross Domestic Product: chained volume measures: Seasonally adjusted £m
1992-Q2,2025-11-13,43,372751,Gross Domestic Product: chained volume measures: Seasonally adjusted £m
1992-Q3,2015-05-27,1,262816,Gross Domestic Product: chained volume measures: Seasonally adjusted £m
1992-Q3,2015-05-27,2,268994,Gross Domestic Product: chained volume measures: Seasonally adjusted £m
1992-Q3,2016-08-25,5,278066,Gross Domestic Product: chained volume measures: Seasonally adjusted £m
1992-Q3,2017-11-23,10,284952,Gross Domestic Product: chained volume measures: Seasonally adjusted £m
1992-Q3,2018-08-09,13,288973,Gross Domestic Product: chained volume measures: Seasonally adjusted £m
1992-Q3,2019-11-11,19,292147,Gross Domestic Product: chained volume measures: Seasonally adjusted £m
1992-Q3,2020-11-12,23,303395,Gross Domestic Product: chained volume measures: Seasonally adjusted £m
1992-Q3,2021-11-11,27,317131,Gross Domestic Product: chained volume measures: Seasonally adjusted £m
1992-Q3,2022-11-15,31,320240,Gross Domestic Product: chained volume measures: Seasonally adjusted £m
1992-Q3,2023-11-10,35,312896,Gross Domestic Product: chained volume measures: Seasonally adjusted £m
1992-Q3,2024-11-15,39,346628,Gross Domestic Product: chained volume measures: Seasonally adjusted £m
1992-Q3,2025-11-13,43,374537,Gross Domestic Product: chained volume measures: Seasonally adjusted £m
1992-Q4,2015-05-27,1,264742,Gross Domestic Product: chained volume measures: Seasonally adjusted £m
1992-Q4,2015-05-27,2,270959,Gross Domestic Product: chained volume measures: Seasonally adjusted £m
1992-Q4,2016-08-25,5,280003,Gross Domestic Product: chained volume measures: Seasonally adjusted £m
1992-Q4,2017-11-23,10,286957,Gross Domestic Product: chained volume measures: Seasonally adjusted £m
1992-Q4,2018-08-09,13,291001,Gross Domestic Product: chained volume measures: Seasonally adjusted £m
1992-Q4,2019-11-11,19,294182,Gross Domestic Product: chained volume measures: Seasonally adjusted £m
1992-Q4,2020-11-12,23,305506,Gross Domestic Product: chained volume measures: Seasonally adjusted £m
1992-Q4,2021-11-11,27,319248,Gross Domestic Product: chained volume measures: Seasonally adjusted £m
1992-Q4,2022-11-15,31,321960,Gross Domestic Product: chained volume measures: Seasonally adjusted £m
1992-Q4,2023-11-10,35,315307,Gross Domestic Product: chained volume measures: Seasonally adjusted £m
1992-Q4,2024-11-15,39,349299,Gross Domestic Product: chained volume measures: Seasonally adjusted £m
1992-Q4,2025-11-13,43,377418,Gross Domestic Product: chained volume measures: Seasonally adjusted £m
1993-Q1,2015-05-27,1,266762,Gross Domestic Product: chained volume measures: Seasonally adjusted £m
1993-Q1,2015-05-27,2,273017,Gross Domestic Product: chained volume measures: Seasonally adjusted £m
1993-Q1,2016-08-25,5,282033,Gross Domestic Product: chained volume measures: Seasonally adjusted £m
1993-Q1,2017-11-23,10,289057,Gross Domestic Product: chained volume measures: Seasonally adjusted £m
1993-Q1,2018-08-09,13,293132,Gross Domestic Product: chained volume measures: Seasonally adjusted £m
1993-Q1,2019-11-11,19,296310,Gross Domestic Product: chained volume measures: Seasonally adjusted £m
1993-Q1,2020-11-12,23,307712,Gross Domestic Product: chained volume measures: Seasonally adjusted £m
1993-Q1,2021-11-11,27,321451,Gross Domestic Product: chained volume measures: Seasonally adjusted £m
1993-Q1,2022-11-15,31,324111,Gross Domestic Product: chained volume measures: Seasonally adjusted £m
1993-Q1,2023-11-10,35,316882,Gross Domestic Product: chained volume measures: Seasonally adjusted £m
1993-Q1,2024-11-15,39,351046,Gross Domestic Product: chained volume measures: Seasonally adjusted £m
1993-Q1,2025-11-13,43,379370,Gross Domestic Product: chained volume measures: Seasonally adjusted £m
1993-Q2,2015-05-27,1,268180,Gross Domestic Product: chained volume measures: Seasonally adjusted £m
1993-Q2,2015-05-27,2,274457,Gross Domestic Product: chained volume measures: Seasonally adjusted £m
1993-Q2,2016-08-25,5,283448,Gross Domestic Product: chained volume measures: Seasonally adjusted £m
1993-Q2,2017-11-23,10,290527,Gross Domestic Product: chained volume measures: Seasonally adjusted £m
1993-Q2,2018-08-09,13,294622,Gross Domestic Product: chained volume measures: Seasonally adjusted £m
1993-Q2,2019-11-11,19,297779,Gross Domestic Product: chained volume measures: Seasonally adjusted £m
1993-Q2,2020-11-12,23,309236,Gross Domestic Product: chained volume measures: Seasonally adjusted £m
1993-Q2,2021-11-11,27,322977,Gross Domestic Product: chained volume measures: Seasonally adjusted £m
1993-Q2,2022-11-15,31,325394,Gross Domestic Product: chained volume measures: Seasonally adjusted £m
1993-Q2,2023-11-10,35,318302,Gross Domestic Product: chained volume measures: Seasonally adjusted £m
1993-Q2,2024-11-15,39,352612,Gross Domestic Product: chained volume measures: Seasonally adjusted £m
1993-Q2,2025-11-13,43,381045,Gross Domestic Product: chained volume measures: Seasonally adjusted £m
1993-Q3,2015-05-27,1,270418,Gross Domestic Product: chained volume measures: Seasonally adjusted £m
1993-Q3,2015-05-27,2,276741,Gross Domestic Product: chained volume measures: Seasonally adjusted £m
1993-Q3,2016-08-25,5,285728,Gross Domestic Product: chained volume measures: Seasonally adjusted £m
1993-Q3,2017-11-23,10,292864,Gross Domestic Product: chained volume measures: Seasonally adjusted £m
1993-Q3,2018-08-09,13,296993,Gross Domestic Product: chained volume measures: Seasonally adjusted £m
1993-Q3,2019-11-11,19,300125,Gross Domestic Product: chained volume measures: Seasonally adjusted £m
1993-Q3,2020-11-12,23,311683,Gross Domestic Product: chained volume measures: Seasonally adjusted £m
1993-Q3,2021-11-11,27,325512,Gross Domestic Product: chained volume measures: Seasonally adjusted £m
1993-Q3,2022-11-15,31,327863,Gross Domestic Product: chained volume measures: Seasonally adjusted £m
1993-Q3,2023-11-10,35,321218,Gross Domestic Product: chained volume measures: Seasonally adjusted £m
1993-Q3,2024-11-15,39,355841,Gross Domestic Product: chained volume measures: Seasonally adjusted £m
1993-Q3,2025-11-13,43,384524,Gross Domestic Product: chained volume measures: Seasonally adjusted £m
1993-Q4,2015-05-27,1,272389,Gross Domestic Product: chained volume measures: Seasonally adjusted £m
1993-Q4,2015-05-27,2,278751,Gross Domestic Product: chained volume measures: Seasonally adjusted £m
1993-Q4,2016-08-25,5,287688,Gross Domestic Product: chained volume measures: Seasonally adjusted £m
1993-Q4,2017-11-23,10,294860,Gross Domestic Product: chained volume measures: Seasonally adjusted £m
1993-Q4,2018-08-09,13,299014,Gross Domestic Product: chained volume measures: Seasonally adjusted £m
1993-Q4,2019-11-11,19,302117,Gross Domestic Product: chained volume measures: Seasonally adjusted £m
1993-Q4,2020-11-12,23,313765,Gross Domestic Product: chained volume measures: Seasonally adjusted £m
1993-Q4,2021-11-11,27,327688,Gross Domestic Product: chained volume measures: Seasonally adjusted £m
1993-Q4,2022-11-15,31,329789,Gross Domestic Product: chained volume measures: Seasonally adjusted £m
1993-Q4,2023-11-10,35,323400,Gross Domestic Product: chained volume measures: Seasonally adjusted £m
1993-Q4,2024-11-15,39,358264,Gross Domestic Product: chained volume measures: Seasonally adjusted £m
1993-Q4,2025-11-13,43,387143,Gross Domestic Product: chained volume measures: Seasonally adjusted £m
1994-Q1,2015-05-27,1,275836,Gross Domestic Product: chained volume measures: Seasonally adjusted £m
1994-Q1,2015-05-27,2,282272,Gross Domestic Product: chained volume measures: Seasonally adjusted £m
1994-Q1,2016-08-25,5,291179,Gross Domestic Product: chained volume measures: Seasonally adjusted £m
1994-Q1,2017-11-23,10,298406,Gross Domestic Product: chained volume measures: Seasonally adjusted £m
1994-Q1,2018-08-09,13,302653,Gross Domestic Product: chained volume measures: Seasonally adjusted £m
1994-Q1,2019-11-11,19,305669,Gross Domestic Product: chained volume measures: Seasonally adjusted £m
1994-Q1,2020-11-12,23,317468,Gross Domestic Product: chained volume measures: Seasonally adjusted £m
1994-Q1,2021-11-11,27,331506,Gross Domestic Product: chained volume measures: Seasonally adjusted £m
1994-Q1,2022-11-15,31,333269,Gross Domestic Product: chained volume measures: Seasonally adjusted £m
1994-Q1,2023-11-10,35,326585,Gross Domestic Product: chained volume measures: Seasonally adjusted £m
1994-Q1,2024-11-15,39,361793,Gross Domestic Product: chained volume measures: Seasonally adjusted £m
1994-Q1,2025-11-13,43,391026,Gross Domestic Product: chained volume measures: Seasonally adjusted £m
1994-Q2,2015-05-27,1,279116,Gross Domestic Product: chained volume measures: Seasonally adjusted £m
1994-Q2,2015-05-27,2,285631,Gross Domestic Product: chained volume measures: Seasonally adjusted £m
1994-Q2,2016-08-25,5,294553,Gross Domestic Product: chained volume measures: Seasonally adjusted £m
1994-Q2,2017-11-23,10,301869,Gross Domestic Product: chained volume measures: Seasonally adjusted £m
1994-Q2,2018-08-09,13,306166,Gross Domestic Product: chained volume measures: Seasonally adjusted £m
1994-Q2,2019-11-11,19,309236,Gross Domestic Product: chained volume measures: Seasonally adjusted £m
1994-Q2,2020-11-12,23,321166,Gross Domestic Product: chained volume measures: Seasonally adjusted £m
1994-Q2,2021-11-11,27,335294,Gross Domestic Product: chained volume measures: Seasonally adjusted £m
1994-Q2,2022-11-15,31,336803,Gross Domestic Product: chained volume measures: Seasonally adjusted £m
1994-Q2,2023-11-10,35,329584,Gross Domestic Product: chained volume measures: Seasonally adjusted £m
1994-Q2,2024-11-15,39,365109,Gross Domestic Product: chained volume measures: Seasonally adjusted £m
1994-Q2,2025-11-13,43,394588,Gross Domestic Product: chained volume measures: Seasonally adjusted £m
1994-Q3,2015-05-27,1,282336,Gross Domestic Product: chained volume measures: Seasonally adjusted £m
1994-Q3,2015-05-27,2,288937,Gross Domestic Product: chained volume measures: Seasonally adjusted £m
1994-Q3,2016-08-25,5,297883,Gross Domestic Product: chained volume measures: Seasonally adjusted £m
1994-Q3,2017-11-23,10,305295,Gross Domestic Product: chained volume measures: Seasonally adjusted £m
1994-Q3,2018-08-09,13,309643,Gross Domestic Product: chained volume measures: Seasonally adjusted £m
1994-Q3,2019-11-11,19,312770,Gross Domestic Product: chained volume measures: Seasonally adjusted £m
1994-Q3,2020-11-12,23,324811,Gross Domestic Product: chained volume measures: Seasonally adjusted £m
1994-Q3,2021-11-11,27,338943,Gross Domestic Product: chained volume measures: Seasonally adjusted £m
1994-Q3,2022-11-15,31,340451,Gross Domestic Product: chained volume measures: Seasonally adjusted £m
1994-Q3,2023-11-10,35,332911,Gross Domestic Product: chained volume measures: Seasonally adjusted £m
1994-Q3,2024-11-15,39,368798,Gross Domestic Product: chained volume measures: Seasonally adjusted £m
1994-Q3,2025-11-13,43,398566,Gross Domestic Product: chained volume measures: Seasonally adjusted £m
1994-Q4,2015-05-27,1,283840,Gross Domestic Product: chained volume measures: Seasonally adjusted £m
1994-Q4,2015-05-27,2,290509,Gross Domestic Product: chained volume measures: Seasonally adjusted £m
1994-Q4,2016-08-25,5,299529,Gross Domestic Product: chained volume measures: Seasonally adjusted £m
1994-Q4,2017-11-23,10,307030,Gross Domestic Product: chained volume measures: Seasonally adjusted £m
1994-Q4,2018-08-09,13,311406,Gross Domestic Product: chained volume measures: Seasonally adjusted £m
1994-Q4,2019-11-11,19,314667,Gross Domestic Product: chained volume measures: Seasonally adjusted £m
1994-Q4,2020-11-12,23,326734,Gross Domestic Product: chained volume measures: Seasonally adjusted £m
1994-Q4,2021-11-11,27,340781,Gross Domestic Product: chained volume measures: Seasonally adjusted £m
1994-Q4,2022-11-15,31,342104,Gross Domestic Product: chained volume measures: Seasonally adjusted £m
1994-Q4,2023-11-10,35,334363,Gross Domestic Product: chained volume measures: Seasonally adjusted £m
1994-Q4,2024-11-15,39,370401,Gross Domestic Product: chained volume measures: Seasonally adjusted £m
1994-Q4,2025-11-13,43,400279,Gross Domestic Product: chained volume measures: Seasonally adjusted £m
1995-Q1,2015-05-27,1,284637,Gross Domestic Product: chained volume measures: Seasonally adjusted £m
1995-Q1,2015-05-27,2,291367,Gross Domestic Product: chained volume measures: Seasonally adjusted £m
1995-Q1,2016-08-25,5,300454,Gross Domestic Product: chained volume measures: Seasonally adjusted £m
1995-Q1,2017-11-23,10,308059,Gross Domestic Product: chained volume measures: Seasonally adjusted £m
1995-Q1,2018-08-09,13,312408,Gross Domestic Product: chained volume measures: Seasonally adjusted £m
1995-Q1,2019-11-11,19,316003,Gross Domestic Product: chained volume measures: Seasonally adjusted £m
1995-Q1,2020-11-12,23,328056,Gross Domestic Product: chained volume measures: Seasonally adjusted £m
1995-Q1,2021-11-11,27,342037,Gross Domestic Product: chained volume measures: Seasonally adjusted £m
1995-Q1,2022-11-15,31,342962,Gross Domestic Product: chained volume measures: Seasonally adjusted £m
1995-Q1,2023-11-10,35,336090,Gross Domestic Product: chained volume measures: Seasonally adjusted £m
1995-Q1,2024-11-15,39,372307,Gross Domestic Product: chained volume measures: Seasonally adjusted £m
1995-Q1,2025-11-13,43,402390,Gross Domestic Product: chained volume measures: Seasonally adjusted £m
1995-Q2,2015-05-27,1,285751,Gross Domestic Product: chained volume measures: Seasonally adjusted £m
1995-Q2,2015-05-27,2,292483,Gross Domestic Product: chained volume measures: Seasonally adjusted £m
1995-Q2,2016-08-25,5,301602,Gross Domestic Product: chained volume measures: Seasonally adjusted £m
1995-Q2,2017-11-23,10,309171,Gross Domestic Product: chained volume measures: Seasonally adjusted £m
1995-Q2,2018-08-09,13,313535,Gross Domestic Product: chained volume measures: Seasonally adjusted £m
1995-Q2,2019-11-11,19,317171,Gross Domestic Product: chained volume measures: Seasonally adjusted £m
1995-Q2,2020-11-12,23,329292,Gross Domestic Product: chained volume measures: Seasonally adjusted £m
1995-Q2,2021-11-11,27,343279,Gross Domestic Product: chained volume measures: Seasonally adjusted £m
1995-Q2,2022-11-15,31,343589,Gross Domestic Product: chained volume measures: Seasonally adjusted £m
1995-Q2,2023-11-10,35,336789,Gross Domestic Product: chained volume measures: Seasonally adjusted £m
1995-Q2,2024-11-15,39,373090,Gross Domestic Product: chained volume measures: Seasonally adjusted £m
1995-Q2,2025-11-13,43,403259,Gross Domestic Product: chained volume measures: Seasonally adjusted £m
1995-Q3,2015-05-27,1,288862,Gross Domestic Product: chained volume measures: Seasonally adjusted £m
1995-Q3,2015-05-27,2,295584,Gross Domestic Product: chained volume measures: Seasonally adjusted £m
1995-Q3,2016-08-25,5,304758,Gross Domestic Product: chained volume measures: Seasonally adjusted £m
1995-Q3,2017-11-23,10,312212,Gross Domestic Product: chained volume measures: Seasonally adjusted £m
1995-Q3,2018-08-09,13,316615,Gross Domestic Product: chained volume measures: Seasonally adjusted £m
1995-Q3,2019-11-11,19,320102,Gross Domestic Product: chained volume measures: Seasonally adjusted £m
1995-Q3,2020-11-12,23,332436,Gross Domestic Product: chained volume measures: Seasonally adjusted £m
1995-Q3,2021-11-11,27,346656,Gross Domestic Product: chained volume measures: Seasonally adjusted £m
1995-Q3,2022-11-15,31,347031,Gross Domestic Product: chained volume measures: Seasonally adjusted £m
1995-Q3,2023-11-10,35,340542,Gross Domestic Product: chained volume measures: Seasonally adjusted £m
1995-Q3,2024-11-15,39,377249,Gross Domestic Product: chained volume measures: Seasonally adjusted £m
1995-Q3,2025-11-13,43,407795,Gross Domestic Product: chained volume measures: Seasonally adjusted £m
1995-Q4,2015-05-27,1,290247,Gross Domestic Product: chained volume measures: Seasonally adjusted £m
1995-Q4,2015-05-27,2,296848,Gross Domestic Product: chained volume measures: Seasonally adjusted £m
1995-Q4,2016-08-25,5,305984,Gross Domestic Product: chained volume measures: Seasonally adjusted £m
1995-Q4,2017-11-23,10,313106,Gross Domestic Product: chained volume measures: Seasonally adjusted £m
1995-Q4,2018-08-09,13,317507,Gross Domestic Product: chained volume measures: Seasonally adjusted £m
1995-Q4,2019-11-11,19,320514,Gross Domestic Product: chained volume measures: Seasonally adjusted £m
1995-Q4,2020-11-12,23,333055,Gross Domestic Product: chained volume measures: Seasonally adjusted £m
1995-Q4,2021-11-11,27,347458,Gross Domestic Product: chained volume measures: Seasonally adjusted £m
1995-Q4,2022-11-15,31,347651,Gross Domestic Product: chained volume measures: Seasonally adjusted £m
1995-Q4,2023-11-10,35,341602,Gross Domestic Product: chained volume measures: Seasonally adjusted £m
1995-Q4,2024-11-15,39,378442,Gross Domestic Product: chained volume measures: Seasonally adjusted £m
1995-Q4,2025-11-13,43,409132,Gross Domestic Product: chained volume measures: Seasonally adjusted £m
1996-Q1,2015-05-27,1,293666,Gross Domestic Product: chained volume measures: Seasonally adjusted £m
1996-Q1,2015-05-27,2,300125,Gross Domestic Product: chained volume measures: Seasonally adjusted £m
1996-Q1,2016-08-25,5,309250,Gross Domestic Product: chained volume measures: Seasonally adjusted £m
1996-Q1,2017-11-23,10,315951,Gross Domestic Product: chained volume measures: Seasonally adjusted £m
1996-Q1,2018-08-09,13,320370,Gross Domestic Product: chained volume measures: Seasonally adjusted £m
1996-Q1,2019-11-11,19,323457,Gross Domestic Product: chained volume measures: Seasonally adjusted £m
1996-Q1,2020-11-12,23,334982,Gross Domestic Product: chained volume measures: Seasonally adjusted £m
1996-Q1,2021-11-11,27,349384,Gross Domestic Product: chained volume measures: Seasonally adjusted £m
1996-Q1,2022-11-15,31,349056,Gross Domestic Product: chained volume measures: Seasonally adjusted £m
1996-Q1,2023-11-10,35,343859,Gross Domestic Product: chained volume measures: Seasonally adjusted £m
1996-Q1,2024-11-15,39,380976,Gross Domestic Product: chained volume measures: Seasonally adjusted £m
1996-Q1,2025-11-13,43,412022,Gross Domestic Product: chained volume measures: Seasonally adjusted £m
1996-Q2,2015-05-27,1,294490,Gross Domestic Product: chained volume measures: Seasonally adjusted £m
1996-Q2,2015-05-27,2,301032,Gross Domestic Product: chained volume measures: Seasonally adjusted £m
1996-Q2,2016-08-25,5,310103,Gross Domestic Product: chained volume measures: Seasonally adjusted £m
1996-Q2,2017-11-23,10,316947,Gross Domestic Product: chained volume measures: Seasonally adjusted £m
1996-Q2,2018-08-09,13,321390,Gross Domestic Product: chained volume measures: Seasonally adjusted £m
1996-Q2,2019-11-11,19,324609,Gross Domestic Product: chained volume measures: Seasonally adjusted £m
1996-Q2,2020-11-12,23,336145,Gross Domestic Product: chained volume measures: Seasonally adjusted £m
1996-Q2,2021-11-11,27,350120,Gross Domestic Product: chained volume measures: Seasonally adjusted £m
1996-Q2,2022-11-15,31,349195,Gross Domestic Product: chained volume measures: Seasonally adjusted £m
1996-Q2,2023-11-10,35,344979,Gross Domestic Product: chained volume measures: Seasonally adjusted £m
1996-Q2,2024-11-15,39,382146,Gross Domestic Product: chained volume measures: Seasonally adjusted £m
1996-Q2,2025-11-13,43,413325,Gross Domestic Product: chained volume measures: Seasonally adjusted £m
1996-Q3,2015-05-27,1,295521,Gross Domestic Product: chained volume measures: Seasonally adjusted £m
1996-Q3,2015-05-27,2,302439,Gross Domestic Product: chained volume measures: Seasonally adjusted £m
1996-Q3,2016-08-25,5,311412,Gross Domestic Product: chained volume measures: Seasonally adjusted £m
1996-Q3,2017-11-23,10,319095,Gross Domestic Product: chained volume measures: Seasonally adjusted £m
1996-Q3,2018-08-09,13,323585,Gross Domestic Product: chained volume measures: Seasonally adjusted £m
1996-Q3,2019-11-11,19,327469,Gross Domestic Product: chained volume measures: Seasonally adjusted £m
1996-Q3,2020-11-12,23,340034,Gross Domestic Product: chained volume measures: Seasonally adjusted £m
1996-Q3,2021-11-11,27,353981,Gross Domestic Product: chained volume measures: Seasonally adjusted £m
1996-Q3,2022-11-15,31,352909,Gross Domestic Product: chained volume measures: Seasonally adjusted £m
1996-Q3,2023-11-10,35,348214,Gross Domestic Product: chained volume measures: Seasonally adjusted £m
1996-Q3,2024-11-15,39,385671,Gross Domestic Product: chained volume measures: Seasonally adjusted £m
1996-Q3,2025-11-13,43,417019,Gross Domestic Product: chained volume measures: Seasonally adjusted £m
1996-Q4,2015-05-27,1,296474,Gross Domestic Product: chained volume measures: Seasonally adjusted £m
1996-Q4,2015-05-27,2,304067,Gross Domestic Product: chained volume measures: Seasonally adjusted £m
1996-Q4,2016-08-25,5,312944,Gross Domestic Product: chained volume measures: Seasonally adjusted £m
1996-Q4,2017-11-23,10,322100,Gross Domestic Product: chained volume measures: Seasonally adjusted £m
1996-Q4,2018-08-09,13,326666,Gross Domestic Product: chained volume measures: Seasonally adjusted £m
1996-Q4,2019-11-11,19,329992,Gross Domestic Product: chained volume measures: Seasonally adjusted £m
1996-Q4,2020-11-12,23,344637,Gross Domestic Product: chained volume measures: Seasonally adjusted £m
1996-Q4,2021-11-11,27,359441,Gross Domestic Product: chained volume measures: Seasonally adjusted £m
1996-Q4,2022-11-15,31,356423,Gross Domestic Product: chained volume measures: Seasonally adjusted £m
1996-Q4,2023-11-10,35,352958,Gross Domestic Product: chained volume measures: Seasonally adjusted £m
1996-Q4,2024-11-15,39,391053,Gross Domestic Product: chained volume measures: Seasonally adjusted £m
1996-Q4,2025-11-13,43,422639,Gross Domestic Product: chained volume measures: Seasonally adjusted £m
1997-Q1,2015-05-27,1,297909,Gross Domestic Product: chained volume measures: Seasonally adjusted £m
1997-Q1,2015-05-27,2,306549,Gross Domestic Product: chained volume measures: Seasonally adjusted £m
1997-Q1,2016-08-25,5,315943,Gross Domestic Product: chained volume measures: Seasonally adjusted £m
1997-Q1,2017-11-23,10,326757,Gross Domestic Product: chained volume measures: Seasonally adjusted £m
1997-Q1,2018-08-09,13,332963,Gross Domestic Product: chained volume measures: Seasonally adjusted £m
1997-Q1,2019-11-11,19,334548,Gross Domestic Product: chained volume measures: Seasonally adjusted £m
1997-Q1,2020-11-12,23,351195,Gross Domestic Product: chained volume measures: Seasonally adjusted £m
1997-Q1,2021-11-11,27,365887,Gross Domestic Product: chained volume measures: Seasonally adjusted £m
1997-Q1,2022-11-15,31,361885,Gross Domestic Product: chained volume measures: Seasonally adjusted £m
1997-Q1,2023-11-10,35,358611,Gross Domestic Product: chained volume measures: Seasonally adjusted £m
1997-Q1,2024-11-15,39,397303,Gross Domestic Product: chained volume measures: Seasonally adjusted £m
1997-Q1,2025-11-13,43,429418,Gross Domestic Product: chained volume measures: Seasonally adjusted £m
1997-Q2,2015-05-27,1,301318,Gross Domestic Product: chained volume measures: Seasonally adjusted £m
1997-Q2,2015-05-27,2,310035,Gross Domestic Product: chained volume measures: Seasonally adjusted £m
1997-Q2,2016-08-25,5,319596,Gross Domestic Product: chained volume measures: Seasonally adjusted £m
1997-Q2,2017-11-23,10,330259,Gross Domestic Product: chained volume measures: Seasonally adjusted £m
1997-Q2,2018-08-09,13,335906,Gross Domestic Product: chained volume measures: Seasonally adjusted £m
1997-Q2,2019-11-11,19,337436,Gross Domestic Product: chained volume measures: Seasonally adjusted £m
1997-Q2,2020-11-12,23,354286,Gross Domestic Product: chained volume measures: Seasonally adjusted £m
1997-Q2,2021-11-11,27,368979,Gross Domestic Product: chained volume measures: Seasonally adjusted £m
1997-Q2,2022-11-15,31,365725,Gross Domestic Product: chained volume measures: Seasonally adjusted £m
1997-Q2,2023-11-10,35,362573,Gross Domestic Product: chained volume measures: Seasonally adjusted £m
1997-Q2,2024-11-15,39,401790,Gross Domestic Product: chained volume measures: Seasonally adjusted £m
1997-Q2,2025-11-13,43,434199,Gross Domestic Product: chained volume measures: Seasonally adjusted £m
1997-Q3,2015-05-27,1,303490,Gross Domestic Product: chained volume measures: Seasonally adjusted £m
1997-Q3,2015-05-27,2,312199,Gross Domestic Product: chained volume measures: Seasonally adjusted £m
1997-Q3,2016-08-25,5,321475,Gross Domestic Product: chained volume measures: Seasonally adjusted £m
1997-Q3,2017-11-23,10,332227,Gross Domestic Product: chained volume measures: Seasonally adjusted £m
1997-Q3,2018-08-09,13,337554,Gross Domestic Product: chained volume measures: Seasonally adjusted £m
1997-Q3,2019-11-11,19,339916,Gross Domestic Product: chained volume measures: Seasonally adjusted £m
1997-Q3,2020-11-12,23,356780,Gross Domestic Product: chained volume measures: Seasonally adjusted £m
1997-Q3,2021-11-11,27,371488,Gross Domestic Product: chained volume measures: Seasonally adjusted £m
1997-Q3,2022-11-15,31,369141,Gross Domestic Product: chained volume measures: Seasonally adjusted £m
1997-Q3,2023-11-10,35,365942,Gross Domestic Product: chained volume measures: Seasonally adjusted £m
1997-Q3,2024-11-15,39,405233,Gross Domestic Product: chained volume measures: Seasonally adjusted £m
1997-Q3,2025-11-13,43,438100,Gross Domestic Product: chained volume measures: Seasonally adjusted £m
1997-Q4,2015-05-27,1,307560,Gross Domestic Product: chained volume measures: Seasonally adjusted £m
1997-Q4,2015-05-27,2,316305,Gross Domestic Product: chained volume measures: Seasonally adjusted £m
1997-Q4,2016-08-25,5,325588,Gross Domestic Product: chained volume measures: Seasonally adjusted £m
1997-Q4,2017-11-23,10,336300,Gross Domestic Product: chained volume measures: Seasonally adjusted £m
1997-Q4,2018-08-09,13,341055,Gross Domestic Product: chained volume measures: Seasonally adjusted £m
1997-Q4,2019-11-11,19,343953,Gross Domestic Product: chained volume measures: Seasonally adjusted £m
1997-Q4,2020-11-12,23,360993,Gross Domestic Product: chained volume measures: Seasonally adjusted £m
1997-Q4,2021-11-11,27,375935,Gross Domestic Product: chained volume measures: Seasonally adjusted £m
1997-Q4,2022-11-15,31,374512,Gross Domestic Product: chained volume measures: Seasonally adjusted £m
1997-Q4,2023-11-10,35,371341,Gross Domestic Product: chained volume measures: Seasonally adjusted £m
1997-Q4,2024-11-15,39,411352,Gross Domestic Product: chained volume measures: Seasonally adjusted £m
1997-Q4,2025-11-13,43,444540,Gross Domestic Product: chained volume measures: Seasonally adjusted £m
1998-Q1,2015-05-27,1,309517,Gross Domestic Product: chained volume measures: Seasonally adjusted £m
1998-Q1,2015-05-27,2,318204,Gross Domestic Product: chained volume measures: Seasonally adjusted £m
1998-Q1,2016-08-25,5,327471,Gross Domestic Product: chained volume measures: Seasonally adjusted £m
1998-Q1,2017-11-23,10,338161,Gross Domestic Product: chained volume measures: Seasonally adjusted £m
1998-Q1,2018-08-09,13,343646,Gross Domestic Product: chained volume measures: Seasonally adjusted £m
1998-Q1,2019-11-11,19,346938,Gross Domestic Product: chained volume measures: Seasonally adjusted £m
1998-Q1,2020-11-12,23,364276,Gross Domestic Product: chained volume measures: Seasonally adjusted £m
1998-Q1,2021-11-11,27,378525,Gross Domestic Product: chained volume measures: Seasonally adjusted £m
1998-Q1,2022-11-15,31,376761,Gross Domestic Product: chained volume measures: Seasonally adjusted £m
1998-Q1,2023-11-10,35,374037,Gross Domestic Product: chained volume measures: Seasonally adjusted £m
1998-Q1,2024-11-15,39,414377,Gross Domestic Product: chained volume measures: Seasonally adjusted £m
1998-Q1,2025-11-13,43,447712,Gross Domestic Product: chained volume measures: Seasonally adjusted £m
1998-Q2,2015-05-27,1,311857,Gross Domestic Product: chained volume measures: Seasonally adjusted £m
1998-Q2,2015-05-27,2,320480,Gross Domestic Product: chained volume measures: Seasonally adjusted £m
1998-Q2,2016-08-25,5,329347,Gross Domestic Product: chained volume measures: Seasonally adjusted £m
1998-Q2,2017-11-23,10,340143,Gross Domestic Product: chained volume measures: Seasonally adjusted £m
1998-Q2,2018-08-09,13,346762,Gross Domestic Product: chained volume measures: Seasonally adjusted £m
1998-Q2,2019-11-11,19,349999,Gross Domestic Product: chained volume measures: Seasonally adjusted £m
1998-Q2,2020-11-12,23,367660,Gross Domestic Product: chained volume measures: Seasonally adjusted £m
1998-Q2,2021-11-11,27,381241,Gross Domestic Product: chained volume measures: Seasonally adjusted £m
1998-Q2,2022-11-15,31,378766,Gross Domestic Product: chained volume measures: Seasonally adjusted £m
1998-Q2,2023-11-10,35,376421,Gross Domestic Product: chained volume measures: Seasonally adjusted £m
1998-Q2,2024-11-15,39,416909,Gross Domestic Product: chained volume measures: Seasonally adjusted £m
1998-Q2,2025-11-13,43,450292,Gross Domestic Product: chained volume measures: Seasonally adjusted £m
1998-Q3,2015-05-27,1,314098,Gross Domestic Product: chained volume measures: Seasonally adjusted £m
1998-Q3,2015-05-27,2,322603,Gross Domestic Product: chained volume measures: Seasonally adjusted £m
1998-Q3,2016-08-25,5,331661,Gross Domestic Product: chained volume measures: Seasonally adjusted £m
1998-Q3,2017-11-23,10,342631,Gross Domestic Product: chained volume measures: Seasonally adjusted £m
1998-Q3,2018-08-09,13,349347,Gross Domestic Product: chained volume measures: Seasonally adjusted £m
1998-Q3,2019-11-11,19,352389,Gross Domestic Product: chained volume measures: Seasonally adjusted £m
1998-Q3,2020-11-12,23,370263,Gross Domestic Product: chained volume measures: Seasonally adjusted £m
1998-Q3,2021-11-11,27,383238,Gross Domestic Product: chained volume measures: Seasonally adjusted £m
1998-Q3,2022-11-15,31,379906,Gross Domestic Product: chained volume measures: Seasonally adjusted £m
1998-Q3,2023-11-10,35,377650,Gross Domestic Product: chained volume measures: Seasonally adjusted £m
1998-Q3,2024-11-15,39,418294,Gross Domestic Product: chained volume measures: Seasonally adjusted £m
1998-Q3,2025-11-13,43,451005,Gross Domestic Product: chained volume measures: Seasonally adjusted £m
1998-Q4,2015-05-27,1,317295,Gross Domestic Product: chained volume measures: Seasonally adjusted £m
1998-Q4,2015-05-27,2,325841,Gross Domestic Product: chained volume measures: Seasonally adjusted £m
1998-Q4,2016-08-25,5,335048,Gross Domestic Product: chained volume measures: Seasonally adjusted £m
1998-Q4,2017-11-23,10,346201,Gross Domestic Product: chained volume measures: Seasonally adjusted £m
1998-Q4,2018-08-09,13,352746,Gross Domestic Product: chained volume measures: Seasonally adjusted £m
1998-Q4,2019-11-11,19,355946,Gross Domestic Product: chained volume measures: Seasonally adjusted £m
1998-Q4,2020-11-12,23,373826,Gross Domestic Product: chained volume measures: Seasonally adjusted £m
1998-Q4,2021-11-11,27,386036,Gross Domestic Product: chained volume measures: Seasonally adjusted £m
1998-Q4,2022-11-15,31,382282,Gross Domestic Product: chained volume measures: Seasonally adjusted £m
1998-Q4,2023-11-10,35,380155,Gross Domestic Product: chained volume measures: Seasonally adjusted £m
1998-Q4,2024-11-15,39,421074,Gross Domestic Product: chained volume measures: Seasonally adjusted £m
1998-Q4,2025-11-13,43,453937,Gross Domestic Product: chained volume measures: Seasonally adjusted £m
1999-Q1,2015-05-27,1,318806,Gross Domestic Product: chained volume measures: Seasonally adjusted £m
1999-Q1,2015-05-27,2,327488,Gross Domestic Product: chained volume measures: Seasonally adjusted £m
1999-Q1,2016-08-25,5,337294,Gross Domestic Product: chained volume measures: Seasonally adjusted £m
1999-Q1,2017-11-23,10,348284,Gross Domestic Product: chained volume measures: Seasonally adjusted £m
1999-Q1,2018-08-09,13,354739,Gross Domestic Product: chained volume measures: Seasonally adjusted £m
1999-Q1,2019-11-11,19,358191,Gross Domestic Product: chained volume measures: Seasonally adjusted £m
1999-Q1,2020-11-12,23,376026,Gross Domestic Product: chained volume measures: Seasonally adjusted £m
1999-Q1,2021-11-11,27,388351,Gross Domestic Product: chained volume measures: Seasonally adjusted £m
1999-Q1,2022-11-15,31,385025,Gross Domestic Product: chained volume measures: Seasonally adjusted £m
1999-Q1,2023-11-10,35,382789,Gross Domestic Product: chained volume measures: Seasonally adjusted £m
1999-Q1,2024-11-15,39,423875,Gross Domestic Product: chained volume measures: Seasonally adjusted £m
1999-Q1,2025-11-13,43,457044,Gross Domestic Product: chained volume measures: Seasonally adjusted £m
1999-Q2,2015-05-27,1,319560,Gross Domestic Product: chained volume measures: Seasonally adjusted £m
1999-Q2,2015-05-27,2,328288,Gross Domestic Product: chained volume measures: Seasonally adjusted £m
1999-Q2,2016-08-25,5,337547,Gross Domestic Product: chained volume measures: Seasonally adjusted £m
1999-Q2,2017-11-23,10,348526,Gross Domestic Product: chained volume measures: Seasonally adjusted £m
1999-Q2,2018-08-09,13,354959,Gross Domestic Product: chained volume measures: Seasonally adjusted £m
1999-Q2,2019-11-11,19,358930,Gross Domestic Product: chained volume measures: Seasonally adjusted £m
1999-Q2,2020-11-12,23,376682,Gross Domestic Product: chained volume measures: Seasonally adjusted £m
1999-Q2,2021-11-11,27,389518,Gross Domestic Product: chained volume measures: Seasonally adjusted £m
1999-Q2,2022-11-15,31,386581,Gross Domestic Product: chained volume measures: Seasonally adjusted £m
1999-Q2,2023-11-10,35,384605,Gross Domestic Product: chained volume measures: Seasonally adjusted £m
1999-Q2,2024-11-15,39,425920,Gross Domestic Product: chained volume measures: Seasonally adjusted £m
1999-Q2,2025-11-13,43,458710,Gross Domestic Product: chained volume measures: Seasonally adjusted £m
1999-Q3,2015-05-27,1,324767,Gross Domestic Product: chained volume measures: Seasonally adjusted £m
1999-Q3,2015-05-27,2,333562,Gross Domestic Product: chained volume measures: Seasonally adjusted £m
1999-Q3,2016-08-25,5,343693,Gross Domestic Product: chained volume measures: Seasonally adjusted £m
1999-Q3,2017-11-23,10,354641,Gross Domestic Product: chained volume measures: Seasonally adjusted £m
1999-Q3,2018-08-09,13,361294,Gross Domestic Product: chained volume measures: Seasonally adjusted £m
1999-Q3,2019-11-11,19,365530,Gross Domestic Product: chained volume measures: Seasonally adjusted £m
1999-Q3,2020-11-12,23,383148,Gross Domestic Product: chained volume measures: Seasonally adjusted £m
1999-Q3,2021-11-11,27,395738,Gross Domestic Product: chained volume measures: Seasonally adjusted £m
1999-Q3,2022-11-15,31,393078,Gross Domestic Product: chained volume measures: Seasonally adjusted £m
1999-Q3,2023-11-10,35,390758,Gross Domestic Product: chained volume measures: Seasonally adjusted £m
1999-Q3,2024-11-15,39,432860,Gross Domestic Product: chained volume measures: Seasonally adjusted £m
1999-Q3,2025-11-13,43,466387,Gross Domestic Product: chained volume measures: Seasonally adjusted £m
1999-Q4,2015-05-27,1,329111,Gross Domestic Product: chained volume measures: Seasonally adjusted £m
1999-Q4,2015-05-27,2,337855,Gross Domestic Product: chained volume measures: Seasonally adjusted £m
1999-Q4,2016-08-25,5,348449,Gross Domestic Product: chained volume measures: Seasonally adjusted £m
1999-Q4,2017-11-23,10,359661,Gross Domestic Product: chained volume measures: Seasonally adjusted £m
1999-Q4,2018-08-09,13,366261,Gross Domestic Product: chained volume measures: Seasonally adjusted £m
1999-Q4,2019-11-11,19,370797,Gross Domestic Product: chained volume measures: Seasonally adjusted £m
1999-Q4,2020-11-12,23,388806,Gross Domestic Product: chained volume measures: Seasonally adjusted £m
1999-Q4,2021-11-11,27,401153,Gross Domestic Product: chained volume measures: Seasonally adjusted £m
1999-Q4,2022-11-15,31,398776,Gross Domestic Product: chained volume measures: Seasonally adjusted £m
1999-Q4,2023-11-10,35,396357,Gross Domestic Product: chained volume measures: Seasonally adjusted £m
1999-Q4,2024-11-15,39,439093,Gross Domestic Product: chained volume measures: Seasonally adjusted £m
1999-Q4,2025-11-13,43,473892,Gross Domestic Product: chained volume measures: Seasonally adjusted £m
2000-Q1,2015-05-27,1,332555,Gross Domestic Product: chained volume measures: Seasonally adjusted £m
2000-Q1,2015-05-27,2,341636,Gross Domestic Product: chained volume measures: Seasonally adjusted £m
2000-Q1,2016-08-25,5,351979,Gross Domestic Product: chained volume measures: Seasonally adjusted £m
2000-Q1,2017-11-23,10,363014,Gross Domestic Product: chained volume measures: Seasonally adjusted £m
2000-Q1,2018-08-09,13,369352,Gross Domestic Product: chained volume measures: Seasonally adjusted £m
2000-Q1,2019-11-11,19,373622,Gross Domestic Product: chained volume measures: Seasonally adjusted £m
2000-Q1,2020-11-12,23,391937,Gross Domestic Product: chained volume measures: Seasonally adjusted £m
2000-Q1,2021-11-11,27,405110,Gross Domestic Product: chained volume measures: Seasonally adjusted £m
2000-Q1,2022-11-15,31,403407,Gross Domestic Product: chained volume measures: Seasonally adjusted £m
2000-Q1,2023-11-10,35,401242,Gross Domestic Product: chained volume measures: Seasonally adjusted £m
2000-Q1,2024-11-15,39,444540,Gross Domestic Product: chained volume measures: Seasonally adjusted £m
2000-Q1,2025-11-13,43,480212,Gross Domestic Product: chained volume measures: Seasonally adjusted £m
2000-Q2,2015-05-27,1,334960,Gross Domestic Product: chained volume measures: Seasonally adjusted £m
2000-Q2,2015-05-27,2,344025,Gross Domestic Product: chained volume measures: Seasonally adjusted £m
2000-Q2,2016-08-25,5,354546,Gross Domestic Product: chained volume measures: Seasonally adjusted £m
2000-Q2,2017-11-23,10,365623,Gross Domestic Product: chained volume measures: Seasonally adjusted £m
2000-Q2,2018-08-09,13,371610,Gross Domestic Product: chained volume measures: Seasonally adjusted £m
2000-Q2,2019-11-11,19,375713,Gross Domestic Product: chained volume measures: Seasonally adjusted £m
2000-Q2,2020-11-12,23,394312,Gross Domestic Product: chained volume measures: Seasonally adjusted £m
2000-Q2,2021-11-11,27,407731,Gross Domestic Product: chained volume measures: Seasonally adjusted £m
2000-Q2,2022-11-15,31,406049,Gross Domestic Product: chained volume measures: Seasonally adjusted £m
2000-Q2,2023-11-10,35,404196,Gross Domestic Product: chained volume measures: Seasonally adjusted £m
2000-Q2,2024-11-15,39,447825,Gross Domestic Product: chained volume measures: Seasonally adjusted £m
2000-Q2,2025-11-13,43,483672,Gross Domestic Product: chained volume measures: Seasonally adjusted £m
2000-Q3,2015-05-27,1,336221,Gross Domestic Product: chained volume measures: Seasonally adjusted £m
2000-Q3,2015-05-27,2,345374,Gross Domestic Product: chained volume measures: Seasonally adjusted £m
2000-Q3,2016-08-25,5,355557,Gross Domestic Product: chained volume measures: Seasonally adjusted £m
2000-Q3,2017-11-23,10,366706,Gross Domestic Product: chained volume measures: Seasonally adjusted £m
2000-Q3,2018-08-09,13,372653,Gross Domestic Product: chained volume measures: Seasonally adjusted £m
2000-Q3,2019-11-11,19,376740,Gross Domestic Product: chained volume measures: Seasonally adjusted £m
2000-Q3,2020-11-12,23,395469,Gross Domestic Product: chained volume measures: Seasonally adjusted £m
2000-Q3,2021-11-11,27,409290,Gross Domestic Product: chained volume measures: Seasonally adjusted £m
2000-Q3,2022-11-15,31,408120,Gross Domestic Product: chained volume measures: Seasonally adjusted £m
2000-Q3,2023-11-10,35,406795,Gross Domestic Product: chained volume measures: Seasonally adjusted £m
2000-Q3,2024-11-15,39,450688,Gross Domestic Product: chained volume measures: Seasonally adjusted £m
2000-Q3,2025-11-13,43,486617,Gross Domestic Product: chained volume measures: Seasonally adjusted £m
2000-Q4,2015-05-27,1,337211,Gross Domestic Product: chained volume measures: Seasonally adjusted £m
2000-Q4,2015-05-27,2,346576,Gross Domestic Product: chained volume measures: Seasonally adjusted £m
2000-Q4,2016-08-25,5,356094,Gross Domestic Product: chained volume measures: Seasonally adjusted £m
2000-Q4,2017-11-23,10,367475,Gross Domestic Product: chained volume measures: Seasonally adjusted £m
2000-Q4,2018-08-09,13,373273,Gross Domestic Product: chained volume measures: Seasonally adjusted £m
2000-Q4,2019-11-11,19,377333,Gross Domestic Product: chained volume measures: Seasonally adjusted £m
2000-Q4,2020-11-12,23,396403,Gross Domestic Product: chained volume measures: Seasonally adjusted £m
2000-Q4,2021-11-11,27,410460,Gross Domestic Product: chained volume measures: Seasonally adjusted £m
2000-Q4,2022-11-15,31,409871,Gross Domestic Product: chained volume measures: Seasonally adjusted £m
2000-Q4,2023-11-10,35,409411,Gross Domestic Product: chained volume measures: Seasonally adjusted £m
2000-Q4,2024-11-15,39,453447,Gross Domestic Product: chained volume measures: Seasonally adjusted £m
2000-Q4,2025-11-13,43,489506,Gross Domestic Product: chained volume measures: Seasonally adjusted £m
2001-Q1,2015-05-27,1,341026,Gross Domestic Product: chained volume measures: Seasonally adjusted £m
2001-Q1,2015-05-27,2,350471,Gross Domestic Product: chained volume measures: Seasonally adjusted £m
2001-Q1,2016-08-25,5,360749,Gross Domestic Product: chained volume measures: Seasonally adjusted £m
2001-Q1,2017-11-23,10,371191,Gross Domestic Product: chained volume measures: Seasonally adjusted £m
2001-Q1,2018-08-09,13,378202,Gross Domestic Product: chained volume measures: Seasonally adjusted £m
2001-Q1,2019-11-11,19,382731,Gross Domestic Product: chained volume measures: Seasonally adjusted £m
2001-Q1,2020-11-12,23,401021,Gross Domestic Product: chained volume measures: Seasonally adjusted £m
2001-Q1,2021-11-11,27,413970,Gross Domestic Product: chained volume measures: Seasonally adjusted £m
2001-Q1,2022-11-15,31,413381,Gross Domestic Product: chained volume measures: Seasonally adjusted £m
2001-Q1,2023-11-10,35,413054,Gross Domestic Product: chained volume measures: Seasonally adjusted £m
2001-Q1,2024-11-15,39,457680,Gross Domestic Product: chained volume measures: Seasonally adjusted £m
2001-Q1,2025-11-13,43,493575,Gross Domestic Product: chained volume measures: Seasonally adjusted £m
2001-Q2,2015-05-27,1,343637,Gross Domestic Product: chained volume measures: Seasonally adjusted £m
2001-Q2,2015-05-27,2,353126,Gross Domestic Product: chained volume measures: Seasonally adjusted £m
2001-Q2,2016-08-25,5,363235,Gross Domestic Product: chained volume measures: Seasonally adjusted £m
2001-Q2,2017-11-23,10,374262,Gross Domestic Product: chained volume measures: Seasonally adjusted £m
2001-Q2,2018-08-09,13,381178,Gross Domestic Product: chained volume measures: Seasonally adjusted £m
2001-Q2,2019-11-11,19,385933,Gross Domestic Product: chained volume measures: Seasonally adjusted £m
2001-Q2,2020-11-12,23,404118,Gross Domestic Product: chained volume measures: Seasonally adjusted £m
2001-Q2,2021-11-11,27,415874,Gross Domestic Product: chained volume measures: Seasonally adjusted £m
2001-Q2,2022-11-15,31,414894,Gross Domestic Product: chained volume measures: Seasonally adjusted £m
2001-Q2,2023-11-10,35,414878,Gross Domestic Product: chained volume measures: Seasonally adjusted £m
2001-Q2,2024-11-15,39,459620,Gross Domestic Product: chained volume measures: Seasonally adjusted £m
2001-Q2,2025-11-13,43,495602,Gross Domestic Product: chained volume measures: Seasonally adjusted £m
2001-Q3,2015-05-27,1,345468,Gross Domestic Product: chained volume measures: Seasonally adjusted £m
2001-Q3,2015-05-27,2,355392,Gross Domestic Product: chained volume measures: Seasonally adjusted £m
2001-Q3,2016-08-25,5,365696,Gross Domestic Product: chained volume measures: Seasonally adjusted £m
2001-Q3,2017-11-23,10,376671,Gross Domestic Product: chained volume measures: Seasonally adjusted £m
2001-Q3,2018-08-09,13,384018,Gross Domestic Product: chained volume measures: Seasonally adjusted £m
2001-Q3,2019-11-11,19,389008,Gross Domestic Product: chained volume measures: Seasonally adjusted £m
2001-Q3,2020-11-12,23,407236,Gross Domestic Product: chained volume measures: Seasonally adjusted £m
2001-Q3,2021-11-11,27,417821,Gross Domestic Product: chained volume measures: Seasonally adjusted £m
2001-Q3,2022-11-15,31,416803,Gross Domestic Product: chained volume measures: Seasonally adjusted £m
2001-Q3,2023-11-10,35,417085,Gross Domestic Product: chained volume measures: Seasonally adjusted £m
2001-Q3,2024-11-15,39,462016,Gross Domestic Product: chained volume measures: Seasonally adjusted £m
2001-Q3,2025-11-13,43,497938,Gross Domestic Product: chained volume measures: Seasonally adjusted £m
2001-Q4,2015-05-27,1,346546,Gross Domestic Product: chained volume measures: Seasonally adjusted £m
2001-Q4,2015-05-27,2,356616,Gross Domestic Product: chained volume measures: Seasonally adjusted £m
2001-Q4,2016-08-25,5,367157,Gross Domestic Product: chained volume measures: Seasonally adjusted £m
2001-Q4,2017-11-23,10,377910,Gross Domestic Product: chained volume measures: Seasonally adjusted £m
2001-Q4,2018-08-09,13,385729,Gross Domestic Product: chained volume measures: Seasonally adjusted £m
2001-Q4,2019-11-11,19,390452,Gross Domestic Product: chained volume measures: Seasonally adjusted £m
2001-Q4,2020-11-12,23,408833,Gross Domestic Product: chained volume measures: Seasonally adjusted £m
2001-Q4,2021-11-11,27,418764,Gross Domestic Product: chained volume measures: Seasonally adjusted £m
2001-Q4,2022-11-15,31,417480,Gross Domestic Product: chained volume measures: Seasonally adjusted £m
2001-Q4,2023-11-10,35,418445,Gross Domestic Product: chained volume measures: Seasonally adjusted £m
2001-Q4,2024-11-15,39,463404,Gross Domestic Product: chained volume measures: Seasonally adjusted £m
2001-Q4,2025-11-13,43,499278,Gross Domestic Product: chained volume measures: Seasonally adjusted £m
2002-Q1,2015-05-27,1,348115,Gross Domestic Product: chained volume measures: Seasonally adjusted £m
2002-Q1,2015-05-27,2,358033,Gross Domestic Product: chained volume measures: Seasonally adjusted £m
2002-Q1,2016-08-25,5,368690,Gross Domestic Product: chained volume measures: Seasonally adjusted £m
2002-Q1,2017-11-23,10,379733,Gross Domestic Product: chained volume measures: Seasonally adjusted £m
2002-Q1,2018-08-09,13,387561,Gross Domestic Product: chained volume measures: Seasonally adjusted £m
2002-Q1,2019-11-11,19,392181,Gross Domestic Product: chained volume measures: Seasonally adjusted £m
2002-Q1,2020-11-12,23,410434,Gross Domestic Product: chained volume measures: Seasonally adjusted £m
2002-Q1,2021-11-11,27,420979,Gross Domestic Product: chained volume measures: Seasonally adjusted £m
2002-Q1,2022-11-15,31,418930,Gross Domestic Product: chained volume measures: Seasonally adjusted £m
2002-Q1,2023-11-10,35,419534,Gross Domestic Product: chained volume measures: Seasonally adjusted £m
2002-Q1,2024-11-15,39,464698,Gross Domestic Product: chained volume measures: Seasonally adjusted £m
2002-Q1,2025-11-13,43,500794,Gross Domestic Product: chained volume measures: Seasonally adjusted £m
2002-Q2,2015-05-27,1,350978,Gross Domestic Product: chained volume measures: Seasonally adjusted £m
2002-Q2,2015-05-27,2,360932,Gross Domestic Product: chained volume measures: Seasonally adjusted £m
2002-Q2,2016-08-25,5,371397,Gross Domestic Product: chained volume measures: Seasonally adjusted £m
2002-Q2,2017-11-23,10,382456,Gross Domestic Product: chained volume measures: Seasonally adjusted £m
2002-Q2,2018-08-09,13,390117,Gross Domestic Product: chained volume measures: Seasonally adjusted £m
2002-Q2,2019-11-11,19,394167,Gross Domestic Product: chained volume measures: Seasonally adjusted £m
2002-Q2,2020-11-12,23,412445,Gross Domestic Product: chained volume measures: Seasonally adjusted £m
2002-Q2,2021-11-11,27,423711,Gross Domestic Product: chained volume measures: Seasonally adjusted £m
2002-Q2,2022-11-15,31,421133,Gross Domestic Product: chained volume measures: Seasonally adjusted £m
2002-Q2,2023-11-10,35,421587,Gross Domestic Product: chained volume measures: Seasonally adjusted £m
2002-Q2,2024-11-15,39,466935,Gross Domestic Product: chained volume measures: Seasonally adjusted £m
2002-Q2,2025-11-13,43,503433,Gross Domestic Product: chained volume measures: Seasonally adjusted £m
2002-Q3,2015-05-27,1,354058,Gross Domestic Product: chained volume measures: Seasonally adjusted £m
2002-Q3,2015-05-27,2,364371,Gross Domestic Product: chained volume measures: Seasonally adjusted £m
2002-Q3,2016-08-25,5,374205,Gross Domestic Product: chained volume measures: Seasonally adjusted £m
2002-Q3,2017-11-23,10,385535,Gross Domestic Product: chained volume measures: Seasonally adjusted £m
2002-Q3,2018-08-09,13,393074,Gross Domestic Product: chained volume measures: Seasonally adjusted £m
2002-Q3,2019-11-11,19,397175,Gross Domestic Product: chained volume measures: Seasonally adjusted £m
2002-Q3,2020-11-12,23,415187,Gross Domestic Product: chained volume measures: Seasonally adjusted £m
2002-Q3,2021-11-11,27,426683,Gross Domestic Product: chained volume measures: Seasonally adjusted £m
2002-Q3,2022-11-15,31,424190,Gross Domestic Product: chained volume measures: Seasonally adjusted £m
2002-Q3,2023-11-10,35,424425,Gross Domestic Product: chained volume measures: Seasonally adjusted £m
2002-Q3,2024-11-15,39,470277,Gross Domestic Product: chained volume measures: Seasonally adjusted £m
2002-Q3,2025-11-13,43,506386,Gross Domestic Product: chained volume measures: Seasonally adjusted £m
2002-Q4,2015-05-27,1,357286,Gross Domestic Product: chained volume measures: Seasonally adjusted £m
2002-Q4,2015-05-27,2,367574,Gross Domestic Product: chained volume measures: Seasonally adjusted £m
2002-Q4,2016-08-25,5,377469,Gross Domestic Product: chained volume measures: Seasonally adjusted £m
2002-Q4,2017-11-23,10,389179,Gross Domestic Product: chained volume measures: Seasonally adjusted £m
2002-Q4,2018-08-09,13,396599,Gross Domestic Product: chained volume measures: Seasonally adjusted £m
2002-Q4,2019-11-11,19,400587,Gross Domestic Product: chained volume measures: Seasonally adjusted £m
2002-Q4,2020-11-12,23,418465,Gross Domestic Product: chained volume measures: Seasonally adjusted £m
2002-Q4,2021-11-11,27,430438,Gross Domestic Product: chained volume measures: Seasonally adjusted £m
2002-Q4,2022-11-15,31,427745,Gross Domestic Product: chained volume measures: Seasonally adjusted £m
2002-Q4,2023-11-10,35,427725,Gross Domestic Product: chained volume measures: Seasonally adjusted £m
2002-Q4,2024-11-15,39,473899,Gross Domestic Product: chained volume measures: Seasonally adjusted £m
2002-Q4,2025-11-13,43,509728,Gross Domestic Product: chained volume measures: Seasonally adjusted £m
2003-Q1,2015-05-27,1,360733,Gross Domestic Product: chained volume measures: Seasonally adjusted £m
2003-Q1,2015-05-27,2,370170,Gross Domestic Product: chained volume measures: Seasonally adjusted £m
2003-Q1,2016-08-25,5,380565,Gross Domestic Product: chained volume measures: Seasonally adjusted £m
2003-Q1,2017-11-23,10,391597,Gross Domestic Product: chained volume measures: Seasonally adjusted £m
2003-Q1,2018-08-09,13,399206,Gross Domestic Product: chained volume measures: Seasonally adjusted £m
2003-Q1,2019-11-11,19,403246,Gross Domestic Product: chained volume measures: Seasonally adjusted £m
2003-Q1,2020-11-12,23,421580,Gross Domestic Product: chained volume measures: Seasonally adjusted £m
2003-Q1,2021-11-11,27,432853,Gross Domestic Product: chained volume measures: Seasonally adjusted £m
2003-Q1,2022-11-15,31,430454,Gross Domestic Product: chained volume measures: Seasonally adjusted £m
2003-Q1,2023-11-10,35,430832,Gross Domestic Product: chained volume measures: Seasonally adjusted £m
2003-Q1,2024-11-15,39,477357,Gross Domestic Product: chained volume measures: Seasonally adjusted £m
2003-Q1,2025-11-13,43,514031,Gross Domestic Product: chained volume measures: Seasonally adjusted £m
2003-Q2,2015-05-27,1,365803,Gross Domestic Product: chained volume measures: Seasonally adjusted £m
2003-Q2,2015-05-27,2,373540,Gross Domestic Product: chained volume measures: Seasonally adjusted £m
2003-Q2,2016-08-25,5,384014,Gross Domestic Product: chained volume measures: Seasonally adjusted £m
2003-Q2,2017-11-23,10,395145,Gross Domestic Product: chained volume measures: Seasonally adjusted £m
2003-Q2,2018-08-09,13,402985,Gross Domestic Product: chained volume measures: Seasonally adjusted £m
2003-Q2,2019-11-11,19,407021,Gross Domestic Product: chained volume measures: Seasonally adjusted £m
2003-Q2,2020-11-12,23,425428,Gross Domestic Product: chained volume measures: Seasonally adjusted £m
2003-Q2,2021-11-11,27,436157,Gross Domestic Product: chained volume measures: Seasonally adjusted £m
2003-Q2,2022-11-15,31,434140,Gross Domestic Product: chained volume measures: Seasonally adjusted £m
2003-Q2,2023-11-10,35,434837,Gross Domestic Product: chained volume measures: Seasonally adjusted £m
2003-Q2,2024-11-15,39,481552,Gross Domestic Product: chained volume measures: Seasonally adjusted £m
2003-Q2,2025-11-13,43,518802,Gross Domestic Product: chained volume measures: Seasonally adjusted £m
2003-Q3,2015-05-27,1,370428,Gross Domestic Product: chained volume measures: Seasonally adjusted £m
2003-Q3,2015-05-27,2,376432,Gross Domestic Product: chained volume measures: Seasonally adjusted £m
2003-Q3,2016-08-25,5,387841,Gross Domestic Product: chained volume measures: Seasonally adjusted £m
2003-Q3,2017-11-23,10,399086,Gross Domestic Product: chained volume measures: Seasonally adjusted £m
2003-Q3,2018-08-09,13,407106,Gross Domestic Product: chained volume measures: Seasonally adjusted £m
2003-Q3,2019-11-11,19,411215,Gross Domestic Product: chained volume measures: Seasonally adjusted £m
2003-Q3,2020-11-12,23,430274,Gross Domestic Product: chained volume measures: Seasonally adjusted £m
2003-Q3,2021-11-11,27,440440,Gross Domestic Product: chained volume measures: Seasonally adjusted £m
2003-Q3,2022-11-15,31,438419,Gross Domestic Product: chained volume measures: Seasonally adjusted £m
2003-Q3,2023-11-10,35,438710,Gross Domestic Product: chained volume measures: Seasonally adjusted £m
2003-Q3,2024-11-15,39,485973,Gross Domestic Product: chained volume measures: Seasonally adjusted £m
2003-Q3,2025-11-13,43,524213,Gross Domestic Product: chained volume measures: Seasonally adjusted £m
2003-Q4,2015-05-27,1,374127,Gross Domestic Product: chained volume measures: Seasonally adjusted £m
2003-Q4,2015-05-27,2,379180,Gross Domestic Product: chained volume measures: Seasonally adjusted £m
2003-Q4,2016-08-25,5,391048,Gross Domestic Product: chained volume measures: Seasonally adjusted £m
2003-Q4,2017-11-23,10,402191,Gross Domestic Product: chained volume measures: Seasonally adjusted £m
2003-Q4,2018-08-09,13,410395,Gross Domestic Product: chained volume measures: Seasonally adjusted £m
2003-Q4,2019-11-11,19,414687,Gross Domestic Product: chained volume measures: Seasonally adjusted £m
2003-Q4,2020-11-12,23,434277,Gross Domestic Product: chained volume measures: Seasonally adjusted £m
2003-Q4,2021-11-11,27,443924,Gross Domestic Product: chained volume measures: Seasonally adjusted £m
2003-Q4,2022-11-15,31,441827,Gross Domestic Product: chained volume measures: Seasonally adjusted £m
2003-Q4,2023-11-10,35,442172,Gross Domestic Product: chained volume measures: Seasonally adjusted £m
2003-Q4,2024-11-15,39,490059,Gross Domestic Product: chained volume measures: Seasonally adjusted £m
2003-Q4,2025-11-13,43,528320,Gross Domestic Product: chained volume measures: Seasonally adjusted £m
2004-Q1,2015-05-27,1,375324,Gross Domestic Product: chained volume measures: Seasonally adjusted £m
2004-Q1,2015-05-27,2,381745,Gross Domestic Product: chained volume measures: Seasonally adjusted £m
2004-Q1,2016-08-25,5,393247,Gross Domestic Product: chained volume measures: Seasonally adjusted £m
2004-Q1,2017-11-23,10,404275,Gross Domestic Product: chained volume measures: Seasonally adjusted £m
2004-Q1,2018-08-09,13,412641,Gross Domestic Product: chained volume measures: Seasonally adjusted £m
2004-Q1,2019-11-11,19,416942,Gross Domestic Product: chained volume measures: Seasonally adjusted £m
2004-Q1,2020-11-12,23,435802,Gross Domestic Product: chained volume measures: Seasonally adjusted £m
2004-Q1,2021-11-11,27,445908,Gross Domestic Product: chained volume measures: Seasonally adjusted £m
2004-Q1,2022-11-15,31,443792,Gross Domestic Product: chained volume measures: Seasonally adjusted £m
2004-Q1,2023-11-10,35,443853,Gross Domestic Product: chained volume measures: Seasonally adjusted £m
2004-Q1,2024-11-15,39,492014,Gross Domestic Product: chained volume measures: Seasonally adjusted £m
2004-Q1,2025-11-13,43,529996,Gross Domestic Product: chained volume measures: Seasonally adjusted £m
2004-Q2,2015-05-27,1,376455,Gross Domestic Product: chained volume measures: Seasonally adjusted £m
2004-Q2,2015-05-27,2,383795,Gross Domestic Product: chained volume measures: Seasonally adjusted £m
2004-Q2,2016-08-25,5,395113,Gross Domestic Product: chained volume measures: Seasonally adjusted £m
2004-Q2,2017-11-23,10,405981,Gross Domestic Product: chained volume measures: Seasonally adjusted £m
2004-Q2,2018-08-09,13,414222,Gross Domestic Product: chained volume measures: Seasonally adjusted £m
2004-Q2,2019-11-11,19,418434,Gross Domestic Product: chained volume measures: Seasonally adjusted £m
2004-Q2,2020-11-12,23,437406,Gross Domestic Product: chained volume measures: Seasonally adjusted £m
2004-Q2,2021-11-11,27,448330,Gross Domestic Product: chained volume measures: Seasonally adjusted £m
2004-Q2,2022-11-15,31,446140,Gross Domestic Product: chained volume measures: Seasonally adjusted £m
2004-Q2,2023-11-10,35,446443,Gross Domestic Product: chained volume measures: Seasonally adjusted £m
2004-Q2,2024-11-15,39,494824,Gross Domestic Product: chained volume measures: Seasonally adjusted £m
2004-Q2,2025-11-13,43,532543,Gross Domestic Product: chained volume measures: Seasonally adjusted £m
2004-Q3,2015-05-27,1,376942,Gross Domestic Product: chained volume measures: Seasonally adjusted £m
2004-Q3,2015-05-27,2,384640,Gross Domestic Product: chained volume measures: Seasonally adjusted £m
2004-Q3,2016-08-25,5,395867,Gross Domestic Product: chained volume measures: Seasonally adjusted £m
2004-Q3,2017-11-23,10,406917,Gross Domestic Product: chained volume measures: Seasonally adjusted £m
2004-Q3,2018-08-09,13,414905,Gross Domestic Product: chained volume measures: Seasonally adjusted £m
2004-Q3,2019-11-11,19,419128,Gross Domestic Product: chained volume measures: Seasonally adjusted £m
2004-Q3,2020-11-12,23,438191,Gross Domestic Product: chained volume measures: Seasonally adjusted £m
2004-Q3,2021-11-11,27,449436,Gross Domestic Product: chained volume measures: Seasonally adjusted £m
2004-Q3,2022-11-15,31,447205,Gross Domestic Product: chained volume measures: Seasonally adjusted £m
2004-Q3,2023-11-10,35,448171,Gross Domestic Product: chained volume measures: Seasonally adjusted £m
2004-Q3,2024-11-15,39,496642,Gross Domestic Product: chained volume measures: Seasonally adjusted £m
2004-Q3,2025-11-13,43,534447,Gross Domestic Product: chained volume measures: Seasonally adjusted £m
2004-Q4,2015-05-27,1,378470,Gross Domestic Product: chained volume measures: Seasonally adjusted £m
2004-Q4,2015-05-27,2,386451,Gross Domestic Product: chained volume measures: Seasonally adjusted £m
2004-Q4,2016-08-25,5,398259,Gross Domestic Product: chained volume measures: Seasonally adjusted £m
2004-Q4,2017-11-23,10,408394,Gross Domestic Product: chained volume measures: Seasonally adjusted £m
2004-Q4,2018-08-09,13,415951,Gross Domestic Product: chained volume measures: Seasonally adjusted £m
2004-Q4,2019-11-11,19,420507,Gross Domestic Product: chained volume measures: Seasonally adjusted £m
2004-Q4,2020-11-12,23,439291,Gross Domestic Product: chained volume measures: Seasonally adjusted £m
2004-Q4,2021-11-11,27,451003,Gross Domestic Product: chained volume measures: Seasonally adjusted £m
2004-Q4,2022-11-15,31,448619,Gross Domestic Product: chained volume measures: Seasonally adjusted £m
2004-Q4,2023-11-10,35,450464,Gross Domestic Product: chained volume measures: Seasonally adjusted £m
2004-Q4,2024-11-15,39,499020,Gross Domestic Product: chained volume measures: Seasonally adjusted £m
2004-Q4,2025-11-13,43,536886,Gross Domestic Product: chained volume measures: Seasonally adjusted £m
2005-Q1,2015-05-27,1,381142,Gross Domestic Product: chained volume measures: Seasonally adjusted £m
2005-Q1,2015-05-27,2,389097,Gross Domestic Product: chained volume measures: Seasonally adjusted £m
2005-Q1,2016-08-25,5,400558,Gross Domestic Product: chained volume measures: Seasonally adjusted £m
2005-Q1,2017-11-23,10,411853,Gross Domestic Product: chained volume measures: Seasonally adjusted £m
2005-Q1,2018-08-09,13,419894,Gross Domestic Product: chained volume measures: Seasonally adjusted £m
2005-Q1,2019-11-11,19,424041,Gross Domestic Product: chained volume measures: Seasonally adjusted £m
2005-Q1,2020-11-12,23,442793,Gross Domestic Product: chained volume measures: Seasonally adjusted £m
2005-Q1,2021-11-11,27,453744,Gross Domestic Product: chained volume measures: Seasonally adjusted £m
2005-Q1,2022-11-15,31,451985,Gross Domestic Product: chained volume measures: Seasonally adjusted £m
2005-Q1,2023-11-10,35,453784,Gross Domestic Product: chained volume measures: Seasonally adjusted £m
2005-Q1,2024-11-15,39,502702,Gross Domestic Product: chained volume measures: Seasonally adjusted £m
2005-Q1,2025-11-13,43,541028,Gross Domestic Product: chained volume measures: Seasonally adjusted £m
2005-Q2,2015-05-27,1,385058,Gross Domestic Product: chained volume measures: Seasonally adjusted £m
2005-Q2,2015-05-27,2,393287,Gross Domestic Product: chained volume measures: Seasonally adjusted £m
2005-Q2,2016-08-25,5,404875,Gross Domestic Product: chained volume measures: Seasonally adjusted £m
2005-Q2,2017-11-23,10,416359,Gross Domestic Product: chained volume measures: Seasonally adjusted £m
2005-Q2,2018-08-09,13,424551,Gross Domestic Product: chained volume measures: Seasonally adjusted £m
2005-Q2,2019-11-11,19,429313,Gross Domestic Product: chained volume measures: Seasonally adjusted £m
2005-Q2,2020-11-12,23,447996,Gross Domestic Product: chained volume measures: Seasonally adjusted £m
2005-Q2,2021-11-11,27,458115,Gross Domestic Product: chained volume measures: Seasonally adjusted £m
2005-Q2,2022-11-15,31,456263,Gross Domestic Product: chained volume measures: Seasonally adjusted £m
2005-Q2,2023-11-10,35,457557,Gross Domestic Product: chained volume measures: Seasonally adjusted £m
2005-Q2,2024-11-15,39,506906,Gross Domestic Product: chained volume measures: Seasonally adjusted £m
2005-Q2,2025-11-13,43,545530,Gross Domestic Product: chained volume measures: Seasonally adjusted £m
2005-Q3,2015-05-27,1,389023,Gross Domestic Product: chained volume measures: Seasonally adjusted £m
2005-Q3,2015-05-27,2,397286,Gross Domestic Product: chained volume measures: Seasonally adjusted £m
2005-Q3,2016-08-25,5,409270,Gross Domestic Product: chained volume measures: Seasonally adjusted £m
2005-Q3,2017-11-23,10,420756,Gross Domestic Product: chained volume measures: Seasonally adjusted £m
2005-Q3,2018-08-09,13,429518,Gross Domestic Product: chained volume measures: Seasonally adjusted £m
2005-Q3,2019-11-11,19,434203,Gross Domestic Product: chained volume measures: Seasonally adjusted £m
2005-Q3,2020-11-12,23,452721,Gross Domestic Product: chained volume measures: Seasonally adjusted £m
2005-Q3,2021-11-11,27,462156,Gross Domestic Product: chained volume measures: Seasonally adjusted £m
2005-Q3,2022-11-15,31,460177,Gross Domestic Product: chained volume measures: Seasonally adjusted £m
2005-Q3,2023-11-10,35,461135,Gross Domestic Product: chained volume measures: Seasonally adjusted £m
2005-Q3,2024-11-15,39,511132,Gross Domestic Product: chained volume measures: Seasonally adjusted £m
2005-Q3,2025-11-13,43,550552,Gross Domestic Product: chained volume measures: Seasonally adjusted £m
2005-Q4,2015-05-27,1,394268,Gross Domestic Product: chained volume measures: Seasonally adjusted £m
2005-Q4,2015-05-27,2,403005,Gross Domestic Product: chained volume measures: Seasonally adjusted £m
2005-Q4,2016-08-25,5,414816,Gross Domestic Product: chained volume measures: Seasonally adjusted £m
2005-Q4,2017-11-23,10,426928,Gross Domestic Product: chained volume measures: Seasonally adjusted £m
2005-Q4,2018-08-09,13,435953,Gross Domestic Product: chained volume measures: Seasonally adjusted £m
2005-Q4,2019-11-11,19,440716,Gross Domestic Product: chained volume measures: Seasonally adjusted £m
2005-Q4,2020-11-12,23,458925,Gross Domestic Product: chained volume measures: Seasonally adjusted £m
2005-Q4,2021-11-11,27,467203,Gross Domestic Product: chained volume measures: Seasonally adjusted £m
2005-Q4,2022-11-15,31,464981,Gross Domestic Product: chained volume measures: Seasonally adjusted £m
2005-Q4,2023-11-10,35,465451,Gross Domestic Product: chained volume measures: Seasonally adjusted £m
2005-Q4,2024-11-15,39,515935,Gross Domestic Product: chained volume measures: Seasonally adjusted £m
2005-Q4,2025-11-13,43,556311,Gross Domestic Product: chained volume measures: Seasonally adjusted £m
2006-Q1,2015-05-27,1,396566,Gross Domestic Product: chained volume measures: Seasonally adjusted £m
2006-Q1,2015-05-27,2,404477,Gross Domestic Product: chained volume measures: Seasonally adjusted £m
2006-Q1,2016-08-25,5,416183,Gross Domestic Product: chained volume measures: Seasonally adjusted £m
2006-Q1,2017-11-23,10,428052,Gross Domestic Product: chained volume measures: Seasonally adjusted £m
2006-Q1,2018-08-09,13,437114,Gross Domestic Product: chained volume measures: Seasonally adjusted £m
2006-Q1,2019-11-11,19,442476,Gross Domestic Product: chained volume measures: Seasonally adjusted £m
2006-Q1,2020-11-12,23,461059,Gross Domestic Product: chained volume measures: Seasonally adjusted £m
2006-Q1,2021-11-11,27,469679,Gross Domestic Product: chained volume measures: Seasonally adjusted £m
2006-Q1,2022-11-15,31,466584,Gross Domestic Product: chained volume measures: Seasonally adjusted £m
2006-Q1,2023-11-10,35,467840,Gross Domestic Product: chained volume measures: Seasonally adjusted £m
2006-Q1,2024-11-15,39,518495,Gross Domestic Product: chained volume measures: Seasonally adjusted £m
2006-Q1,2025-11-13,43,558314,Gross Domestic Product: chained volume measures: Seasonally adjusted £m
2006-Q2,2015-05-27,1,398553,Gross Domestic Product: chained volume measures: Seasonally adjusted £m
2006-Q2,2015-05-27,2,405652,Gross Domestic Product: chained volume measures: Seasonally adjusted £m
2006-Q2,2016-08-25,5,417146,Gross Domestic Product: chained volume measures: Seasonally adjusted £m
2006-Q2,2017-11-23,10,428919,Gross Domestic Product: chained volume measures: Seasonally adjusted £m
2006-Q2,2018-08-09,13,438088,Gross Domestic Product: chained volume measures: Seasonally adjusted £m
2006-Q2,2019-11-11,19,443589,Gross Domestic Product: chained volume measures: Seasonally adjusted £m
2006-Q2,2020-11-12,23,462305,Gross Domestic Product: chained volume measures: Seasonally adjusted £m
2006-Q2,2021-11-11,27,471304,Gross Domestic Product: chained volume measures: Seasonally adjusted £m
2006-Q2,2022-11-15,31,467684,Gross Domestic Product: chained volume measures: Seasonally adjusted £m
2006-Q2,2023-11-10,35,469655,Gross Domestic Product: chained volume measures: Seasonally adjusted £m
2006-Q2,2024-11-15,39,520318,Gross Domestic Product: chained volume measures: Seasonally adjusted £m
2006-Q2,2025-11-13,43,559795,Gross Domestic Product: chained volume measures: Seasonally adjusted £m
2006-Q3,2015-05-27,1,399251,Gross Domestic Product: chained volume measures: Seasonally adjusted £m
2006-Q3,2015-05-27,2,406173,Gross Domestic Product: chained volume measures: Seasonally adjusted £m
2006-Q3,2016-08-25,5,417741,Gross Domestic Product: chained volume measures: Seasonally adjusted £m
2006-Q3,2017-11-23,10,429259,Gross Domestic Product: chained volume measures: Seasonally adjusted £m
2006-Q3,2018-08-09,13,438369,Gross Domestic Product: chained volume measures: Seasonally adjusted £m
2006-Q3,2019-11-11,19,444045,Gross Domestic Product: chained volume measures: Seasonally adjusted £m
2006-Q3,2020-11-12,23,462734,Gross Domestic Product: chained volume measures: Seasonally adjusted £m
2006-Q3,2021-11-11,27,472400,Gross Domestic Product: chained volume measures: Seasonally adjusted £m
2006-Q3,2022-11-15,31,468351,Gross Domestic Product: chained volume measures: Seasonally adjusted £m
2006-Q3,2023-11-10,35,470918,Gross Domestic Product: chained volume measures: Seasonally adjusted £m
2006-Q3,2024-11-15,39,521780,Gross Domestic Product: chained volume measures: Seasonally adjusted £m
2006-Q3,2025-11-13,43,560675,Gross Domestic Product: chained volume measures: Seasonally adjusted £m
2006-Q4,2015-05-27,1,402258,Gross Domestic Product: chained volume measures: Seasonally adjusted £m
2006-Q4,2015-05-27,2,408500,Gross Domestic Product: chained volume measures: Seasonally adjusted £m
2006-Q4,2016-08-25,5,419236,Gross Domestic Product: chained volume measures: Seasonally adjusted £m
2006-Q4,2017-11-23,10,430825,Gross Domestic Product: chained volume measures: Seasonally adjusted £m
2006-Q4,2018-08-09,13,439915,Gross Domestic Product: chained volume measures: Seasonally adjusted £m
2006-Q4,2019-11-11,19,446352,Gross Domestic Product: chained volume measures: Seasonally adjusted £m
2006-Q4,2020-11-12,23,464891,Gross Domestic Product: chained volume measures: Seasonally adjusted £m
2006-Q4,2021-11-11,27,475414,Gross Domestic Product: chained volume measures: Seasonally adjusted £m
2006-Q4,2022-11-15,31,470396,Gross Domestic Product: chained volume measures: Seasonally adjusted £m
2006-Q4,2023-11-10,35,473372,Gross Domestic Product: chained volume measures: Seasonally adjusted £m
2006-Q4,2024-11-15,39,524569,Gross Domestic Product: chained volume measures: Seasonally adjusted £m
2006-Q4,2025-11-13,43,562669,Gross Domestic Product: chained volume measures: Seasonally adjusted £m
2007-Q1,2015-05-27,1,405329,Gross Domestic Product: chained volume measures: Seasonally adjusted £m
2007-Q1,2015-05-27,2,412446,Gross Domestic Product: chained volume measures: Seasonally adjusted £m
2007-Q1,2016-08-25,5,423472,Gross Domestic Product: chained volume measures: Seasonally adjusted £m
2007-Q1,2017-11-23,10,434711,Gross Domestic Product: chained volume measures: Seasonally adjusted £m
2007-Q1,2018-08-09,13,444292,Gross Domestic Product: chained volume measures: Seasonally adjusted £m
2007-Q1,2019-11-11,19,450518,Gross Domestic Product: chained volume measures: Seasonally adjusted £m
2007-Q1,2020-11-12,23,469274,Gross Domestic Product: chained volume measures: Seasonally adjusted £m
2007-Q1,2021-11-11,27,479140,Gross Domestic Product: chained volume measures: Seasonally adjusted £m
2007-Q1,2022-11-15,31,475292,Gross Domestic Product: chained volume measures: Seasonally adjusted £m
2007-Q1,2023-11-10,35,477823,Gross Domestic Product: chained volume measures: Seasonally adjusted £m
2007-Q1,2024-11-15,39,529398,Gross Domestic Product: chained volume measures: Seasonally adjusted £m
2007-Q1,2025-11-13,43,568845,Gross Domestic Product: chained volume measures: Seasonally adjusted £m
2007-Q2,2015-05-27,1,407767,Gross Domestic Product: chained volume measures: Seasonally adjusted £m
2007-Q2,2015-05-27,2,414937,Gross Domestic Product: chained volume measures: Seasonally adjusted £m
2007-Q2,2016-08-25,5,426600,Gross Domestic Product: chained volume measures: Seasonally adjusted £m
2007-Q2,2017-11-23,10,437823,Gross Domestic Product: chained volume measures: Seasonally adjusted £m
2007-Q2,2018-08-09,13,447498,Gross Domestic Product: chained volume measures: Seasonally adjusted £m
2007-Q2,2019-11-11,19,453311,Gross Domestic Product: chained volume measures: Seasonally adjusted £m
2007-Q2,2020-11-12,23,471920,Gross Domestic Product: chained volume measures: Seasonally adjusted £m
2007-Q2,2021-11-11,27,481362,Gross Domestic Product: chained volume measures: Seasonally adjusted £m
2007-Q2,2022-11-15,31,478424,Gross Domestic Product: chained volume measures: Seasonally adjusted £m
2007-Q2,2023-11-10,35,481314,Gross Domestic Product: chained volume measures: Seasonally adjusted £m
2007-Q2,2024-11-15,39,533187,Gross Domestic Product: chained volume measures: Seasonally adjusted £m
2007-Q2,2025-11-13,43,574194,Gross Domestic Product: chained volume measures: Seasonally adjusted £m
2007-Q3,2015-05-27,1,411205,Gross Domestic Product: chained volume measures: Seasonally adjusted £m
2007-Q3,2015-05-27,2,418107,Gross Domestic Product: chained volume measures: Seasonally adjusted £m
2007-Q3,2016-08-25,5,429845,Gross Domestic Product: chained volume measures: Seasonally adjusted £m
2007-Q3,2017-11-23,10,440722,Gross Domestic Product: chained volume measures: Seasonally adjusted £m
2007-Q3,2018-08-09,13,451288,Gross Domestic Product: chained volume measures: Seasonally adjusted £m
2007-Q3,2019-11-11,19,456830,Gross Domestic Product: chained volume measures: Seasonally adjusted £m
2007-Q3,2020-11-12,23,475530,Gross Domestic Product: chained volume measures: Seasonally adjusted £m
2007-Q3,2021-11-11,27,484647,Gross Domestic Product: chained volume measures: Seasonally adjusted £m
2007-Q3,2022-11-15,31,482064,Gross Domestic Product: chained volume measures: Seasonally adjusted £m
2007-Q3,2023-11-10,35,484544,Gross Domestic Product: chained volume measures: Seasonally adjusted £m
2007-Q3,2024-11-15,39,537052,Gross Domestic Product: chained volume measures: Seasonally adjusted £m
2007-Q3,2025-11-13,43,579605,Gross Domestic Product: chained volume measures: Seasonally adjusted £m
2007-Q4,2015-05-27,1,413131,Gross Domestic Product: chained volume measures: Seasonally adjusted £m
2007-Q4,2015-05-27,2,421331,Gross Domestic Product: chained volume measures: Seasonally adjusted £m
2007-Q4,2016-08-25,5,433079,Gross Domestic Product: chained volume measures: Seasonally adjusted £m
2007-Q4,2017-11-23,10,444265,Gross Domestic Product: chained volume measures: Seasonally adjusted £m
2007-Q4,2018-08-09,13,455043,Gross Domestic Product: chained volume measures: Seasonally adjusted £m
2007-Q4,2019-11-11,19,458982,Gross Domestic Product: chained volume measures: Seasonally adjusted £m
2007-Q4,2020-11-12,23,477958,Gross Domestic Product: chained volume measures: Seasonally adjusted £m
2007-Q4,2021-11-11,27,486514,Gross Domestic Product: chained volume measures: Seasonally adjusted £m
2007-Q4,2022-11-15,31,485249,Gross Domestic Product: chained volume measures: Seasonally adjusted £m
2007-Q4,2023-11-10,35,487413,Gross Domestic Product: chained volume measures: Seasonally adjusted £m
2007-Q4,2024-11-15,39,540258,Gross Domestic Product: chained volume measures: Seasonally adjusted £m
2007-Q4,2025-11-13,43,584504,Gross Domestic Product: chained volume measures: Seasonally adjusted £m
2008-Q1,2015-05-27,1,414424,Gross Domestic Product: chained volume measures: Seasonally adjusted £m
2008-Q1,2015-05-27,2,422382,Gross Domestic Product: chained volume measures: Seasonally adjusted £m
2008-Q1,2016-08-25,5,433710,Gross Domestic Product: chained volume measures: Seasonally adjusted £m
2008-Q1,2017-11-23,10,445474,Gross Domestic Product: chained volume measures: Seasonally adjusted £m
2008-Q1,2018-08-09,13,456663,Gross Domestic Product: chained volume measures: Seasonally adjusted £m
2008-Q1,2019-11-11,19,461472,Gross Domestic Product: chained volume measures: Seasonally adjusted £m
2008-Q1,2020-11-12,23,480523,Gross Domestic Product: chained volume measures: Seasonally adjusted £m
2008-Q1,2021-11-11,27,489449,Gross Domestic Product: chained volume measures: Seasonally adjusted £m
2008-Q1,2022-11-15,31,487601,Gross Domestic Product: chained volume measures: Seasonally adjusted £m
2008-Q1,2023-11-10,35,489783,Gross Domestic Product: chained volume measures: Seasonally adjusted £m
2008-Q1,2024-11-15,39,542804,Gross Domestic Product: chained volume measures: Seasonally adjusted £m
2008-Q1,2025-11-13,43,586690,Gross Domestic Product: chained volume measures: Seasonally adjusted £m
2008-Q2,2015-05-27,1,413465,Gross Domestic Product: chained volume measures: Seasonally adjusted £m
2008-Q2,2015-05-27,2,420031,Gross Domestic Product: chained volume measures: Seasonally adjusted £m
2008-Q2,2016-08-25,5,430887,Gross Domestic Product: chained volume measures: Seasonally adjusted £m
2008-Q2,2017-11-23,10,442462,Gross Domestic Product: chained volume measures: Seasonally adjusted £m
2008-Q2,2018-08-09,13,453283,Gross Domestic Product: chained volume measures: Seasonally adjusted £m
2008-Q2,2019-11-11,19,458912,Gross Domestic Product: chained volume measures: Seasonally adjusted £m
2008-Q2,2020-11-12,23,477834,Gross Domestic Product: chained volume measures: Seasonally adjusted £m
2008-Q2,2021-11-11,27,487244,Gross Domestic Product: chained volume measures: Seasonally adjusted £m
2008-Q2,2022-11-15,31,485278,Gross Domestic Product: chained volume measures: Seasonally adjusted £m
2008-Q2,2023-11-10,35,487386,Gross Domestic Product: chained volume measures: Seasonally adjusted £m
2008-Q2,2024-11-15,39,539918,Gross Domestic Product: chained volume measures: Seasonally adjusted £m
2008-Q2,2025-11-13,43,583541,Gross Domestic Product: chained volume measures: Seasonally adjusted £m
2008-Q3,2015-05-27,1,406584,Gross Domestic Product: chained volume measures: Seasonally adjusted £m
2008-Q3,2015-05-27,2,412965,Gross Domestic Product: chained volume measures: Seasonally adjusted £m
2008-Q3,2016-08-25,5,423618,Gross Domestic Product: chained volume measures: Seasonally adjusted £m
2008-Q3,2017-11-23,10,435378,Gross Domestic Product: chained volume measures: Seasonally adjusted £m
2008-Q3,2018-08-09,13,445818,Gross Domestic Product: chained volume measures: Seasonally adjusted £m
2008-Q3,2019-11-11,19,451736,Gross Domestic Product: chained volume measures: Seasonally adjusted £m
2008-Q3,2020-11-12,23,470368,Gross Domestic Product: chained volume measures: Seasonally adjusted £m
2008-Q3,2021-11-11,27,479983,Gross Domestic Product: chained volume measures: Seasonally adjusted £m
2008-Q3,2022-11-15,31,477935,Gross Domestic Product: chained volume measures: Seasonally adjusted £m
2008-Q3,2023-11-10,35,479872,Gross Domestic Product: chained volume measures: Seasonally adjusted £m
2008-Q3,2024-11-15,39,531619,Gross Domestic Product: chained volume measures: Seasonally adjusted £m
2008-Q3,2025-11-13,43,573961,Gross Domestic Product: chained volume measures: Seasonally adjusted £m
2008-Q4,2015-05-27,1,397522,Gross Domestic Product: chained volume measures: Seasonally adjusted £m
2008-Q4,2015-05-27,2,403661,Gross Domestic Product: chained volume measures: Seasonally adjusted £m
2008-Q4,2016-08-25,5,414037,Gross Domestic Product: chained volume measures: Seasonally adjusted £m
2008-Q4,2017-11-23,10,425902,Gross Domestic Product: chained volume measures: Seasonally adjusted £m
2008-Q4,2018-08-09,13,436137,Gross Domestic Product: chained volume measures: Seasonally adjusted £m
2008-Q4,2019-11-11,19,442406,Gross Domestic Product: chained volume measures: Seasonally adjusted £m
2008-Q4,2020-11-12,23,460676,Gross Domestic Product: chained volume measures: Seasonally adjusted £m
2008-Q4,2021-11-11,27,470358,Gross Domestic Product: chained volume measures: Seasonally adjusted £m
2008-Q4,2022-11-15,31,467250,Gross Domestic Product: chained volume measures: Seasonally adjusted £m
2008-Q4,2023-11-10,35,469694,Gross Domestic Product: chained volume measures: Seasonally adjusted £m
2008-Q4,2024-11-15,39,520230,Gross Domestic Product: chained volume measures: Seasonally adjusted £m
2008-Q4,2025-11-13,43,561816,Gross Domestic Product: chained volume measures: Seasonally adjusted £m
2009-Q1,2015-05-27,1,390406,Gross Domestic Product: chained volume measures: Seasonally adjusted £m
2009-Q1,2015-05-27,2,397326,Gross Domestic Product: chained volume measures: Seasonally adjusted £m
2009-Q1,2016-08-25,5,407291,Gross Domestic Product: chained volume measures: Seasonally adjusted £m
2009-Q1,2017-11-23,10,419095,Gross Domestic Product: chained volume measures: Seasonally adjusted £m
2009-Q1,2018-08-09,13,428886,Gross Domestic Product: chained volume measures: Seasonally adjusted £m
2009-Q1,2019-11-11,19,434676,Gross Domestic Product: chained volume measures: Seasonally adjusted £m
2009-Q1,2020-11-12,23,452896,Gross Domestic Product: chained volume measures: Seasonally adjusted £m
2009-Q1,2021-11-11,27,461881,Gross Domestic Product: chained volume measures: Seasonally adjusted £m
2009-Q1,2022-11-15,31,458181,Gross Domestic Product: chained volume measures: Seasonally adjusted £m
2009-Q1,2023-11-10,35,460105,Gross Domestic Product: chained volume measures: Seasonally adjusted £m
2009-Q1,2024-11-15,39,509646,Gross Domestic Product: chained volume measures: Seasonally adjusted £m
2009-Q1,2025-11-13,43,550451,Gross Domestic Product: chained volume measures: Seasonally adjusted £m
2009-Q2,2015-05-27,1,389388,Gross Domestic Product: chained volume measures: Seasonally adjusted £m
2009-Q2,2015-05-27,2,396514,Gross Domestic Product: chained volume measures: Seasonally adjusted £m
2009-Q2,2016-08-25,5,406353,Gross Domestic Product: chained volume measures: Seasonally adjusted £m
2009-Q2,2017-11-23,10,418151,Gross Domestic Product: chained volume measures: Seasonally adjusted £m
2009-Q2,2018-08-09,13,428073,Gross Domestic Product: chained volume measures: Seasonally adjusted £m
2009-Q2,2019-11-11,19,433618,Gross Domestic Product: chained volume measures: Seasonally adjusted £m
2009-Q2,2020-11-12,23,452036,Gross Domestic Product: chained volume measures: Seasonally adjusted £m
2009-Q2,2021-11-11,27,460431,Gross Domestic Product: chained volume measures: Seasonally adjusted £m
2009-Q2,2022-11-15,31,456867,Gross Domestic Product: chained volume measures: Seasonally adjusted £m
2009-Q2,2023-11-10,35,458599,Gross Domestic Product: chained volume measures: Seasonally adjusted £m
2009-Q2,2024-11-15,39,508009,Gross Domestic Product: chained volume measures: Seasonally adjusted £m
2009-Q2,2025-11-13,43,548859,Gross Domestic Product: chained volume measures: Seasonally adjusted £m
2009-Q3,2015-05-27,1,390167,Gross Domestic Product: chained volume measures: Seasonally adjusted £m
2009-Q3,2015-05-27,2,397125,Gross Domestic Product: chained volume measures: Seasonally adjusted £m
2009-Q3,2016-08-25,5,406641,Gross Domestic Product: chained volume measures: Seasonally adjusted £m
2009-Q3,2017-11-23,10,418800,Gross Domestic Product: chained volume measures: Seasonally adjusted £m
2009-Q3,2018-08-09,13,428682,Gross Domestic Product: chained volume measures: Seasonally adjusted £m
2009-Q3,2019-11-11,19,433926,Gross Domestic Product: chained volume measures: Seasonally adjusted £m
2009-Q3,2020-11-12,23,452595,Gross Domestic Product: chained volume measures: Seasonally adjusted £m
2009-Q3,2021-11-11,27,460722,Gross Domestic Product: chained volume measures: Seasonally adjusted £m
2009-Q3,2022-11-15,31,457471,Gross Domestic Product: chained volume measures: Seasonally adjusted £m
2009-Q3,2023-11-10,35,458875,Gross Domestic Product: chained volume measures: Seasonally adjusted £m
2009-Q3,2024-11-15,39,508398,Gross Domestic Product: chained volume measures: Seasonally adjusted £m
2009-Q3,2025-11-13,43,549540,Gross Domestic Product: chained volume measures: Seasonally adjusted £m
2009-Q4,2015-05-27,1,391685,Gross Domestic Product: chained volume measures: Seasonally adjusted £m
2009-Q4,2015-05-27,2,398528,Gross Domestic Product: chained volume measures: Seasonally adjusted £m
2009-Q4,2016-08-25,5,408298,Gross Domestic Product: chained volume measures: Seasonally adjusted £m
2009-Q4,2017-11-23,10,419917,Gross Domestic Product: chained volume measures: Seasonally adjusted £m
2009-Q4,2018-08-09,13,430166,Gross Domestic Product: chained volume measures: Seasonally adjusted £m
2009-Q4,2019-11-11,19,435228,Gross Domestic Product: chained volume measures: Seasonally adjusted £m
2009-Q4,2020-11-12,23,454145,Gross Domestic Product: chained volume measures: Seasonally adjusted £m
2009-Q4,2021-11-11,27,462152,Gross Domestic Product: chained volume measures: Seasonally adjusted £m
2009-Q4,2022-11-15,31,459031,Gross Domestic Product: chained volume measures: Seasonally adjusted £m
2009-Q4,2023-11-10,35,460238,Gross Domestic Product: chained volume measures: Seasonally adjusted £m
2009-Q4,2024-11-15,39,509889,Gross Domestic Product: chained volume measures: Seasonally adjusted £m
2009-Q4,2025-11-13,43,551372,Gross Domestic Product: chained volume measures: Seasonally adjusted £m
2010-Q1,2015-05-27,1,393678,Gross Domestic Product: chained volume measures: Seasonally adjusted £m
2010-Q1,2015-05-27,2,400001,Gross Domestic Product: chained volume measures: Seasonally adjusted £m
2010-Q1,2016-08-25,5,410542,Gross Domestic Product: chained volume measures: Seasonally adjusted £m
2010-Q1,2017-11-23,10,422176,Gross Domestic Product: chained volume measures: Seasonally adjusted £m
2010-Q1,2018-08-09,13,432106,Gross Domestic Product: chained volume measures: Seasonally adjusted £m
2010-Q1,2019-11-11,19,438001,Gross Domestic Product: chained volume measures: Seasonally adjusted £m
2010-Q1,2020-11-12,23,457058,Gross Domestic Product: chained volume measures: Seasonally adjusted £m
2010-Q1,2021-11-11,27,465380,Gross Domestic Product: chained volume measures: Seasonally adjusted £m
2010-Q1,2022-11-15,31,463391,Gross Domestic Product: chained volume measures: Seasonally adjusted £m
2010-Q1,2023-11-10,35,464543,Gross Domestic Product: chained volume measures: Seasonally adjusted £m
2010-Q1,2024-11-15,39,514595,Gross Domestic Product: chained volume measures: Seasonally adjusted £m
2010-Q1,2025-11-13,43,556002,Gross Domestic Product: chained volume measures: Seasonally adjusted £m
2010-Q2,2015-05-27,1,397525,Gross Domestic Product: chained volume measures: Seasonally adjusted £m
2010-Q2,2015-05-27,2,403217,Gross Domestic Product: chained volume measures: Seasonally adjusted £m
2010-Q2,2016-08-25,5,414699,Gross Domestic Product: chained volume measures: Seasonally adjusted £m
2010-Q2,2017-11-23,10,425975,Gross Domestic Product: chained volume measures: Seasonally adjusted £m
2010-Q2,2018-08-09,13,435817,Gross Domestic Product: chained volume measures: Seasonally adjusted £m
2010-Q2,2019-11-11,19,442390,Gross Domestic Product: chained volume measures: Seasonally adjusted £m
2010-Q2,2020-11-12,23,461765,Gross Domestic Product: chained volume measures: Seasonally adjusted £m
2010-Q2,2021-11-11,27,470655,Gross Domestic Product: chained volume measures: Seasonally adjusted £m
2010-Q2,2022-11-15,31,468691,Gross Domestic Product: chained volume measures: Seasonally adjusted £m
2010-Q2,2023-11-10,35,469606,Gross Domestic Product: chained volume measures: Seasonally adjusted £m
2010-Q2,2024-11-15,39,520128,Gross Domestic Product: chained volume measures: Seasonally adjusted £m
2010-Q2,2025-11-13,43,562353,Gross Domestic Product: chained volume measures: Seasonally adjusted £m
2010-Q3,2015-05-27,1,400096,Gross Domestic Product: chained volume measures: Seasonally adjusted £m
2010-Q3,2015-05-27,2,405186,Gross Domestic Product: chained volume measures: Seasonally adjusted £m
2010-Q3,2016-08-25,5,417024,Gross Domestic Product: chained volume measures: Seasonally adjusted £m
2010-Q3,2017-11-23,10,427952,Gross Domestic Product: chained volume measures: Seasonally adjusted £m
2010-Q3,2018-08-09,13,438337,Gross Domestic Product: chained volume measures: Seasonally adjusted £m
2010-Q3,2019-11-11,19,445324,Gross Domestic Product: chained volume measures: Seasonally adjusted £m
2010-Q3,2020-11-12,23,465134,Gross Domestic Product: chained volume measures: Seasonally adjusted £m
2010-Q3,2021-11-11,27,473954,Gross Domestic Product: chained volume measures: Seasonally adjusted £m
2010-Q3,2022-11-15,31,471664,Gross Domestic Product: chained volume measures: Seasonally adjusted £m
2010-Q3,2023-11-10,35,472199,Gross Domestic Product: chained volume measures: Seasonally adjusted £m
2010-Q3,2024-11-15,39,523173,Gross Domestic Product: chained volume measures: Seasonally adjusted £m
2010-Q3,2025-11-13,43,565659,Gross Domestic Product: chained volume measures: Seasonally adjusted £m
2010-Q4,2015-05-27,1,400195,Gross Domestic Product: chained volume measures: Seasonally adjusted £m
2010-Q4,2015-05-27,2,405570,Gross Domestic Product: chained volume measures: Seasonally adjusted £m
2010-Q4,2016-08-25,5,417507,Gross Domestic Product: chained volume measures: Seasonally adjusted £m
2010-Q4,2017-11-23,10,428261,Gross Domestic Product: chained volume measures: Seasonally adjusted £m
2010-Q4,2018-08-09,13,438908,Gross Domestic Product: chained volume measures: Seasonally adjusted £m
2010-Q4,2019-11-11,19,445606,Gross Domestic Product: chained volume measures: Seasonally adjusted £m
2010-Q4,2020-11-12,23,465290,Gross Domestic Product: chained volume measures: Seasonally adjusted £m
2010-Q4,2021-11-11,27,474526,Gross Domestic Product: chained volume measures: Seasonally adjusted £m
2010-Q4,2022-11-15,31,472312,Gross Domestic Product: chained volume measures: Seasonally adjusted £m
2010-Q4,2023-11-10,35,472612,Gross Domestic Product: chained volume measures: Seasonally adjusted £m
2010-Q4,2024-11-15,39,523515,Gross Domestic Product: chained volume measures: Seasonally adjusted £m
2010-Q4,2025-11-13,43,565945,Gross Domestic Product: chained volume measures: Seasonally adjusted £m
2011-Q1,2015-05-27,1,402341,Gross Domestic Product: chained volume measures: Seasonally adjusted £m
2011-Q1,2015-05-27,2,408601,Gross Domestic Product: chained volume measures: Seasonally adjusted £m
2011-Q1,2016-08-25,5,419828,Gross Domestic Product: chained volume measures: Seasonally adjusted £m
2011-Q1,2017-11-23,10,430775,Gross Domestic Product: chained volume measures: Seasonally adjusted £m
2011-Q1,2018-08-09,13,442198,Gross Domestic Product: chained volume measures: Seasonally adjusted £m
2011-Q1,2019-11-11,19,448411,Gross Domestic Product: chained volume measures: Seasonally adjusted £m
2011-Q1,2020-11-12,23,466970,Gross Domestic Product: chained volume measures: Seasonally adjusted £m
2011-Q1,2021-11-11,27,476720,Gross Domestic Product: chained volume measures: Seasonally adjusted £m
2011-Q1,2022-11-15,31,473510,Gross Domestic Product: chained volume measures: Seasonally adjusted £m
2011-Q1,2023-11-10,35,473819,Gross Domestic Product: chained volume measures: Seasonally adjusted £m
2011-Q1,2024-11-15,39,524955,Gross Domestic Product: chained volume measures: Seasonally adjusted £m
2011-Q1,2025-11-13,43,566873,Gross Domestic Product: chained volume measures: Seasonally adjusted £m
2011-Q2,2015-05-27,1,403260,Gross Domestic Product: chained volume measures: Seasonally adjusted £m
2011-Q2,2015-05-27,2,409994,Gross Domestic Product: chained volume measures: Seasonally adjusted £m
2011-Q2,2016-08-25,5,420109,Gross Domestic Product: chained volume measures: Seasonally adjusted £m
2011-Q2,2017-11-23,10,431413,Gross Domestic Product: chained volume measures: Seasonally adjusted £m
2011-Q2,2018-08-09,13,442851,Gross Domestic Product: chained volume measures: Seasonally adjusted £m
2011-Q2,2019-11-11,19,448857,Gross Domestic Product: chained volume measures: Seasonally adjusted £m
2011-Q2,2020-11-12,23,467370,Gross Domestic Product: chained volume measures: Seasonally adjusted £m
2011-Q2,2021-11-11,27,477202,Gross Domestic Product: chained volume measures: Seasonally adjusted £m
2011-Q2,2022-11-15,31,473773,Gross Domestic Product: chained volume measures: Seasonally adjusted £m
2011-Q2,2023-11-10,35,474365,Gross Domestic Product: chained volume measures: Seasonally adjusted £m
2011-Q2,2024-11-15,39,525418,Gross Domestic Product: chained volume measures: Seasonally adjusted £m
2011-Q2,2025-11-13,43,566601,Gross Domestic Product: chained volume measures: Seasonally adjusted £m
2011-Q3,2015-05-27,1,406068,Gross Domestic Product: chained volume measures: Seasonally adjusted £m
2011-Q3,2015-05-27,2,413292,Gross Domestic Product: chained volume measures: Seasonally adjusted £m
2011-Q3,2016-08-25,5,421918,Gross Domestic Product: chained volume measures: Seasonally adjusted £m
2011-Q3,2017-11-23,10,433055,Gross Domestic Product: chained volume measures: Seasonally adjusted £m
2011-Q3,2018-08-09,13,444043,Gross Domestic Product: chained volume measures: Seasonally adjusted £m
2011-Q3,2019-11-11,19,450249,Gross Domestic Product: chained volume measures: Seasonally adjusted £m
2011-Q3,2020-11-12,23,468942,Gross Domestic Product: chained volume measures: Seasonally adjusted £m
2011-Q3,2021-11-11,27,478726,Gross Domestic Product: chained volume measures: Seasonally adjusted £m
2011-Q3,2022-11-15,31,474501,Gross Domestic Product: chained volume measures: Seasonally adjusted £m
2011-Q3,2023-11-10,35,475813,Gross Domestic Product: chained volume measures: Seasonally adjusted £m
2011-Q3,2024-11-15,39,527034,Gross Domestic Product: chained volume measures: Seasonally adjusted £m
2011-Q3,2025-11-13,43,567586,Gross Domestic Product: chained volume measures: Seasonally adjusted £m
2011-Q4,2015-05-27,1,406008,Gross Domestic Product: chained volume measures: Seasonally adjusted £m
2011-Q4,2015-05-27,2,413921,Gross Domestic Product: chained volume measures: Seasonally adjusted £m
2011-Q4,2016-08-25,5,422965,Gross Domestic Product: chained volume measures: Seasonally adjusted £m
2011-Q4,2017-11-23,10,433878,Gross Domestic Product: chained volume measures: Seasonally adjusted £m
2011-Q4,2018-08-09,13,444780,Gross Domestic Product: chained volume measures: Seasonally adjusted £m
2011-Q4,2019-11-11,19,451086,Gross Domestic Product: chained volume measures: Seasonally adjusted £m
2011-Q4,2020-11-12,23,469556,Gross Domestic Product: chained volume measures: Seasonally adjusted £m
2011-Q4,2021-11-11,27,479335,Gross Domestic Product: chained volume measures: Seasonally adjusted £m
2011-Q4,2022-11-15,31,474303,Gross Domestic Product: chained volume measures: Seasonally adjusted £m
2011-Q4,2023-11-10,35,476479,Gross Domestic Product: chained volume measures: Seasonally adjusted £m
2011-Q4,2024-11-15,39,527698,Gross Domestic Product: chained volume measures: Seasonally adjusted £m
2011-Q4,2025-11-13,43,568056,Gross Domestic Product: chained volume measures: Seasonally adjusted £m
2012-Q1,2015-05-27,1,406283,Gross Domestic Product: chained volume measures: Seasonally adjusted £m
2012-Q1,2015-05-27,2,414835,Gross Domestic Product: chained volume measures: Seasonally adjusted £m
2012-Q1,2016-08-25,5,424834,Gross Domestic Product: chained volume measures: Seasonally adjusted £m
2012-Q1,2017-11-23,10,436683,Gross Domestic Product: chained volume measures: Seasonally adjusted £m
2012-Q1,2018-08-09,13,447661,Gross Domestic Product: chained volume measures: Seasonally adjusted £m
2012-Q1,2019-11-11,19,453989,Gross Domestic Product: chained volume measures: Seasonally adjusted £m
2012-Q1,2020-11-12,23,472809,Gross Domestic Product: chained volume measures: Seasonally adjusted £m
2012-Q1,2021-11-11,27,482583,Gross Domestic Product: chained volume measures: Seasonally adjusted £m
2012-Q1,2022-11-15,31,478242,Gross Domestic Product: chained volume measures: Seasonally adjusted £m
2012-Q1,2023-11-10,35,480632,Gross Domestic Product: chained volume measures: Seasonally adjusted £m
2012-Q1,2024-11-15,39,532300,Gross Domestic Product: chained volume measures: Seasonally adjusted £m
2012-Q1,2025-11-13,43,573416,Gross Domestic Product: chained volume measures: Seasonally adjusted £m
2012-Q2,2015-05-27,1,405560,Gross Domestic Product: chained volume measures: Seasonally adjusted £m
2012-Q2,2015-05-27,2,414099,Gross Domestic Product: chained volume measures: Seasonally adjusted £m
2012-Q2,2016-08-25,5,424468,Gross Domestic Product: chained volume measures: Seasonally adjusted £m
2012-Q2,2017-11-23,10,436217,Gross Domestic Product: chained volume measures: Seasonally adjusted £m
2012-Q2,2018-08-09,13,447420,Gross Domestic Product: chained volume measures: Seasonally adjusted £m
2012-Q2,2019-11-11,19,453631,Gross Domestic Product: chained volume measures: Seasonally adjusted £m
2012-Q2,2020-11-12,23,472114,Gross Domestic Product: chained volume measures: Seasonally adjusted £m
2012-Q2,2021-11-11,27,482299,Gross Domestic Product: chained volume measures: Seasonally adjusted £m
2012-Q2,2022-11-15,31,477974,Gross Domestic Product: chained volume measures: Seasonally adjusted £m
2012-Q2,2023-11-10,35,479979,Gross Domestic Product: chained volume measures: Seasonally adjusted £m
2012-Q2,2024-11-15,39,531663,Gross Domestic Product: chained volume measures: Seasonally adjusted £m
2012-Q2,2025-11-13,43,573112,Gross Domestic Product: chained volume measures: Seasonally adjusted £m
2012-Q3,2015-05-27,1,408938,Gross Domestic Product: chained volume measures: Seasonally adjusted £m
2012-Q3,2015-05-27,2,418255,Gross Domestic Product: chained volume measures: Seasonally adjusted £m
2012-Q3,2016-08-25,5,429319,Gross Domestic Product: chained volume measures: Seasonally adjusted £m
2012-Q3,2017-11-23,10,441238,Gross Domestic Product: chained volume measures: Seasonally adjusted £m
2012-Q3,2018-08-09,13,452748,Gross Domestic Product: chained volume measures: Seasonally adjusted £m
2012-Q3,2019-11-11,19,459145,Gross Domestic Product: chained volume measures: Seasonally adjusted £m
2012-Q3,2020-11-12,23,477869,Gross Domestic Product: chained volume measures: Seasonally adjusted £m
2012-Q3,2021-11-11,27,488205,Gross Domestic Product: chained volume measures: Seasonally adjusted £m
2012-Q3,2022-11-15,31,483913,Gross Domestic Product: chained volume measures: Seasonally adjusted £m
2012-Q3,2023-11-10,35,484579,Gross Domestic Product: chained volume measures: Seasonally adjusted £m
2012-Q3,2024-11-15,39,536720,Gross Domestic Product: chained volume measures: Seasonally adjusted £m
2012-Q3,2025-11-13,43,579051,Gross Domestic Product: chained volume measures: Seasonally adjusted £m
2012-Q4,2015-05-27,1,407557,Gross Domestic Product: chained volume measures: Seasonally adjusted £m
2012-Q4,2015-05-27,2,418024,Gross Domestic Product: chained volume measures: Seasonally adjusted £m
2012-Q4,2016-08-25,5,428321,Gross Domestic Product: chained volume measures: Seasonally adjusted £m
2012-Q4,2017-11-23,10,440598,Gross Domestic Product: chained volume measures: Seasonally adjusted £m
2012-Q4,2018-08-09,13,451712,Gross Domestic Product: chained volume measures: Seasonally adjusted £m
2012-Q4,2019-11-11,19,458439,Gross Domestic Product: chained volume measures: Seasonally adjusted £m
2012-Q4,2020-11-12,23,476834,Gross Domestic Product: chained volume measures: Seasonally adjusted £m
2012-Q4,2021-11-11,27,487000,Gross Domestic Product: chained volume measures: Seasonally adjusted £m
2012-Q4,2022-11-15,31,483422,Gross Domestic Product: chained volume measures: Seasonally adjusted £m
2012-Q4,2023-11-10,35,484039,Gross Domestic Product: chained volume measures: Seasonally adjusted £m
2012-Q4,2024-11-15,39,536188,Gross Domestic Product: chained volume measures: Seasonally adjusted £m
2012-Q4,2025-11-13,43,578215,Gross Domestic Product: chained volume measures: Seasonally adjusted £m
2013-Q1,2015-05-27,1,409985,Gross Domestic Product: chained volume measures: Seasonally adjusted £m
2013-Q1,2015-05-27,2,420779,Gross Domestic Product: chained volume measures: Seasonally adjusted £m
2013-Q1,2016-08-25,5,431025,Gross Domestic Product: chained volume measures: Seasonally adjusted £m
2013-Q1,2017-11-23,10,443411,Gross Domestic Product: chained volume measures: Seasonally adjusted £m
2013-Q1,2018-08-09,13,454633,Gross Domestic Product: chained volume measures: Seasonally adjusted £m
2013-Q1,2019-11-11,19,461394,Gross Domestic Product: chained volume measures: Seasonally adjusted £m
2013-Q1,2020-11-12,23,479357,Gross Domestic Product: chained volume measures: Seasonally adjusted £m
2013-Q1,2021-11-11,27,489236,Gross Domestic Product: chained volume measures: Seasonally adjusted £m
2013-Q1,2022-11-15,31,484555,Gross Domestic Product: chained volume measures: Seasonally adjusted £m
2013-Q1,2023-11-10,35,485409,Gross Domestic Product: chained volume measures: Seasonally adjusted £m
2013-Q1,2024-11-15,39,537974,Gross Domestic Product: chained volume measures: Seasonally adjusted £m
2013-Q1,2025-11-13,43,579749,Gross Domestic Product: chained volume measures: Seasonally adjusted £m
2013-Q2,2015-05-27,1,412620,Gross Domestic Product: chained volume measures: Seasonally adjusted £m
2013-Q2,2015-05-27,2,423282,Gross Domestic Product: chained volume measures: Seasonally adjusted £m
2013-Q2,2016-08-25,5,433271,Gross Domestic Product: chained volume measures: Seasonally adjusted £m
2013-Q2,2017-11-23,10,445808,Gross Domestic Product: chained volume measures: Seasonally adjusted £m
2013-Q2,2018-08-09,13,457126,Gross Domestic Product: chained volume measures: Seasonally adjusted £m
2013-Q2,2019-11-11,19,463867,Gross Domestic Product: chained volume measures: Seasonally adjusted £m
2013-Q2,2020-11-12,23,483211,Gross Domestic Product: chained volume measures: Seasonally adjusted £m
2013-Q2,2021-11-11,27,492451,Gross Domestic Product: chained volume measures: Seasonally adjusted £m
2013-Q2,2022-11-15,31,487845,Gross Domestic Product: chained volume measures: Seasonally adjusted £m
2013-Q2,2023-11-10,35,488930,Gross Domestic Product: chained volume measures: Seasonally adjusted £m
2013-Q2,2024-11-15,39,541586,Gross Domestic Product: chained volume measures: Seasonally adjusted £m
2013-Q2,2025-11-13,43,583605,Gross Domestic Product: chained volume measures: Seasonally adjusted £m
2013-Q3,2015-05-27,1,415577,Gross Domestic Product: chained volume measures: Seasonally adjusted £m
2013-Q3,2015-05-27,2,427197,Gross Domestic Product: chained volume measures: Seasonally adjusted £m
2013-Q3,2016-08-25,5,436560,Gross Domestic Product: chained volume measures: Seasonally adjusted £m
2013-Q3,2017-11-23,10,449599,Gross Domestic Product: chained volume measures: Seasonally adjusted £m
2013-Q3,2018-08-09,13,461224,Gross Domestic Product: chained volume measures: Seasonally adjusted £m
2013-Q3,2019-11-11,19,468254,Gross Domestic Product: chained volume measures: Seasonally adjusted £m
2013-Q3,2020-11-12,23,487728,Gross Domestic Product: chained volume measures: Seasonally adjusted £m
2013-Q3,2021-11-11,27,496229,Gross Domestic Product: chained volume measures: Seasonally adjusted £m
2013-Q3,2022-11-15,31,491499,Gross Domestic Product: chained volume measures: Seasonally adjusted £m
2013-Q3,2023-11-10,35,493002,Gross Domestic Product: chained volume measures: Seasonally adjusted £m
2013-Q3,2024-11-15,39,546064,Gross Domestic Product: chained volume measures: Seasonally adjusted £m
2013-Q3,2025-11-13,43,588076,Gross Domestic Product: chained volume measures: Seasonally adjusted £m
2013-Q4,2015-05-27,1,417265,Gross Domestic Product: chained volume measures: Seasonally adjusted £m
2013-Q4,2015-05-27,2,429922,Gross Domestic Product: chained volume measures: Seasonally adjusted £m
2013-Q4,2016-08-25,5,438707,Gross Domestic Product: chained volume measures: Seasonally adjusted £m
2013-Q4,2017-11-23,10,451932,Gross Domestic Product: chained volume measures: Seasonally adjusted £m
2013-Q4,2018-08-09,13,463382,Gross Domestic Product: chained volume measures: Seasonally adjusted £m
2013-Q4,2019-11-11,19,470740,Gross Domestic Product: chained volume measures: Seasonally adjusted £m
2013-Q4,2020-11-12,23,490859,Gross Domestic Product: chained volume measures: Seasonally adjusted £m
2013-Q4,2021-11-11,27,498839,Gross Domestic Product: chained volume measures: Seasonally adjusted £m
2013-Q4,2022-11-15,31,494658,Gross Domestic Product: chained volume measures: Seasonally adjusted £m
2013-Q4,2023-11-10,35,496466,Gross Domestic Product: chained volume measures: Seasonally adjusted £m
2013-Q4,2024-11-15,39,549709,Gross Domestic Product: chained volume measures: Seasonally adjusted £m
2013-Q4,2025-11-13,43,591954,Gross Domestic Product: chained volume measures: Seasonally adjusted £m
2014-Q1,2015-05-27,1,420946,Gross Domestic Product: chained volume measures: Seasonally adjusted £m
2014-Q1,2015-05-27,2,432555,Gross Domestic Product: chained volume measures: Seasonally adjusted £m
2014-Q1,2016-02-25,3,432660,Gross Domestic Product: chained volume measures: Seasonally adjusted £m
2014-Q1,2016-08-25,5,442425,Gross Domestic Product: chained volume measures: Seasonally adjusted £m
2014-Q1,2017-11-23,10,455814,Gross Domestic Product: chained volume measures: Seasonally adjusted £m
2014-Q1,2018-08-09,13,467266,Gross Domestic Product: chained volume measures: Seasonally adjusted £m
2014-Q1,2019-11-11,19,473842,Gross Domestic Product: chained volume measures: Seasonally adjusted £m
2014-Q1,2020-11-12,23,494629,Gross Domestic Product: chained volume measures: Seasonally adjusted £m
2014-Q1,2021-11-11,27,503492,Gross Domestic Product: chained volume measures: Seasonally adjusted £m
2014-Q1,2022-11-15,31,499294,Gross Domestic Product: chained volume measures: Seasonally adjusted £m
2014-Q1,2023-11-10,35,500552,Gross Domestic Product: chained volume measures: Seasonally adjusted £m
2014-Q1,2024-11-15,39,554183,Gross Domestic Product: chained volume measures: Seasonally adjusted £m
2014-Q1,2025-11-13,43,596696,Gross Domestic Product: chained volume measures: Seasonally adjusted £m
2014-Q2,2015-05-27,1,424454,Gross Domestic Product: chained volume measures: Seasonally adjusted £m
2014-Q2,2015-05-27,2,436598,Gross Domestic Product: chained volume measures: Seasonally adjusted £m
2014-Q2,2016-02-25,3,436128,Gross Domestic Product: chained volume measures: Seasonally adjusted £m
2014-Q2,2016-08-25,5,446519,Gross Domestic Product: chained volume measures: Seasonally adjusted £m
2014-Q2,2017-11-23,10,459702,Gross Domestic Product: chained volume measures: Seasonally adjusted £m
2014-Q2,2018-08-09,13,471155,Gross Domestic Product: chained volume measures: Seasonally adjusted £m
2014-Q2,2019-11-11,19,476949,Gross Domestic Product: chained volume measures: Seasonally adjusted £m
2014-Q2,2020-11-12,23,497849,Gross Domestic Product: chained volume measures: Seasonally adjusted £m
2014-Q2,2021-11-11,27,507551,Gross Domestic Product: chained volume measures: Seasonally adjusted £m
2014-Q2,2022-11-15,31,503659,Gross Domestic Product: chained volume measures: Seasonally adjusted £m
2014-Q2,2023-11-10,35,504939,Gross Domestic Product: chained volume measures: Seasonally adjusted £m
2014-Q2,2024-11-15,39,559331,Gross Domestic Product: chained volume measures: Seasonally adjusted £m
2014-Q2,2025-11-13,43,602310,Gross Domestic Product: chained volume measures: Seasonally adjusted £m
2014-Q3,2015-05-27,1,427080,Gross Domestic Product: chained volume measures: Seasonally adjusted £m
2014-Q3,2015-05-27,2,439374,Gross Domestic Product: chained volume measures: Seasonally adjusted £m
2014-Q3,2016-02-25,3,438985,Gross Domestic Product: chained volume measures: Seasonally adjusted £m
2014-Q3,2016-08-25,5,450141,Gross Domestic Product: chained volume measures: Seasonally adjusted £m
2014-Q3,2017-11-23,10,463201,Gross Domestic Product: chained volume measures: Seasonally adjusted £m
2014-Q3,2018-08-09,13,474457,Gross Domestic Product: chained volume measures: Seasonally adjusted £m
2014-Q3,2019-11-11,19,479696,Gross Domestic Product: chained volume measures: Seasonally adjusted £m
2014-Q3,2020-11-12,23,500658,Gross Domestic Product: chained volume measures: Seasonally adjusted £m
2014-Q3,2021-11-11,27,510988,Gross Domestic Product: chained volume measures: Seasonally adjusted £m
2014-Q3,2022-11-15,31,507485,Gross Domestic Product: chained volume measures: Seasonally adjusted £m
2014-Q3,2023-11-10,35,508741,Gross Domestic Product: chained volume measures: Seasonally adjusted £m
2014-Q3,2024-11-15,39,563694,Gross Domestic Product: chained volume measures: Seasonally adjusted £m
2014-Q3,2025-11-13,43,607213,Gross Domestic Product: chained volume measures: Seasonally adjusted £m
2014-Q4,2015-05-27,1,429673,Gross Domestic Product: chained volume measures: Seasonally adjusted £m
2014-Q4,2015-05-27,2,442671,Gross Domestic Product: chained volume measures: Seasonally adjusted £m
2014-Q4,2016-02-25,3,441939,Gross Domestic Product: chained volume measures: Seasonally adjusted £m
2014-Q4,2016-08-25,5,453891,Gross Domestic Product: chained volume measures: Seasonally adjusted £m
2014-Q4,2017-11-23,10,466727,Gross Domestic Product: chained volume measures: Seasonally adjusted £m
2014-Q4,2018-08-09,13,477615,Gross Domestic Product: chained volume measures: Seasonally adjusted £m
2014-Q4,2019-11-11,19,482379,Gross Domestic Product: chained volume measures: Seasonally adjusted £m
2014-Q4,2020-11-12,23,503589,Gross Domestic Product: chained volume measures: Seasonally adjusted £m
2014-Q4,2021-11-11,27,513852,Gross Domestic Product: chained volume measures: Seasonally adjusted £m
2014-Q4,2022-11-15,31,510787,Gross Domestic Product: chained volume measures: Seasonally adjusted £m
2014-Q4,2023-11-10,35,512334,Gross Domestic Product: chained volume measures: Seasonally adjusted £m
2014-Q4,2024-11-15,39,567619,Gross Domestic Product: chained volume measures: Seasonally adjusted £m
2014-Q4,2025-11-13,43,611220,Gross Domestic Product: chained volume measures: Seasonally adjusted £m
2015-Q1,2015-05-27,1,430992,Gross Domestic Product: chained volume measures: Seasonally adjusted £m
2015-Q1,2015-05-27,2,444297,Gross Domestic Product: chained volume measures: Seasonally adjusted £m
2015-Q1,2016-02-25,3,443786,Gross Domestic Product: chained volume measures: Seasonally adjusted £m
2015-Q1,2016-05-26,4,443957,Gross Domestic Product: chained volume measures: Seasonally adjusted £m
2015-Q1,2016-08-25,5,455086,Gross Domestic Product: chained volume measures: Seasonally adjusted £m
2015-Q1,2016-11-25,6,455027,Gross Domestic Product: chained volume measures: Seasonally adjusted £m
2015-Q1,2017-02-22,7,455026,Gross Domestic Product: chained volume measures: Seasonally adjusted £m
2015-Q1,2017-11-23,10,468326,Gross Domestic Product: chained volume measures: Seasonally adjusted £m
2015-Q1,2018-08-09,13,479734,Gross Domestic Product: chained volume measures: Seasonally adjusted £m
2015-Q1,2019-11-11,19,484920,Gross Domestic Product: chained volume measures: Seasonally adjusted £m
2015-Q1,2020-11-12,23,506314,Gross Domestic Product: chained volume measures: Seasonally adjusted £m
2015-Q1,2021-11-11,27,517165,Gross Domestic Product: chained volume measures: Seasonally adjusted £m
2015-Q1,2022-11-15,31,512895,Gross Domestic Product: chained volume measures: Seasonally adjusted £m
2015-Q1,2023-11-10,35,513850,Gross Domestic Product: chained volume measures: Seasonally adjusted £m
2015-Q1,2024-11-15,39,569150,Gross Domestic Product: chained volume measures: Seasonally adjusted £m
2015-Q1,2025-11-13,43,613076,Gross Domestic Product: chained volume measures: Seasonally adjusted £m
2015-Q2,2015-05-27,2,447199,Gross Domestic Product: chained volume measures: Seasonally adjusted £m
2015-Q2,2016-02-25,3,446446,Gross Domestic Product: chained volume measures: Seasonally adjusted £m
2015-Q2,2016-05-26,4,446626,Gross Domestic Product: chained volume measures: Seasonally adjusted £m
2015-Q2,2016-08-25,5,457002,Gross Domestic Product: chained volume measures: Seasonally adjusted £m
2015-Q2,2016-11-25,6,457321,Gross Domestic Product: chained volume measures: Seasonally adjusted £m
2015-Q2,2017-02-22,7,457214,Gross Domestic Product: chained volume measures: Seasonally adjusted £m
2015-Q2,2017-11-23,10,471018,Gross Domestic Product: chained volume measures: Seasonally adjusted £m
2015-Q2,2018-08-09,13,482464,Gross Domestic Product: chained volume measures: Seasonally adjusted £m
2015-Q2,2019-11-11,19,488378,Gross Domestic Product: chained volume measures: Seasonally adjusted £m
2015-Q2,2020-11-12,23,510095,Gross Domestic Product: chained volume measures: Seasonally adjusted £m
2015-Q2,2021-11-11,27,520984,Gross Domestic Product: chained volume measures: Seasonally adjusted £m
2015-Q2,2022-11-15,31,516141,Gross Domestic Product: chained volume measures: Seasonally adjusted £m
2015-Q2,2023-11-10,35,516876,Gross Domestic Product: chained volume measures: Seasonally adjusted £m
2015-Q2,2024-11-15,39,572673,Gross Domestic Product: chained volume measures: Seasonally adjusted £m
2015-Q2,2025-11-13,43,615875,Gross Domestic Product: chained volume measures: Seasonally adjusted £m
2015-Q3,2015-05-27,2,449282,Gross Domestic Product: chained volume measures: Seasonally adjusted £m
2015-Q3,2016-02-25,3,448329,Gross Domestic Product: chained volume measures: Seasonally adjusted £m
2015-Q3,2016-05-26,4,448623,Gross Domestic Product: chained volume measures: Seasonally adjusted £m
2015-Q3,2016-08-25,5,459006,Gross Domestic Product: chained volume measures: Seasonally adjusted £m
2015-Q3,2016-11-25,6,458708,Gross Domestic Product: chained volume measures: Seasonally adjusted £m
2015-Q3,2017-02-22,7,458456,Gross Domestic Product: chained volume measures: Seasonally adjusted £m
2015-Q3,2017-11-23,10,472980,Gross Domestic Product: chained volume measures: Seasonally adjusted £m
2015-Q3,2018-08-09,13,484552,Gross Domestic Product: chained volume measures: Seasonally adjusted £m
2015-Q3,2019-11-11,19,490478,Gross Domestic Product: chained volume measures: Seasonally adjusted £m
2015-Q3,2020-11-12,23,512070,Gross Domestic Product: chained volume measures: Seasonally adjusted £m
2015-Q3,2021-11-11,27,523783,Gross Domestic Product: chained volume measures: Seasonally adjusted £m
2015-Q3,2022-11-15,31,518365,Gross Domestic Product: chained volume measures: Seasonally adjusted £m
2015-Q3,2023-11-10,35,518915,Gross Domestic Product: chained volume measures: Seasonally adjusted £m
2015-Q3,2024-11-15,39,574836,Gross Domestic Product: chained volume measures: Seasonally adjusted £m
2015-Q3,2025-11-13,43,618263,Gross Domestic Product: chained volume measures: Seasonally adjusted £m
2015-Q4,2016-02-25,3,450485,Gross Domestic Product: chained volume measures: Seasonally adjusted £m
2015-Q4,2016-05-26,4,451260,Gross Domestic Product: chained volume measures: Seasonally adjusted £m
2015-Q4,2016-08-25,5,462139,Gross Domestic Product: chained volume measures: Seasonally adjusted £m
2015-Q4,2016-11-25,6,461751,Gross Domestic Product: chained volume measures: Seasonally adjusted £m
2015-Q4,2017-02-22,7,461622,Gross Domestic Product: chained volume measures: Seasonally adjusted £m
2015-Q4,2017-11-23,10,476413,Gross Domestic Product: chained volume measures: Seasonally adjusted £m
2015-Q4,2018-08-09,13,488153,Gross Domestic Product: chained volume measures: Seasonally adjusted £m
2015-Q4,2019-11-11,19,494144,Gross Domestic Product: chained volume measures: Seasonally adjusted £m
2015-Q4,2020-11-12,23,515430,Gross Domestic Product: chained volume measures: Seasonally adjusted £m
2015-Q4,2021-11-11,27,527344,Gross Domestic Product: chained volume measures: Seasonally adjusted £m
2015-Q4,2022-11-15,31,522194,Gross Domestic Product: chained volume measures: Seasonally adjusted £m
2015-Q4,2023-11-10,35,521920,Gross Domestic Product: chained volume measures: Seasonally adjusted £m
2015-Q4,2024-11-15,39,578068,Gross Domestic Product: chained volume measures: Seasonally adjusted £m
2015-Q4,2025-11-13,43,621968,Gross Domestic Product: chained volume measures: Seasonally adjusted £m
2016-Q1,2016-05-26,4,452886,Gross Domestic Product: chained volume measures: Seasonally adjusted £m
2016-Q1,2016-08-25,5,464212,Gross Domestic Product: chained volume measures: Seasonally adjusted £m
2016-Q1,2016-11-25,6,463678,Gross Domestic Product: chained volume measures: Seasonally adjusted £m
2016-Q1,2017-02-22,7,462324,Gross Domestic Product: chained volume measures: Seasonally adjusted £m
2016-Q1,2017-05-24,8,462333,Gross Domestic Product: chained volume measures: Seasonally adjusted £m
2016-Q1,2017-11-23,10,477152,Gross Domestic Product: chained volume measures: Seasonally adjusted £m
2016-Q1,2018-02-22,11,477421,Gross Domestic Product: chained volume measures: Seasonally adjusted £m
2016-Q1,2018-08-09,13,489736,Gross Domestic Product: chained volume measures: Seasonally adjusted £m
2016-Q1,2019-11-11,19,494966,Gross Domestic Product: chained volume measures: Seasonally adjusted £m
2016-Q1,2020-11-12,23,516456,Gross Domestic Product: chained volume measures: Seasonally adjusted £m
2016-Q1,2021-11-11,27,529673,Gross Domestic Product: chained volume measures: Seasonally adjusted £m
2016-Q1,2022-11-15,31,524102,Gross Domestic Product: chained volume measures: Seasonally adjusted £m
2016-Q1,2023-11-10,35,523813,Gross Domestic Product: chained volume measures: Seasonally adjusted £m
2016-Q1,2024-11-15,39,580110,Gross Domestic Product: chained volume measures: Seasonally adjusted £m
2016-Q1,2025-11-13,43,625099,Gross Domestic Product: chained volume measures: Seasonally adjusted £m
2016-Q2,2016-08-25,5,466944,Gross Domestic Product: chained volume measures: Seasonally adjusted £m
2016-Q2,2016-11-25,6,466790,Gross Domestic Product: chained volume measures: Seasonally adjusted £m
2016-Q2,2017-02-22,7,465012,Gross Domestic Product: chained volume measures: Seasonally adjusted £m
2016-Q2,2017-05-24,8,465113,Gross Domestic Product: chained volume measures: Seasonally adjusted £m
2016-Q2,2017-11-23,10,479682,Gross Domestic Product: chained volume measures: Seasonally adjusted £m
2016-Q2,2018-02-22,11,479693,Gross Domestic Product: chained volume measures: Seasonally adjusted £m
2016-Q2,2018-08-09,13,490502,Gross Domestic Product: chained volume measures: Seasonally adjusted £m
2016-Q2,2019-11-11,19,497593,Gross Domestic Product: chained volume measures: Seasonally adjusted £m
2016-Q2,2020-11-12,23,518794,Gross Domestic Product: chained volume measures: Seasonally adjusted £m
2016-Q2,2021-11-11,27,532731,Gross Domestic Product: chained volume measures: Seasonally adjusted £m
2016-Q2,2022-11-15,31,527401,Gross Domestic Product: chained volume measures: Seasonally adjusted £m
2016-Q2,2023-11-10,35,526750,Gross Domestic Product: chained volume measures: Seasonally adjusted £m
2016-Q2,2024-11-15,39,583383,Gross Domestic Product: chained volume measures: Seasonally adjusted £m
2016-Q2,2025-11-13,43,629697,Gross Domestic Product: chained volume measures: Seasonally adjusted £m
2016-Q3,2016-11-25,6,469056,Gross Domestic Product: chained volume measures: Seasonally adjusted £m
2016-Q3,2017-02-22,7,467628,Gross Domestic Product: chained volume measures: Seasonally adjusted £m
2016-Q3,2017-05-24,8,467437,Gross Domestic Product: chained volume measures: Seasonally adjusted £m
2016-Q3,2017-11-23,10,481524,Gross Domestic Product: chained volume measures: Seasonally adjusted £m
2016-Q3,2018-02-22,11,482288,Gross Domestic Product: chained volume measures: Seasonally adjusted £m
2016-Q3,2018-08-09,13,492816,Gross Domestic Product: chained volume measures: Seasonally adjusted £m
2016-Q3,2019-11-11,19,499836,Gross Domestic Product: chained volume measures: Seasonally adjusted £m
2016-Q3,2020-11-12,23,520379,Gross Domestic Product: chained volume measures: Seasonally adjusted £m
2016-Q3,2021-11-11,27,535103,Gross Domestic Product: chained volume measures: Seasonally adjusted £m
2016-Q3,2022-11-15,31,529730,Gross Domestic Product: chained volume measures: Seasonally adjusted £m
2016-Q3,2023-11-10,35,528712,Gross Domestic Product: chained volume measures: Seasonally adjusted £m
2016-Q3,2024-11-15,39,585856,Gross Domestic Product: chained volume measures: Seasonally adjusted £m
2016-Q3,2025-11-13,43,632477,Gross Domestic Product: chained volume measures: Seasonally adjusted £m
2016-Q4,2017-02-22,7,470929,Gross Domestic Product: chained volume measures: Seasonally adjusted £m
2016-Q4,2017-05-24,8,470527,Gross Domestic Product: chained volume measures: Seasonally adjusted £m
2016-Q4,2017-11-23,10,484268,Gross Domestic Product: chained volume measures: Seasonally adjusted £m
2016-Q4,2018-02-22,11,485897,Gross Domestic Product: chained volume measures: Seasonally adjusted £m
2016-Q4,2018-08-09,13,496470,Gross Domestic Product: chained volume measures: Seasonally adjusted £m
2016-Q4,2019-11-11,19,503083,Gross Domestic Product: chained volume measures: Seasonally adjusted £m
2016-Q4,2020-11-12,23,523484,Gross Domestic Product: chained volume measures: Seasonally adjusted £m
2016-Q4,2021-11-11,27,539059,Gross Domestic Product: chained volume measures: Seasonally adjusted £m
2016-Q4,2022-11-15,31,533173,Gross Domestic Product: chained volume measures: Seasonally adjusted £m
2016-Q4,2023-11-10,35,532082,Gross Domestic Product: chained volume measures: Seasonally adjusted £m
2016-Q4,2024-11-15,39,589476,Gross Domestic Product: chained volume measures: Seasonally adjusted £m
2016-Q4,2025-11-13,43,636392,Gross Domestic Product: chained volume measures: Seasonally adjusted £m
2017-Q1,2017-05-24,8,471388,Gross Domestic Product: chained volume measures: Seasonally adjusted £m
2017-Q1,2017-08-23,9,471524,Gross Domestic Product: chained volume measures: Seasonally adjusted £m
2017-Q1,2017-11-23,10,485509,Gross Domestic Product: chained volume measures: Seasonally adjusted £m
2017-Q1,2018-02-22,11,487008,Gross Domestic Product: chained volume measures: Seasonally adjusted £m
2017-Q1,2018-05-24,12,487422,Gross Domestic Product: chained volume measures: Seasonally adjusted £m
2017-Q1,2018-08-09,13,498417,Gross Domestic Product: chained volume measures: Seasonally adjusted £m
2017-Q1,2018-11-09,14,498645,Gross Domestic Product: chained volume measures: Seasonally adjusted £m
2017-Q1,2019-02-11,15,498582,Gross Domestic Product: chained volume measures: Seasonally adjusted £m
2017-Q1,2019-05-09,16,498645,Gross Domestic Product: chained volume measures: Seasonally adjusted £m
2017-Q1,2019-05-09,17,498582,Gross Domestic Product: chained volume measures: Seasonally adjusted £m
2017-Q1,2019-11-11,19,505983,Gross Domestic Product: chained volume measures: Seasonally adjusted £m
2017-Q1,2020-11-12,23,526081,Gross Domestic Product: chained volume measures: Seasonally adjusted £m
2017-Q1,2021-11-11,27,542562,Gross Domestic Product: chained volume measures: Seasonally adjusted £m
2017-Q1,2022-11-15,31,537114,Gross Domestic Product: chained volume measures: Seasonally adjusted £m
2017-Q1,2023-11-10,35,536566,Gross Domestic Product: chained volume measures: Seasonally adjusted £m
2017-Q1,2024-11-15,39,594423,Gross Domestic Product: chained volume measures: Seasonally adjusted £m
2017-Q1,2025-11-13,43,642463,Gross Domestic Product: chained volume measures: Seasonally adjusted £m
2017-Q2,2017-08-23,9,472929,Gross Domestic Product: chained volume measures: Seasonally adjusted £m
2017-Q2,2017-11-23,10,486914,Gross Domestic Product: chained volume measures: Seasonally adjusted £m
2017-Q2,2018-02-22,11,488299,Gross Domestic Product: chained volume measures: Seasonally adjusted £m
2017-Q2,2018-05-24,12,488624,Gross Domestic Product: chained volume measures: Seasonally adjusted £m
2017-Q2,2018-08-09,13,499477,Gross Domestic Product: chained volume measures: Seasonally adjusted £m
2017-Q2,2018-11-09,14,499942,Gross Domestic Product: chained volume measures: Seasonally adjusted £m
2017-Q2,2019-02-11,15,499885,Gross Domestic Product: chained volume measures: Seasonally adjusted £m
2017-Q2,2019-05-09,16,499942,Gross Domestic Product: chained volume measures: Seasonally adjusted £m
2017-Q2,2019-05-09,17,499885,Gross Domestic Product: chained volume measures: Seasonally adjusted £m
2017-Q2,2019-11-11,19,507255,Gross Domestic Product: chained volume measures: Seasonally adjusted £m
2017-Q2,2020-11-12,23,527622,Gross Domestic Product: chained volume measures: Seasonally adjusted £m
2017-Q2,2021-11-11,27,544248,Gross Domestic Product: chained volume measures: Seasonally adjusted £m
2017-Q2,2022-11-15,31,539994,Gross Domestic Product: chained volume measures: Seasonally adjusted £m
2017-Q2,2023-11-10,35,540020,Gross Domestic Product: chained volume measures: Seasonally adjusted £m
2017-Q2,2024-11-15,39,598176,Gross Domestic Product: chained volume measures: Seasonally adjusted £m
2017-Q2,2025-11-13,43,647944,Gross Domestic Product: chained volume measures: Seasonally adjusted £m
2017-Q3,2017-11-23,10,488907,Gross Domestic Product: chained volume measures: Seasonally adjusted £m
2017-Q3,2018-02-22,11,490743,Gross Domestic Product: chained volume measures: Seasonally adjusted £m
2017-Q3,2018-05-24,12,490876,Gross Domestic Product: chained volume measures: Seasonally adjusted £m
2017-Q3,2018-08-09,13,501232,Gross Domestic Product: chained volume measures: Seasonally adjusted £m
2017-Q3,2018-11-09,14,501695,Gross Domestic Product: chained volume measures: Seasonally adjusted £m
2017-Q3,2019-02-11,15,502473,Gross Domestic Product: chained volume measures: Seasonally adjusted £m
2017-Q3,2019-05-09,16,501695,Gross Domestic Product: chained volume measures: Seasonally adjusted £m
2017-Q3,2019-05-09,17,502473,Gross Domestic Product: chained volume measures: Seasonally adjusted £m
2017-Q3,2019-11-11,19,508982,Gross Domestic Product: chained volume measures: Seasonally adjusted £m
2017-Q3,2020-11-12,23,529856,Gross Domestic Product: chained volume measures: Seasonally adjusted £m
2017-Q3,2021-11-11,27,546579,Gross Domestic Product: chained volume measures: Seasonally adjusted £m
2017-Q3,2022-11-15,31,542780,Gross Domestic Product: chained volume measures: Seasonally adjusted £m
2017-Q3,2023-11-10,35,543452,Gross Domestic Product: chained volume measures: Seasonally adjusted £m
2017-Q3,2024-11-15,39,601961,Gross Domestic Product: chained volume measures: Seasonally adjusted £m
2017-Q3,2025-11-13,43,652329,Gross Domestic Product: chained volume measures: Seasonally adjusted £m
2017-Q4,2018-02-22,11,492674,Gross Domestic Product: chained volume measures: Seasonally adjusted £m
2017-Q4,2018-05-24,12,492785,Gross Domestic Product: chained volume measures: Seasonally adjusted £m
2017-Q4,2018-08-09,13,503014,Gross Domestic Product: chained volume measures: Seasonally adjusted £m
2017-Q4,2018-11-09,14,503535,Gross Domestic Product: chained volume measures: Seasonally adjusted £m
2017-Q4,2019-02-11,15,504487,Gross Domestic Product: chained volume measures: Seasonally adjusted £m
2017-Q4,2019-05-09,16,503535,Gross Domestic Product: chained volume measures: Seasonally adjusted £m
2017-Q4,2019-05-09,17,504487,Gross Domestic Product: chained volume measures: Seasonally adjusted £m
2017-Q4,2019-11-11,19,511014,Gross Domestic Product: chained volume measures: Seasonally adjusted £m
2017-Q4,2020-11-12,23,531737,Gross Domestic Product: chained volume measures: Seasonally adjusted £m
2017-Q4,2021-11-11,27,548781,Gross Domestic Product: chained volume measures: Seasonally adjusted £m
2017-Q4,2022-11-15,31,546185,Gross Domestic Product: chained volume measures: Seasonally adjusted £m
2017-Q4,2023-11-10,35,547377,Gross Domestic Product: chained volume measures: Seasonally adjusted £m
2017-Q4,2024-11-15,39,606396,Gross Domestic Product: chained volume measures: Seasonally adjusted £m
2017-Q4,2025-11-13,43,657225,Gross Domestic Product: chained volume measures: Seasonally adjusted £m
2018-Q1,2018-05-24,12,493271,Gross Domestic Product: chained volume measures: Seasonally adjusted £m
2018-Q1,2018-08-09,13,504195,Gross Domestic Product: chained volume measures: Seasonally adjusted £m
2018-Q1,2018-11-09,14,504001,Gross Domestic Product: chained volume measures: Seasonally adjusted £m
2018-Q1,2019-02-11,15,505027,Gross Domestic Product: chained volume measures: Seasonally adjusted £m
2018-Q1,2019-05-09,16,504001,Gross Domestic Product: chained volume measures: Seasonally adjusted £m
2018-Q1,2019-05-09,17,504785,Gross Domestic Product: chained volume measures: Seasonally adjusted £m
2018-Q1,2019-11-11,19,511300,Gross Domestic Product: chained volume measures: Seasonally adjusted £m
2018-Q1,2020-02-11,20,511318,Gross Domestic Product: chained volume measures: Seasonally adjusted £m
2018-Q1,2020-11-12,23,532104,Gross Domestic Product: chained volume measures: Seasonally adjusted £m
2018-Q1,2021-11-11,27,550080,Gross Domestic Product: chained volume measures: Seasonally adjusted £m
2018-Q1,2022-11-15,31,547003,Gross Domestic Product: chained volume measures: Seasonally adjusted £m
2018-Q1,2023-11-10,35,547688,Gross Domestic Product: chained volume measures: Seasonally adjusted £m
2018-Q1,2024-11-15,39,606785,Gross Domestic Product: chained volume measures: Seasonally adjusted £m
2018-Q1,2025-11-13,43,657741,Gross Domestic Product: chained volume measures: Seasonally adjusted £m
2018-Q2,2018-08-09,13,506029,Gross Domestic Product: chained volume measures: Seasonally adjusted £m
2018-Q2,2018-11-09,14,506031,Gross Domestic Product: chained volume measures: Seasonally adjusted £m
2018-Q2,2019-02-11,15,507132,Gross Domestic Product: chained volume measures: Seasonally adjusted £m
2018-Q2,2019-05-09,16,506031,Gross Domestic Product: chained volume measures: Seasonally adjusted £m
2018-Q2,2019-05-09,17,506842,Gross Domestic Product: chained volume measures: Seasonally adjusted £m
2018-Q2,2019-11-11,19,514017,Gross Domestic Product: chained volume measures: Seasonally adjusted £m
2018-Q2,2020-02-11,20,514011,Gross Domestic Product: chained volume measures: Seasonally adjusted £m
2018-Q2,2020-11-12,23,534140,Gross Domestic Product: chained volume measures: Seasonally adjusted £m
2018-Q2,2021-11-11,27,553087,Gross Domestic Product: chained volume measures: Seasonally adjusted £m
2018-Q2,2022-11-15,31,549491,Gross Domestic Product: chained volume measures: Seasonally adjusted £m
2018-Q2,2023-11-10,35,548600,Gross Domestic Product: chained volume measures: Seasonally adjusted £m
2018-Q2,2024-11-15,39,607775,Gross Domestic Product: chained volume measures: Seasonally adjusted £m
2018-Q2,2025-11-13,43,659172,Gross Domestic Product: chained volume measures: Seasonally adjusted £m
2018-Q3,2018-11-09,14,509120,Gross Domestic Product: chained volume measures: Seasonally adjusted £m
2018-Q3,2019-02-11,15,510289,Gross Domestic Product: chained volume measures: Seasonally adjusted £m
2018-Q3,2019-05-09,16,509120,Gross Domestic Product: chained volume measures: Seasonally adjusted £m
2018-Q3,2019-05-09,17,510346,Gross Domestic Product: chained volume measures: Seasonally adjusted £m
2018-Q3,2019-11-11,19,517221,Gross Domestic Product: chained volume measures: Seasonally adjusted £m
2018-Q3,2020-02-11,20,517029,Gross Domestic Product: chained volume measures: Seasonally adjusted £m
2018-Q3,2020-11-12,23,537326,Gross Domestic Product: chained volume measures: Seasonally adjusted £m
2018-Q3,2021-11-11,27,556581,Gross Domestic Product: chained volume measures: Seasonally adjusted £m
2018-Q3,2022-11-15,31,552545,Gross Domestic Product: chained volume measures: Seasonally adjusted £m
2018-Q3,2023-11-10,35,550425,Gross Domestic Product: chained volume measures: Seasonally adjusted £m
2018-Q3,2024-11-15,39,609653,Gross Domestic Product: chained volume measures: Seasonally adjusted £m
2018-Q3,2025-11-13,43,661262,Gross Domestic Product: chained volume measures: Seasonally adjusted £m
2018-Q4,2019-02-11,15,511175,Gross Domestic Product: chained volume measures: Seasonally adjusted £m
2018-Q4,2019-05-09,16,,Gross Domestic Product: chained volume measures: Seasonally adjusted £m
2018-Q4,2019-05-09,17,511482,Gross Domestic Product: chained volume measures: Seasonally adjusted £m
2018-Q4,2019-11-11,19,518870,Gross Domestic Product: chained volume measures: Seasonally adjusted £m
2018-Q4,2020-02-11,20,518136,Gross Domestic Product: chained volume measures: Seasonally adjusted £m
2018-Q4,2020-11-12,23,538222,Gross Domestic Product: chained volume measures: Seasonally adjusted £m
2018-Q4,2021-11-11,27,558448,Gross Domestic Product: chained volume measures: Seasonally adjusted £m
2018-Q4,2022-11-15,31,553966,Gross Domestic Product: chained volume measures: Seasonally adjusted £m
2018-Q4,2023-11-10,35,551128,Gross Domestic Product: chained volume measures: Seasonally adjusted £m
2018-Q4,2024-11-15,39,610481,Gross Domestic Product: chained volume measures: Seasonally adjusted £m
2018-Q4,2025-11-13,43,662120,Gross Domestic Product: chained volume measures: Seasonally adjusted £m
2019-Q1,2019-05-09,17,514019,Gross Domestic Product: chained volume measures: Seasonally adjusted £m
2019-Q1,2019-11-11,19,521873,Gross Domestic Product: chained volume measures: Seasonally adjusted £m
2019-Q1,2020-02-11,20,521458,Gross Domestic Product: chained volume measures: Seasonally adjusted £m
2019-Q1,2020-05-12,21,521610,Gross Domestic Product: chained volume measures: Seasonally adjusted £m
2019-Q1,2020-08-11,22,521546,Gross Domestic Product: chained volume measures: Seasonally adjusted £m
2019-Q1,2020-11-12,23,541188,Gross Domestic Product: chained volume measures: Seasonally adjusted £m
2019-Q1,2021-02-12,24,541195,Gross Domestic Product: chained volume measures: Seasonally adjusted £m
2019-Q1,2021-11-11,27,562033,Gross Domestic Product: chained volume measures: Seasonally adjusted £m
2019-Q1,2022-11-15,31,557458,Gross Domestic Product: chained volume measures: Seasonally adjusted £m
2019-Q1,2023-11-10,35,555141,Gross Domestic Product: chained volume measures: Seasonally adjusted £m
2019-Q1,2024-11-15,39,614936,Gross Domestic Product: chained volume measures: Seasonally adjusted £m
2019-Q1,2025-11-13,43,665456,Gross Domestic Product: chained volume measures: Seasonally adjusted £m
2019-Q2,2019-08-08,18,513029,Gross Domestic Product: chained volume measures: Seasonally adjusted £m
2019-Q2,2019-11-11,19,520735,Gross Domestic Product: chained volume measures: Seasonally adjusted £m
2019-Q2,2020-02-11,20,520893,Gross Domestic Product: chained volume measures: Seasonally adjusted £m
2019-Q2,2020-05-12,21,520779,Gross Domestic Product: chained volume measures: Seasonally adjusted £m
2019-Q2,2020-08-11,22,521251,Gross Domestic Product: chained volume measures: Seasonally adjusted £m
2019-Q2,2020-11-12,23,541091,Gross Domestic Product: chained volume measures: Seasonally adjusted £m
2019-Q2,2021-02-12,24,541944,Gross Domestic Product: chained volume measures: Seasonally adjusted £m
2019-Q2,2021-11-11,27,562779,Gross Domestic Product: chained volume measures: Seasonally adjusted £m
2019-Q2,2022-11-15,31,558071,Gross Domestic Product: chained volume measures: Seasonally adjusted £m
2019-Q2,2023-11-10,35,556932,Gross Domestic Product: chained volume measures: Seasonally adjusted £m
2019-Q2,2024-11-15,39,616853,Gross Domestic Product: chained volume measures: Seasonally adjusted £m
2019-Q2,2025-11-13,43,666875,Gross Domestic Product: chained volume measures: Seasonally adjusted £m
2019-Q3,2019-11-11,19,522247,Gross Domestic Product: chained volume measures: Seasonally adjusted £m
2019-Q3,2020-02-11,20,523463,Gross Domestic Product: chained volume measures: Seasonally adjusted £m
2019-Q3,2020-05-12,21,523513,Gross Domestic Product: chained volume measures: Seasonally adjusted £m
2019-Q3,2020-08-11,22,523918,Gross Domestic Product: chained volume measures: Seasonally adjusted £m
2019-Q3,2020-11-12,23,542854,Gross Domestic Product: chained volume measures: Seasonally adjusted £m
2019-Q3,2021-02-12,24,544639,Gross Domestic Product: chained volume measures: Seasonally adjusted £m
2019-Q3,2021-11-11,27,565362,Gross Domestic Product: chained volume measures: Seasonally adjusted £m
2019-Q3,2022-11-15,31,561480,Gross Domestic Product: chained volume measures: Seasonally adjusted £m
2019-Q3,2023-11-10,35,560987,Gross Domestic Product: chained volume measures: Seasonally adjusted £m
2019-Q3,2024-11-15,39,621227,Gross Domestic Product: chained volume measures: Seasonally adjusted £m
2019-Q3,2025-11-13,43,670547,Gross Domestic Product: chained volume measures: Seasonally adjusted £m
2019-Q4,2020-02-11,20,523588,Gross Domestic Product: chained volume measures: Seasonally adjusted £m
2019-Q4,2020-05-12,21,523617,Gross Domestic Product: chained volume measures: Seasonally adjusted £m
2019-Q4,2020-08-11,22,523917,Gross Domestic Product: chained volume measures: Seasonally adjusted £m
2019-Q4,2020-11-12,23,543665,Gross Domestic Product: chained volume measures: Seasonally adjusted £m
2019-Q4,2021-02-12,24,544733,Gross Domestic Product: chained volume measures: Seasonally adjusted £m
2019-Q4,2021-11-11,27,565109,Gross Domestic Product: chained volume measures: Seasonally adjusted £m
2019-Q4,2022-11-15,31,561339,Gross Domestic Product: chained volume measures: Seasonally adjusted £m
2019-Q4,2023-11-10,35,560861,Gross Domestic Product: chained volume measures: Seasonally adjusted £m
2019-Q4,2024-11-15,39,621229,Gross Domestic Product: chained volume measures: Seasonally adjusted £m
2019-Q4,2025-11-13,43,670587,Gross Domestic Product: chained volume measures: Seasonally adjusted £m
2020-Q1,2020-05-12,21,513273,Gross Domestic Product: chained volume measures: Seasonally adjusted £m
2020-Q1,2020-08-11,22,512458,Gross Domestic Product: chained volume measures: Seasonally adjusted £m
2020-Q1,2020-11-12,23,529950,Gross Domestic Product: chained volume measures: Seasonally adjusted £m
2020-Q1,2021-02-12,24,529031,Gross Domestic Product: chained volume measures: Seasonally adjusted £m
2020-Q1,2021-05-11,25,529223,Gross Domestic Product: chained volume measures: Seasonally adjusted £m
2020-Q1,2021-11-11,27,549856,Gross Domestic Product: chained volume measures: Seasonally adjusted £m
2020-Q1,2022-02-11,28,550205,Gross Domestic Product: chained volume measures: Seasonally adjusted £m
2020-Q1,2022-05-11,29,550835,Gross Domestic Product: chained volume measures: Seasonally adjusted £m
2020-Q1,2022-11-15,31,546515,Gross Domestic Product: chained volume measures: Seasonally adjusted £m
2020-Q1,2023-11-10,35,545597,Gross Domestic Product: chained volume measures: Seasonally adjusted £m
2020-Q1,2024-11-15,39,604719,Gross Domestic Product: chained volume measures: Seasonally adjusted £m
2020-Q1,2025-11-13,43,652180,Gross Domestic Product: chained volume measures: Seasonally adjusted £m
2020-Q2,2020-08-11,22,408046,Gross Domestic Product: chained volume measures: Seasonally adjusted £m
2020-Q2,2020-11-12,23,424962,Gross Domestic Product: chained volume measures: Seasonally adjusted £m
2020-Q2,2021-02-12,24,428307,Gross Domestic Product: chained volume measures: Seasonally adjusted £m
2020-Q2,2021-05-11,25,426197,Gross Domestic Product: chained volume measures: Seasonally adjusted £m
2020-Q2,2021-11-11,27,442274,Gross Domestic Product: chained volume measures: Seasonally adjusted £m
2020-Q2,2022-02-11,28,443193,Gross Domestic Product: chained volume measures: Seasonally adjusted £m
2020-Q2,2022-05-11,29,443817,Gross Domestic Product: chained volume measures: Seasonally adjusted £m
2020-Q2,2022-11-15,31,431794,Gross Domestic Product: chained volume measures: Seasonally adjusted £m
2020-Q2,2023-11-10,35,434718,Gross Domestic Product: chained volume measures: Seasonally adjusted £m
2020-Q2,2024-11-15,39,481769,Gross Domestic Product: chained volume measures: Seasonally adjusted £m
2020-Q2,2025-11-13,43,522356,Gross Domestic Product: chained volume measures: Seasonally adjusted £m
2020-Q3,2020-11-12,23,490861,Gross Domestic Product: chained volume measures: Seasonally adjusted £m
2020-Q3,2021-02-12,24,497401,Gross Domestic Product: chained volume measures: Seasonally adjusted £m
2020-Q3,2021-05-11,25,498429,Gross Domestic Product: chained volume measures: Seasonally adjusted £m
2020-Q3,2021-11-11,27,519390,Gross Domestic Product: chained volume measures: Seasonally adjusted £m
2020-Q3,2022-02-11,28,521073,Gross Domestic Product: chained volume measures: Seasonally adjusted £m
2020-Q3,2022-05-11,29,521910,Gross Domestic Product: chained volume measures: Seasonally adjusted £m
2020-Q3,2022-11-15,31,503509,Gross Domestic Product: chained volume measures: Seasonally adjusted £m
2020-Q3,2023-11-10,35,507643,Gross Domestic Product: chained volume measures: Seasonally adjusted £m
2020-Q3,2024-11-15,39,562648,Gross Domestic Product: chained volume measures: Seasonally adjusted £m
2020-Q3,2025-11-13,43,610972,Gross Domestic Product: chained volume measures: Seasonally adjusted £m
2020-Q4,2021-02-12,24,502253,Gross Domestic Product: chained volume measures: Seasonally adjusted £m
2020-Q4,2021-05-11,25,504742,Gross Domestic Product: chained volume measures: Seasonally adjusted £m
2020-Q4,2021-11-11,27,525140,Gross Domestic Product: chained volume measures: Seasonally adjusted £m
2020-Q4,2022-02-11,28,528902,Gross Domestic Product: chained volume measures: Seasonally adjusted £m
2020-Q4,2022-05-11,29,529647,Gross Domestic Product: chained volume measures: Seasonally adjusted £m
2020-Q4,2022-11-15,31,509621,Gross Domestic Product: chained volume measures: Seasonally adjusted £m
2020-Q4,2023-11-10,35,514531,Gross Domestic Product: chained volume measures: Seasonally adjusted £m
2020-Q4,2024-11-15,39,570338,Gross Domestic Product: chained volume measures: Seasonally adjusted £m
2020-Q4,2025-11-13,43,619330,Gross Domestic Product: chained volume measures: Seasonally adjusted £m
2021-Q1,2021-05-11,25,497145,Gross Domestic Product: chained volume measures: Seasonally adjusted £m
2021-Q1,2021-08-11,26,496737,Gross Domestic Product: chained volume measures: Seasonally adjusted £m
2021-Q1,2021-11-11,27,517998,Gross Domestic Product: chained volume measures: Seasonally adjusted £m
2021-Q1,2022-02-11,28,522712,Gross Domestic Product: chained volume measures: Seasonally adjusted £m
2021-Q1,2022-05-11,29,523440,Gross Domestic Product: chained volume measures: Seasonally adjusted £m
2021-Q1,2022-11-15,31,503663,Gross Domestic Product: chained volume measures: Seasonally adjusted £m
2021-Q1,2023-02-10,32,504255,Gross Domestic Product: chained volume measures: Seasonally adjusted £m
2021-Q1,2023-11-10,35,509261,Gross Domestic Product: chained volume measures: Seasonally adjusted £m
2021-Q1,2024-11-15,39,564411,Gross Domestic Product: chained volume measures: Seasonally adjusted £m
2021-Q1,2025-11-13,43,612665,Gross Domestic Product: chained volume measures: Seasonally adjusted £m
2021-Q2,2021-08-11,26,520661,Gross Domestic Product: chained volume measures: Seasonally adjusted £m
2021-Q2,2021-11-11,27,546556,Gross Domestic Product: chained volume measures: Seasonally adjusted £m
2021-Q2,2022-02-11,28,552237,Gross Domestic Product: chained volume measures: Seasonally adjusted £m
2021-Q2,2022-05-11,29,552521,Gross Domestic Product: chained volume measures: Seasonally adjusted £m
2021-Q2,2022-11-15,31,536608,Gross Domestic Product: chained volume measures: Seasonally adjusted £m
2021-Q2,2023-02-10,32,537175,Gross Domestic Product: chained volume measures: Seasonally adjusted £m
2021-Q2,2023-11-10,35,546579,Gross Domestic Product: chained volume measures: Seasonally adjusted £m
2021-Q2,2024-11-15,39,605353,Gross Domestic Product: chained volume measures: Seasonally adjusted £m
2021-Q2,2025-11-13,43,655443,Gross Domestic Product: chained volume measures: Seasonally adjusted £m
2021-Q3,2021-11-11,27,553412,Gross Domestic Product: chained volume measures: Seasonally adjusted £m
2021-Q3,2022-02-11,28,557698,Gross Domestic Product: chained volume measures: Seasonally adjusted £m
2021-Q3,2022-05-11,29,557700,Gross Domestic Product: chained volume measures: Seasonally adjusted £m
2021-Q3,2022-11-15,31,546084,Gross Domestic Product: chained volume measures: Seasonally adjusted £m
2021-Q3,2023-02-10,32,546487,Gross Domestic Product: chained volume measures: Seasonally adjusted £m
2021-Q3,2023-11-10,35,555956,Gross Domestic Product: chained volume measures: Seasonally adjusted £m
2021-Q3,2024-11-15,39,615459,Gross Domestic Product: chained volume measures: Seasonally adjusted £m
2021-Q3,2025-11-13,43,666498,Gross Domestic Product: chained volume measures: Seasonally adjusted £m
2021-Q4,2022-02-11,28,563070,Gross Domestic Product: chained volume measures: Seasonally adjusted £m
2021-Q4,2022-05-11,29,564812,Gross Domestic Product: chained volume measures: Seasonally adjusted £m
2021-Q4,2022-11-15,31,554938,Gross Domestic Product: chained volume measures: Seasonally adjusted £m
2021-Q4,2023-02-10,32,554821,Gross Domestic Product: chained volume measures: Seasonally adjusted £m
2021-Q4,2023-11-10,35,564407,Gross Domestic Product: chained volume measures: Seasonally adjusted £m
2021-Q4,2024-11-15,39,624592,Gross Domestic Product: chained volume measures: Seasonally adjusted £m
2021-Q4,2025-11-13,43,675680,Gross Domestic Product: chained volume measures: Seasonally adjusted £m
2022-Q1,2022-05-11,29,569055,Gross Domestic Product: chained volume measures: Seasonally adjusted £m
2022-Q1,2022-08-11,30,569182,Gross Domestic Product: chained volume measures: Seasonally adjusted £m
2022-Q1,2022-11-15,31,558776,Gross Domestic Product: chained volume measures: Seasonally adjusted £m
2022-Q1,2023-02-10,32,557361,Gross Domestic Product: chained volume measures: Seasonally adjusted £m
2022-Q1,2023-05-11,33,557524,Gross Domestic Product: chained volume measures: Seasonally adjusted £m
2022-Q1,2023-11-10,35,567372,Gross Domestic Product: chained volume measures: Seasonally adjusted £m
2022-Q1,2024-02-15,36,567396,Gross Domestic Product: chained volume measures: Seasonally adjusted £m
2022-Q1,2024-11-15,39,629149,Gross Domestic Product: chained volume measures: Seasonally adjusted £m
2022-Q1,2025-11-13,43,682527,Gross Domestic Product: chained volume measures: Seasonally adjusted £m
2022-Q2,2022-08-11,30,568719,Gross Domestic Product: chained volume measures: Seasonally adjusted £m
2022-Q2,2022-11-15,31,560089,Gross Domestic Product: chained volume measures: Seasonally adjusted £m
2022-Q2,2023-02-10,32,557938,Gross Domestic Product: chained volume measures: Seasonally adjusted £m
2022-Q2,2023-05-11,33,557810,Gross Domestic Product: chained volume measures: Seasonally adjusted £m
2022-Q2,2023-11-10,35,567878,Gross Domestic Product: chained volume measures: Seasonally adjusted £m
2022-Q2,2024-02-15,36,567889,Gross Domestic Product: chained volume measures: Seasonally adjusted £m
2022-Q2,2024-11-15,39,631258,Gross Domestic Product: chained volume measures: Seasonally adjusted £m
2022-Q2,2025-11-13,43,686335,Gross Domestic Product: chained volume measures: Seasonally adjusted £m
2022-Q3,2022-11-15,31,559167,Gross Domestic Product: chained volume measures: Seasonally adjusted £m
2022-Q3,2023-02-10,32,557023,Gross Domestic Product: chained volume measures: Seasonally adjusted £m
2022-Q3,2023-05-11,33,557286,Gross Domestic Product: chained volume measures: Seasonally adjusted £m
2022-Q3,2023-11-10,35,567392,Gross Domestic Product: chained volume measures: Seasonally adjusted £m
2022-Q3,2024-02-15,36,567445,Gross Domestic Product: chained volume measures: Seasonally adjusted £m
2022-Q3,2024-11-15,39,631977,Gross Domestic Product: chained volume measures: Seasonally adjusted £m
2022-Q3,2025-11-13,43,687029,Gross Domestic Product: chained volume measures: Seasonally adjusted £m
2022-Q4,2023-02-10,32,557099,Gross Domestic Product: chained volume measures: Seasonally adjusted £m
2022-Q4,2023-05-11,33,558005,Gross Domestic Product: chained volume measures: Seasonally adjusted £m
2022-Q4,2023-11-10,35,568151,Gross Domestic Product: chained volume measures: Seasonally adjusted £m
2022-Q4,2024-02-15,36,568034,Gross Domestic Product: chained volume measures: Seasonally adjusted £m
2022-Q4,2024-11-15,39,634044,Gross Domestic Product: chained volume measures: Seasonally adjusted £m
2022-Q4,2025-11-13,43,688817,Gross Domestic Product: chained volume measures: Seasonally adjusted £m
2023-Q1,2023-05-11,33,558705,Gross Domestic Product: chained volume measures: Seasonally adjusted £m
2023-Q1,2023-08-10,34,558812,Gross Domestic Product: chained volume measures: Seasonally adjusted £m
2023-Q1,2023-11-10,35,569973,Gross Domestic Product: chained volume measures: Seasonally adjusted £m
2023-Q1,2024-02-15,36,569336,Gross Domestic Product: chained volume measures: Seasonally adjusted £m
2023-Q1,2024-05-09,37,569027,Gross Domestic Product: chained volume measures: Seasonally adjusted £m
2023-Q1,2024-11-15,39,634612,Gross Domestic Product: chained volume measures: Seasonally adjusted £m
2023-Q1,2025-02-13,40,634807,Gross Domestic Product: chained volume measures: Seasonally adjusted £m
2023-Q1,2025-05-14,41,634428,Gross Domestic Product: chained volume measures: Seasonally adjusted £m
2023-Q1,2025-11-13,43,689206,Gross Domestic Product: chained volume measures: Seasonally adjusted £m
2023-Q2,2023-08-10,34,559956,Gross Domestic Product: chained volume measures: Seasonally adjusted £m
2023-Q2,2023-11-10,35,571043,Gross Domestic Product: chained volume measures: Seasonally adjusted £m
2023-Q2,2024-02-15,36,569364,Gross Domestic Product: chained volume measures: Seasonally adjusted £m
2023-Q2,2024-05-09,37,569076,Gross Domestic Product: chained volume measures: Seasonally adjusted £m
2023-Q2,2024-11-15,39,634624,Gross Domestic Product: chained volume measures: Seasonally adjusted £m
2023-Q2,2025-02-13,40,634866,Gross Domestic Product: chained volume measures: Seasonally adjusted £m
2023-Q2,2025-05-14,41,634694,Gross Domestic Product: chained volume measures: Seasonally adjusted £m
2023-Q2,2025-11-13,43,689491,Gross Domestic Product: chained volume measures: Seasonally adjusted £m
2023-Q3,2023-11-10,35,570880,Gross Domestic Product: chained volume measures: Seasonally adjusted £m
2023-Q3,2024-02-15,36,568655,Gross Domestic Product: chained volume measures: Seasonally adjusted £m
2023-Q3,2024-05-09,37,568397,Gross Domestic Product: chained volume measures: Seasonally adjusted £m
2023-Q3,2024-11-15,39,633956,Gross Domestic Product: chained volume measures: Seasonally adjusted £m
2023-Q3,2025-02-13,40,634052,Gross Domestic Product: chained volume measures: Seasonally adjusted £m
2023-Q3,2025-05-14,41,634327,Gross Domestic Product: chained volume measures: Seasonally adjusted £m
2023-Q3,2025-11-13,43,687839,Gross Domestic Product: chained volume measures: Seasonally adjusted £m
2023-Q4,2024-02-15,36,566695,Gross Domestic Product: chained volume measures: Seasonally adjusted £m
2023-Q4,2024-05-09,37,566626,Gross Domestic Product: chained volume measures: Seasonally adjusted £m
2023-Q4,2024-11-15,39,631825,Gross Domestic Product: chained volume measures: Seasonally adjusted £m
2023-Q4,2025-02-13,40,632365,Gross Domestic Product: chained volume measures: Seasonally adjusted £m
2023-Q4,2025-05-14,41,633011,Gross Domestic Product: chained volume measures: Seasonally adjusted £m
2023-Q4,2025-11-13,43,685628,Gross Domestic Product: chained volume measures: Seasonally adjusted £m
2024-Q1,2024-05-09,37,570196,Gross Domestic Product: chained volume measures: Seasonally adjusted £m
2024-Q1,2024-08-14,38,570694,Gross Domestic Product: chained volume measures: Seasonally adjusted £m
2024-Q1,2024-11-15,39,636222,Gross Domestic Product: chained volume measures: Seasonally adjusted £m
2024-Q1,2025-02-13,40,637729,Gross Domestic Product: chained volume measures: Seasonally adjusted £m
2024-Q1,2025-05-14,41,638746,Gross Domestic Product: chained volume measures: Seasonally adjusted £m
2024-Q1,2025-11-13,43,691337,Gross Domestic Product: chained volume measures: Seasonally adjusted £m
2024-Q1,2026-02-12,44,691198,Gross Domestic Product: chained volume measures: Seasonally adjusted £m
2024-Q1,2026-05-13,45,690605,Gross Domestic Product: chained volume measures: Seasonally adjusted £m
2024-Q1,2026-08-12,46,690620,Gross Domestic Product: chained volume measures: Seasonally adjusted £m
2024-Q2,2024-08-14,38,573956,Gross Domestic Product: chained volume measures: Seasonally adjusted £m
2024-Q2,2024-11-15,39,639095,Gross Domestic Product: chained volume measures: Seasonally adjusted £m
2024-Q2,2025-02-13,40,640592,Gross Domestic Product: chained volume measures: Seasonally adjusted £m
2024-Q2,2025-05-14,41,641670,Gross Domestic Product: chained volume measures: Seasonally adjusted £m
2024-Q2,2025-11-13,43,695578,Gross Domestic Product: chained volume measures: Seasonally adjusted £m
2024-Q2,2026-02-12,44,695280,Gross Domestic Product: chained volume measures: Seasonally adjusted £m
2024-Q2,2026-05-13,45,694810,Gross Domestic Product: chained volume measures: Seasonally adjusted £m
2024-Q2,2026-08-12,46,694910,Gross Domestic Product: chained volume measures: Seasonally adjusted £m
2024-Q3,2024-11-15,39,640002,Gross Domestic Product: chained volume measures: Seasonally adjusted £m
2024-Q3,2025-02-13,40,640417,Gross Domestic Product: chained volume measures: Seasonally adjusted £m
2024-Q3,2025-05-14,41,641675,Gross Domestic Product: chained volume measures: Seasonally adjusted £m
2024-Q3,2025-11-13,43,697248,Gross Domestic Product: chained volume measures: Seasonally adjusted £m
2024-Q3,2026-02-12,44,696853,Gross Domestic Product: chained volume measures: Seasonally adjusted £m
2024-Q3,2026-05-13,45,696183,Gross Domestic Product: chained volume measures: Seasonally adjusted £m
2024-Q3,2026-08-12,46,696154,Gross Domestic Product: chained volume measures: Seasonally adjusted £m
2024-Q4,2025-02-13,40,641065,Gross Domestic Product: chained volume measures: Seasonally adjusted £m
2024-Q4,2025-05-14,41,642287,Gross Domestic Product: chained volume measures: Seasonally adjusted £m
2024-Q4,2025-11-13,43,698912,Gross Domestic Product: chained volume measures: Seasonally adjusted £m
2024-Q4,2026-02-12,44,698780,Gross Domestic Product: chained volume measures: Seasonally adjusted £m
2024-Q4,2026-05-13,45,699177,Gross Domestic Product: chained volume measures: Seasonally adjusted £m
2024-Q4,2026-08-12,46,699169,Gross Domestic Product: chained volume measures: Seasonally adjusted £m
2025-Q1,2025-05-14,41,646833,Gross Domestic Product: chained volume measures: Seasonally adjusted £m
2025-Q1,2025-08-13,42,647018,Gross Domestic Product: chained volume measures: Seasonally adjusted £m
2025-Q1,2025-11-13,43,703532,Gross Domestic Product: chained volume measures: Seasonally adjusted £m
2025-Q1,2026-02-12,44,703373,Gross Domestic Product: chained volume measures: Seasonally adjusted £m
2025-Q1,2026-05-13,45,703218,Gross Domestic Product: chained volume measures: Seasonally adjusted £m
2025-Q1,2026-08-12,46,703178,Gross Domestic Product: chained volume measures: Seasonally adjusted £m
2025-Q2,2025-08-13,42,649249,Gross Domestic Product: chained volume measures: Seasonally adjusted £m
2025-Q2,2025-11-13,43,705486,Gross Domestic Product: chained volume measures: Seasonally adjusted £m
2025-Q2,2026-02-12,44,704798,Gross Domestic Product: chained volume measures: Seasonally adjusted £m
2025-Q2,2026-05-13,45,704206,Gross Domestic Product: chained volume measures: Seasonally adjusted £m
2025-Q2,2026-08-12,46,704274,Gross Domestic Product: chained volume measures: Seasonally adjusted £m
2025-Q3,2025-11-13,43,706062,Gross Domestic Product: chained volume measures: Seasonally adjusted £m
2025-Q3,2026-02-12,44,705187,Gross Domestic Product: chained volume measures: Seasonally adjusted £m
2025-Q3,2026-05-13,45,705348,Gross Domestic Product: chained volume measures: Seasonally adjusted £m
2025-Q3,2026-08-12,46,704802,Gross Domestic Product: chained volume measures: Seasonally adjusted £m
2025-Q4,2026-02-12,44,705571,Gross Domestic Product: chained volume measures: Seasonally adjusted £m
2025-Q4,2026-05-13,45,706453,Gross Domestic Product: chained volume measures: Seasonally adjusted £m
2025-Q4,2026-08-12,46,705160,Gross Domestic Product: chained volume measures: Seasonally adjusted £m
2026-Q1,2026-05-13,45,710896,Gross Domestic Product: chained volume measures: Seasonally adjusted £m
2026-Q1,2026-08-12,46,709598,Gross Domestic Product: chained volume measures: Seasonally adjusted £m
2026-Q2,2026-08-12,46,712545,Gross Domestic Product: chained volume measures: Seasonally adjusted £m
