observation,vintage,version,value,basis
1955 Q2,2015-05-27,1,0.1,Gross Domestic Product: Quarter on Quarter growth: CVM SA %
1955 Q2,2023-11-10,35,0.0,Gross Domestic Product: Quarter on Quarter growth: CVM SA %
1955 Q2,2025-11-13,43,0.1,Gross Domestic Product: Quarter on Quarter growth: CVM SA %
1955 Q3,2015-05-27,1,2.1,Gross Domestic Product: Quarter on Quarter growth: CVM SA %
1955 Q3,2015-05-27,2,2.0,Gross Domestic Product: Quarter on Quarter growth: CVM SA %
1955 Q3,2018-08-09,13,2.1,Gross Domestic Product: Quarter on Quarter growth: CVM SA %
1955 Q3,2019-11-11,19,2.0,Gross Domestic Product: Quarter on Quarter growth: CVM SA %
1955 Q3,2022-11-15,31,1.9,Gross Domestic Product: Quarter on Quarter growth: CVM SA %
1955 Q3,2023-11-10,35,2.0,Gross Domestic Product: Quarter on Quarter growth: CVM SA %
1955 Q3,2025-11-13,43,1.7,Gross Domestic Product: Quarter on Quarter growth: CVM SA %
1955 Q4,2015-05-27,1,-0.5,Gross Domestic Product: Quarter on Quarter growth: CVM SA %
1955 Q4,2024-11-15,39,-0.6,Gross Domestic Product: Quarter on Quarter growth: CVM SA %
1956 Q1,2015-05-27,1,1.1,Gross Domestic Product: Quarter on Quarter growth: CVM SA %
1956 Q1,2019-11-11,19,1.2,Gross Domestic Product: Quarter on Quarter growth: CVM SA %
1956 Q1,2021-11-11,27,1.1,Gross Domestic Product: Quarter on Quarter growth: CVM SA %
1956 Q1,2022-11-15,31,1.2,Gross Domestic Product: Quarter on Quarter growth: CVM SA %
1956 Q1,2023-11-10,35,1.1,Gross Domestic Product: Quarter on Quarter growth: CVM SA %
1956 Q1,2025-11-13,43,1.2,Gross Domestic Product: Quarter on Quarter growth: CVM SA %
1956 Q2,2015-05-27,1,-0.2,Gross Domestic Product: Quarter on Quarter growth: CVM SA %
1956 Q2,2016-08-25,5,-0.3,Gross Domestic Product: Quarter on Quarter growth: CVM SA %
1956 Q2,2017-11-23,10,-0.2,Gross Domestic Product: Quarter on Quarter growth: CVM SA %
1956 Q2,2018-08-09,13,-0.3,Gross Domestic Product: Quarter on Quarter growth: CVM SA %
1956 Q2,2019-11-11,19,-0.2,Gross Domestic Product: Quarter on Quarter growth: CVM SA %
1956 Q2,2023-11-10,35,-0.1,Gross Domestic Product: Quarter on Quarter growth: CVM SA %
1956 Q3,2015-05-27,1,-0.1,Gross Domestic Product: Quarter on Quarter growth: CVM SA %
1956 Q4,2015-05-27,1,0.4,Gross Domestic Product: Quarter on Quarter growth: CVM SA %
1956 Q4,2019-11-11,19,0.5,Gross Domestic Product: Quarter on Quarter growth: CVM SA %
1956 Q4,2020-11-12,23,0.4,Gross Domestic Product: Quarter on Quarter growth: CVM SA %
1956 Q4,2022-11-15,31,0.3,Gross Domestic Product: Quarter on Quarter growth: CVM SA %
1956 Q4,2023-11-10,35,0.6,Gross Domestic Product: Quarter on Quarter growth: CVM SA %
1957 Q1,2015-05-27,1,2.0,Gross Domestic Product: Quarter on Quarter growth: CVM SA %
1957 Q1,2022-11-15,31,2.1,Gross Domestic Product: Quarter on Quarter growth: CVM SA %
1957 Q1,2023-11-10,35,1.9,Gross Domestic Product: Quarter on Quarter growth: CVM SA %
1957 Q1,2025-11-13,43,1.8,Gross Domestic Product: Quarter on Quarter growth: CVM SA %
1957 Q2,2015-05-27,1,0.0,Gross Domestic Product: Quarter on Quarter growth: CVM SA %
1957 Q2,2015-05-27,2,-0.0,Gross Domestic Product: Quarter on Quarter growth: CVM SA %
1957 Q2,2016-08-25,5,0.0,Gross Domestic Product: Quarter on Quarter growth: CVM SA %
1957 Q3,2015-05-27,1,-0.6,Gross Domestic Product: Quarter on Quarter growth: CVM SA %
1957 Q4,2015-05-27,1,0.2,Gross Domestic Product: Quarter on Quarter growth: CVM SA %
1957 Q4,2022-11-15,31,0.1,Gross Domestic Product: Quarter on Quarter growth: CVM SA %
1957 Q4,2023-11-10,35,0.3,Gross Domestic Product: Quarter on Quarter growth: CVM SA %
1958 Q1,2015-05-27,1,2.1,Gross Domestic Product: Quarter on Quarter growth: CVM SA %
1958 Q1,2019-11-11,19,2.2,Gross Domestic Product: Quarter on Quarter growth: CVM SA %
1958 Q1,2025-11-13,43,2.1,Gross Domestic Product: Quarter on Quarter growth: CVM SA %
1958 Q2,2015-05-27,1,-2.3,Gross Domestic Product: Quarter on Quarter growth: CVM SA %
1958 Q2,2019-11-11,19,-2.4,Gross Domestic Product: Quarter on Quarter growth: CVM SA %
1958 Q2,2020-11-12,23,-2.3,Gross Domestic Product: Quarter on Quarter growth: CVM SA %
1958 Q2,2021-11-11,27,-2.4,Gross Domestic Product: Quarter on Quarter growth: CVM SA %
1958 Q2,2022-11-15,31,-2.3,Gross Domestic Product: Quarter on Quarter growth: CVM SA %
1958 Q2,2023-11-10,35,-2.5,Gross Domestic Product: Quarter on Quarter growth: CVM SA %
1958 Q3,2015-05-27,1,2.2,Gross Domestic Product: Quarter on Quarter growth: CVM SA %
1958 Q4,2015-05-27,1,0.1,Gross Domestic Product: Quarter on Quarter growth: CVM SA %
1958 Q4,2023-11-10,35,0.3,Gross Domestic Product: Quarter on Quarter growth: CVM SA %
1959 Q1,2015-05-27,1,0.5,Gross Domestic Product: Quarter on Quarter growth: CVM SA %
1959 Q1,2019-11-11,19,0.6,Gross Domestic Product: Quarter on Quarter growth: CVM SA %
1959 Q1,2021-11-11,27,0.7,Gross Domestic Product: Quarter on Quarter growth: CVM SA %
1959 Q1,2022-11-15,31,0.6,Gross Domestic Product: Quarter on Quarter growth: CVM SA %
1959 Q2,2015-05-27,1,1.6,Gross Domestic Product: Quarter on Quarter growth: CVM SA %
1959 Q2,2015-05-27,2,1.7,Gross Domestic Product: Quarter on Quarter growth: CVM SA %
1959 Q2,2016-08-25,5,1.6,Gross Domestic Product: Quarter on Quarter growth: CVM SA %
1959 Q2,2017-11-23,10,1.7,Gross Domestic Product: Quarter on Quarter growth: CVM SA %
1959 Q2,2018-08-09,13,1.6,Gross Domestic Product: Quarter on Quarter growth: CVM SA %
1959 Q2,2020-11-12,23,1.7,Gross Domestic Product: Quarter on Quarter growth: CVM SA %
1959 Q2,2023-11-10,35,1.6,Gross Domestic Product: Quarter on Quarter growth: CVM SA %
1959 Q3,2015-05-27,1,2.1,Gross Domestic Product: Quarter on Quarter growth: CVM SA %
1959 Q3,2019-11-11,19,2.2,Gross Domestic Product: Quarter on Quarter growth: CVM SA %
1959 Q3,2020-11-12,23,2.1,Gross Domestic Product: Quarter on Quarter growth: CVM SA %
1959 Q3,2022-11-15,31,2.2,Gross Domestic Product: Quarter on Quarter growth: CVM SA %
1959 Q3,2023-11-10,35,2.1,Gross Domestic Product: Quarter on Quarter growth: CVM SA %
1959 Q4,2015-05-27,1,2.6,Gross Domestic Product: Quarter on Quarter growth: CVM SA %
1959 Q4,2015-05-27,2,2.5,Gross Domestic Product: Quarter on Quarter growth: CVM SA %
1959 Q4,2020-11-12,23,2.6,Gross Domestic Product: Quarter on Quarter growth: CVM SA %
1959 Q4,2022-11-15,31,2.5,Gross Domestic Product: Quarter on Quarter growth: CVM SA %
1960 Q1,2015-05-27,1,2.5,Gross Domestic Product: Quarter on Quarter growth: CVM SA %
1960 Q1,2017-11-23,10,2.4,Gross Domestic Product: Quarter on Quarter growth: CVM SA %
1960 Q1,2019-11-11,19,2.5,Gross Domestic Product: Quarter on Quarter growth: CVM SA %
1960 Q2,2015-05-27,1,-0.8,Gross Domestic Product: Quarter on Quarter growth: CVM SA %
1960 Q2,2016-08-25,5,-0.7,Gross Domestic Product: Quarter on Quarter growth: CVM SA %
1960 Q2,2020-11-12,23,-0.8,Gross Domestic Product: Quarter on Quarter growth: CVM SA %
1960 Q2,2023-11-10,35,-0.7,Gross Domestic Product: Quarter on Quarter growth: CVM SA %
1960 Q3,2015-05-27,1,1.6,Gross Domestic Product: Quarter on Quarter growth: CVM SA %
1960 Q3,2016-08-25,5,1.5,Gross Domestic Product: Quarter on Quarter growth: CVM SA %
1960 Q4,2015-05-27,1,0.6,Gross Domestic Product: Quarter on Quarter growth: CVM SA %
1960 Q4,2022-11-15,31,0.7,Gross Domestic Product: Quarter on Quarter growth: CVM SA %
1960 Q4,2023-11-10,35,0.6,Gross Domestic Product: Quarter on Quarter growth: CVM SA %
1960 Q4,2025-11-13,43,0.5,Gross Domestic Product: Quarter on Quarter growth: CVM SA %
1961 Q1,2015-05-27,1,1.6,Gross Domestic Product: Quarter on Quarter growth: CVM SA %
1961 Q1,2025-11-13,43,1.7,Gross Domestic Product: Quarter on Quarter growth: CVM SA %
1961 Q2,2015-05-27,1,0.4,Gross Domestic Product: Quarter on Quarter growth: CVM SA %
1961 Q3,2015-05-27,1,-0.5,Gross Domestic Product: Quarter on Quarter growth: CVM SA %
1961 Q4,2015-05-27,1,-0.2,Gross Domestic Product: Quarter on Quarter growth: CVM SA %
1962 Q1,2015-05-27,1,0.5,Gross Domestic Product: Quarter on Quarter growth: CVM SA %
1962 Q1,2016-08-25,5,0.4,Gross Domestic Product: Quarter on Quarter growth: CVM SA %
1962 Q1,2017-11-23,10,0.5,Gross Domestic Product: Quarter on Quarter growth: CVM SA %
1962 Q1,2019-11-11,19,0.4,Gross Domestic Product: Quarter on Quarter growth: CVM SA %
1962 Q1,2022-11-15,31,0.5,Gross Domestic Product: Quarter on Quarter growth: CVM SA %
1962 Q1,2023-11-10,35,0.4,Gross Domestic Product: Quarter on Quarter growth: CVM SA %
1962 Q1,2025-11-13,43,0.5,Gross Domestic Product: Quarter on Quarter growth: CVM SA %
1962 Q2,2015-05-27,1,0.9,Gross Domestic Product: Quarter on Quarter growth: CVM SA %
1962 Q2,2016-08-25,5,1.0,Gross Domestic Product: Quarter on Quarter growth: CVM SA %
1962 Q2,2017-11-23,10,0.9,Gross Domestic Product: Quarter on Quarter growth: CVM SA %
1962 Q2,2019-11-11,19,1.0,Gross Domestic Product: Quarter on Quarter growth: CVM SA %
1962 Q2,2020-11-12,23,0.9,Gross Domestic Product: Quarter on Quarter growth: CVM SA %
1962 Q3,2015-05-27,1,0.6,Gross Domestic Product: Quarter on Quarter growth: CVM SA %
1962 Q4,2015-05-27,1,-0.4,Gross Domestic Product: Quarter on Quarter growth: CVM SA %
1962 Q4,2017-11-23,10,-0.3,Gross Domestic Product: Quarter on Quarter growth: CVM SA %
1962 Q4,2018-08-09,13,-0.4,Gross Domestic Product: Quarter on Quarter growth: CVM SA %
1962 Q4,2024-11-15,39,-0.3,Gross Domestic Product: Quarter on Quarter growth: CVM SA %
1962 Q4,2025-11-13,43,-0.4,Gross Domestic Product: Quarter on Quarter growth: CVM SA %
1963 Q1,2015-05-27,1,0.5,Gross Domestic Product: Quarter on Quarter growth: CVM SA %
1963 Q1,2016-08-25,5,0.6,Gross Domestic Product: Quarter on Quarter growth: CVM SA %
1963 Q1,2017-11-23,10,0.5,Gross Domestic Product: Quarter on Quarter growth: CVM SA %
1963 Q1,2020-11-12,23,0.4,Gross Domestic Product: Quarter on Quarter growth: CVM SA %
1963 Q1,2022-11-15,31,0.5,Gross Domestic Product: Quarter on Quarter growth: CVM SA %
1963 Q2,2015-05-27,1,4.3,Gross Domestic Product: Quarter on Quarter growth: CVM SA %
1963 Q2,2020-11-12,23,4.4,Gross Domestic Product: Quarter on Quarter growth: CVM SA %
1963 Q2,2023-11-10,35,4.3,Gross Domestic Product: Quarter on Quarter growth: CVM SA %
1963 Q3,2015-05-27,1,0.5,Gross Domestic Product: Quarter on Quarter growth: CVM SA %
1963 Q3,2023-11-10,35,0.4,Gross Domestic Product: Quarter on Quarter growth: CVM SA %
1963 Q4,2015-05-27,1,2.3,Gross Domestic Product: Quarter on Quarter growth: CVM SA %
1963 Q4,2017-11-23,10,2.2,Gross Domestic Product: Quarter on Quarter growth: CVM SA %
1963 Q4,2019-11-11,19,2.3,Gross Domestic Product: Quarter on Quarter growth: CVM SA %
1963 Q4,2022-11-15,31,2.2,Gross Domestic Product: Quarter on Quarter growth: CVM SA %
1963 Q4,2023-11-10,35,2.3,Gross Domestic Product: Quarter on Quarter growth: CVM SA %
1964 Q1,2015-05-27,1,0.6,Gross Domestic Product: Quarter on Quarter growth: CVM SA %
1964 Q1,2022-11-15,31,0.7,Gross Domestic Product: Quarter on Quarter growth: CVM SA %
1964 Q2,2015-05-27,1,1.8,Gross Domestic Product: Quarter on Quarter growth: CVM SA %
1964 Q2,2016-08-25,5,1.7,Gross Domestic Product: Quarter on Quarter growth: CVM SA %
1964 Q2,2019-11-11,19,1.8,Gross Domestic Product: Quarter on Quarter growth: CVM SA %
1964 Q2,2021-11-11,27,1.9,Gross Domestic Product: Quarter on Quarter growth: CVM SA %
1964 Q3,2015-05-27,1,0.4,Gross Domestic Product: Quarter on Quarter growth: CVM SA %
1964 Q3,2025-11-13,43,0.3,Gross Domestic Product: Quarter on Quarter growth: CVM SA %
1964 Q4,2015-05-27,1,1.5,Gross Domestic Product: Quarter on Quarter growth: CVM SA %
1964 Q4,2025-11-13,43,1.6,Gross Domestic Product: Quarter on Quarter growth: CVM SA %
1965 Q1,2015-05-27,1,-0.3,Gross Domestic Product: Quarter on Quarter growth: CVM SA %
1965 Q2,2015-05-27,1,0.1,Gross Domestic Product: Quarter on Quarter growth: CVM SA %
1965 Q3,2015-05-27,1,0.8,Gross Domestic Product: Quarter on Quarter growth: CVM SA %
1965 Q4,2015-05-27,1,0.6,Gross Domestic Product: Quarter on Quarter growth: CVM SA %
1965 Q4,2022-11-15,31,0.7,Gross Domestic Product: Quarter on Quarter growth: CVM SA %
1965 Q4,2023-11-10,35,0.6,Gross Domestic Product: Quarter on Quarter growth: CVM SA %
1966 Q1,2015-05-27,1,0.1,Gross Domestic Product: Quarter on Quarter growth: CVM SA %
1966 Q1,2015-05-27,2,0.2,Gross Domestic Product: Quarter on Quarter growth: CVM SA %
1966 Q1,2022-11-15,31,0.1,Gross Domestic Product: Quarter on Quarter growth: CVM SA %
1966 Q1,2024-11-15,39,0.2,Gross Domestic Product: Quarter on Quarter growth: CVM SA %
1966 Q2,2015-05-27,1,0.6,Gross Domestic Product: Quarter on Quarter growth: CVM SA %
1966 Q2,2022-11-15,31,0.5,Gross Domestic Product: Quarter on Quarter growth: CVM SA %
1966 Q2,2023-11-10,35,0.6,Gross Domestic Product: Quarter on Quarter growth: CVM SA %
1966 Q3,2015-05-27,1,0.4,Gross Domestic Product: Quarter on Quarter growth: CVM SA %
1966 Q3,2016-08-25,5,0.3,Gross Domestic Product: Quarter on Quarter growth: CVM SA %
1966 Q4,2015-05-27,1,-0.4,Gross Domestic Product: Quarter on Quarter growth: CVM SA %
1966 Q4,2022-11-15,31,-0.5,Gross Domestic Product: Quarter on Quarter growth: CVM SA %
1966 Q4,2023-11-10,35,-0.4,Gross Domestic Product: Quarter on Quarter growth: CVM SA %
1967 Q1,2015-05-27,1,1.4,Gross Domestic Product: Quarter on Quarter growth: CVM SA %
1967 Q1,2020-11-12,23,1.3,Gross Domestic Product: Quarter on Quarter growth: CVM SA %
1967 Q2,2015-05-27,1,1.4,Gross Domestic Product: Quarter on Quarter growth: CVM SA %
1967 Q3,2015-05-27,1,0.5,Gross Domestic Product: Quarter on Quarter growth: CVM SA %
1967 Q3,2015-05-27,2,0.4,Gross Domestic Product: Quarter on Quarter growth: CVM SA %
1967 Q3,2016-08-25,5,0.5,Gross Domestic Product: Quarter on Quarter growth: CVM SA %
1967 Q3,2017-11-23,10,0.4,Gross Domestic Product: Quarter on Quarter growth: CVM SA %
1967 Q3,2019-11-11,19,0.5,Gross Domestic Product: Quarter on Quarter growth: CVM SA %
1967 Q3,2020-11-12,23,0.4,Gross Domestic Product: Quarter on Quarter growth: CVM SA %
1967 Q3,2022-11-15,31,0.5,Gross Domestic Product: Quarter on Quarter growth: CVM SA %
1967 Q3,2023-11-10,35,0.4,Gross Domestic Product: Quarter on Quarter growth: CVM SA %
1967 Q4,2015-05-27,1,0.5,Gross Domestic Product: Quarter on Quarter growth: CVM SA %
1968 Q1,2015-05-27,1,3.6,Gross Domestic Product: Quarter on Quarter growth: CVM SA %
1968 Q1,2019-11-11,19,3.7,Gross Domestic Product: Quarter on Quarter growth: CVM SA %
1968 Q1,2022-11-15,31,3.6,Gross Domestic Product: Quarter on Quarter growth: CVM SA %
1968 Q1,2023-11-10,35,3.7,Gross Domestic Product: Quarter on Quarter growth: CVM SA %
1968 Q2,2015-05-27,1,-0.4,Gross Domestic Product: Quarter on Quarter growth: CVM SA %
1968 Q3,2015-05-27,1,2.0,Gross Domestic Product: Quarter on Quarter growth: CVM SA %
1968 Q3,2023-11-10,35,1.9,Gross Domestic Product: Quarter on Quarter growth: CVM SA %
1968 Q4,2015-05-27,1,0.4,Gross Domestic Product: Quarter on Quarter growth: CVM SA %
1968 Q4,2025-11-13,43,0.3,Gross Domestic Product: Quarter on Quarter growth: CVM SA %
1969 Q1,2015-05-27,1,-0.2,Gross Domestic Product: Quarter on Quarter growth: CVM SA %
1969 Q1,2021-11-11,27,-0.3,Gross Domestic Product: Quarter on Quarter growth: CVM SA %
1969 Q1,2023-11-10,35,-0.2,Gross Domestic Product: Quarter on Quarter growth: CVM SA %
1969 Q2,2015-05-27,1,0.7,Gross Domestic Product: Quarter on Quarter growth: CVM SA %
1969 Q2,2019-11-11,19,0.8,Gross Domestic Product: Quarter on Quarter growth: CVM SA %
1969 Q2,2023-11-10,35,0.7,Gross Domestic Product: Quarter on Quarter growth: CVM SA %
1969 Q2,2024-11-15,39,0.8,Gross Domestic Product: Quarter on Quarter growth: CVM SA %
1969 Q2,2025-11-13,43,0.7,Gross Domestic Product: Quarter on Quarter growth: CVM SA %
1969 Q3,2015-05-27,1,0.6,Gross Domestic Product: Quarter on Quarter growth: CVM SA %
1969 Q3,2023-11-10,35,0.5,Gross Domestic Product: Quarter on Quarter growth: CVM SA %
1969 Q3,2025-11-13,43,0.6,Gross Domestic Product: Quarter on Quarter growth: CVM SA %
1969 Q4,2015-05-27,1,0.5,Gross Domestic Product: Quarter on Quarter growth: CVM SA %
1969 Q4,2022-11-15,31,0.4,Gross Domestic Product: Quarter on Quarter growth: CVM SA %
1969 Q4,2023-11-10,35,0.5,Gross Domestic Product: Quarter on Quarter growth: CVM SA %
1970 Q1,2015-05-27,1,-0.7,Gross Domestic Product: Quarter on Quarter growth: CVM SA %
1970 Q1,2016-08-25,5,-0.6,Gross Domestic Product: Quarter on Quarter growth: CVM SA %
1970 Q1,2022-11-15,31,-0.7,Gross Domestic Product: Quarter on Quarter growth: CVM SA %
1970 Q1,2023-11-10,35,-0.6,Gross Domestic Product: Quarter on Quarter growth: CVM SA %
1970 Q2,2015-05-27,1,2.4,Gross Domestic Product: Quarter on Quarter growth: CVM SA %
1970 Q2,2017-11-23,10,2.3,Gross Domestic Product: Quarter on Quarter growth: CVM SA %
1970 Q2,2018-08-09,13,2.4,Gross Domestic Product: Quarter on Quarter growth: CVM SA %
1970 Q2,2022-11-15,31,2.5,Gross Domestic Product: Quarter on Quarter growth: CVM SA %
1970 Q2,2023-11-10,35,2.4,Gross Domestic Product: Quarter on Quarter growth: CVM SA %
1970 Q3,2015-05-27,1,1.0,Gross Domestic Product: Quarter on Quarter growth: CVM SA %
1970 Q4,2015-05-27,1,0.9,Gross Domestic Product: Quarter on Quarter growth: CVM SA %
1971 Q1,2015-05-27,1,-0.6,Gross Domestic Product: Quarter on Quarter growth: CVM SA %
1971 Q1,2020-11-12,23,-0.5,Gross Domestic Product: Quarter on Quarter growth: CVM SA %
1971 Q1,2022-11-15,31,-0.6,Gross Domestic Product: Quarter on Quarter growth: CVM SA %
1971 Q1,2023-11-10,35,-0.5,Gross Domestic Product: Quarter on Quarter growth: CVM SA %
1971 Q2,2015-05-27,1,1.8,Gross Domestic Product: Quarter on Quarter growth: CVM SA %
1971 Q3,2015-05-27,1,1.8,Gross Domestic Product: Quarter on Quarter growth: CVM SA %
1971 Q3,2016-08-25,5,1.7,Gross Domestic Product: Quarter on Quarter growth: CVM SA %
1971 Q3,2019-11-11,19,1.8,Gross Domestic Product: Quarter on Quarter growth: CVM SA %
1971 Q3,2023-11-10,35,1.7,Gross Domestic Product: Quarter on Quarter growth: CVM SA %
1971 Q4,2015-05-27,1,0.4,Gross Domestic Product: Quarter on Quarter growth: CVM SA %
1972 Q1,2015-05-27,1,0.1,Gross Domestic Product: Quarter on Quarter growth: CVM SA %
1972 Q1,2023-11-10,35,0.2,Gross Domestic Product: Quarter on Quarter growth: CVM SA %
1972 Q2,2015-05-27,1,2.7,Gross Domestic Product: Quarter on Quarter growth: CVM SA %
1972 Q2,2020-11-12,23,2.6,Gross Domestic Product: Quarter on Quarter growth: CVM SA %
1972 Q2,2022-11-15,31,2.7,Gross Domestic Product: Quarter on Quarter growth: CVM SA %
1972 Q2,2023-11-10,35,2.6,Gross Domestic Product: Quarter on Quarter growth: CVM SA %
1972 Q3,2015-05-27,1,0.2,Gross Domestic Product: Quarter on Quarter growth: CVM SA %
1972 Q3,2016-08-25,5,0.3,Gross Domestic Product: Quarter on Quarter growth: CVM SA %
1972 Q4,2015-05-27,1,1.6,Gross Domestic Product: Quarter on Quarter growth: CVM SA %
1973 Q1,2015-05-27,1,5.0,Gross Domestic Product: Quarter on Quarter growth: CVM SA %
1973 Q1,2022-11-15,31,4.9,Gross Domestic Product: Quarter on Quarter growth: CVM SA %
1973 Q2,2015-05-27,1,0.1,Gross Domestic Product: Quarter on Quarter growth: CVM SA %
1973 Q2,2015-05-27,2,0.2,Gross Domestic Product: Quarter on Quarter growth: CVM SA %
1973 Q2,2016-08-25,5,0.1,Gross Domestic Product: Quarter on Quarter growth: CVM SA %
1973 Q2,2022-11-15,31,0.2,Gross Domestic Product: Quarter on Quarter growth: CVM SA %
1973 Q3,2015-05-27,1,-1.0,Gross Domestic Product: Quarter on Quarter growth: CVM SA %
1973 Q3,2017-11-23,10,-0.9,Gross Domestic Product: Quarter on Quarter growth: CVM SA %
1973 Q3,2018-08-09,13,-1.0,Gross Domestic Product: Quarter on Quarter growth: CVM SA %
1973 Q3,2019-11-11,19,-0.9,Gross Domestic Product: Quarter on Quarter growth: CVM SA %
1973 Q3,2020-11-12,23,-1.0,Gross Domestic Product: Quarter on Quarter growth: CVM SA %
1973 Q3,2021-11-11,27,-0.9,Gross Domestic Product: Quarter on Quarter growth: CVM SA %
1973 Q3,2022-11-15,31,-1.0,Gross Domestic Product: Quarter on Quarter growth: CVM SA %
1973 Q3,2023-11-10,35,-0.9,Gross Domestic Product: Quarter on Quarter growth: CVM SA %
1973 Q4,2015-05-27,1,-0.4,Gross Domestic Product: Quarter on Quarter growth: CVM SA %
1974 Q1,2015-05-27,1,-2.7,Gross Domestic Product: Quarter on Quarter growth: CVM SA %
1974 Q1,2022-11-15,31,-2.8,Gross Domestic Product: Quarter on Quarter growth: CVM SA %
1974 Q2,2015-05-27,1,1.4,Gross Domestic Product: Quarter on Quarter growth: CVM SA %
1974 Q2,2015-05-27,2,1.5,Gross Domestic Product: Quarter on Quarter growth: CVM SA %
1974 Q2,2016-08-25,5,1.4,Gross Domestic Product: Quarter on Quarter growth: CVM SA %
1974 Q2,2022-11-15,31,1.5,Gross Domestic Product: Quarter on Quarter growth: CVM SA %
1974 Q2,2023-11-10,35,1.4,Gross Domestic Product: Quarter on Quarter growth: CVM SA %
1974 Q3,2015-05-27,1,0.6,Gross Domestic Product: Quarter on Quarter growth: CVM SA %
1974 Q4,2015-05-27,1,-1.5,Gross Domestic Product: Quarter on Quarter growth: CVM SA %
1974 Q4,2017-11-23,10,-1.4,Gross Domestic Product: Quarter on Quarter growth: CVM SA %
1974 Q4,2018-08-09,13,-1.5,Gross Domestic Product: Quarter on Quarter growth: CVM SA %
1974 Q4,2019-11-11,19,-1.4,Gross Domestic Product: Quarter on Quarter growth: CVM SA %
1974 Q4,2020-11-12,23,-1.5,Gross Domestic Product: Quarter on Quarter growth: CVM SA %
1975 Q1,2015-05-27,1,0.1,Gross Domestic Product: Quarter on Quarter growth: CVM SA %
1975 Q1,2017-11-23,10,0.0,Gross Domestic Product: Quarter on Quarter growth: CVM SA %
1975 Q1,2019-11-11,19,0.1,Gross Domestic Product: Quarter on Quarter growth: CVM SA %
1975 Q1,2022-11-15,31,0.0,Gross Domestic Product: Quarter on Quarter growth: CVM SA %
1975 Q2,2015-05-27,1,-1.7,Gross Domestic Product: Quarter on Quarter growth: CVM SA %
1975 Q2,2016-08-25,5,-1.6,Gross Domestic Product: Quarter on Quarter growth: CVM SA %
1975 Q3,2015-05-27,1,-0.3,Gross Domestic Product: Quarter on Quarter growth: CVM SA %
1975 Q3,2021-11-11,27,-0.4,Gross Domestic Product: Quarter on Quarter growth: CVM SA %
1975 Q3,2023-11-10,35,-0.3,Gross Domestic Product: Quarter on Quarter growth: CVM SA %
1975 Q4,2015-05-27,1,1.2,Gross Domestic Product: Quarter on Quarter growth: CVM SA %
1975 Q4,2016-08-25,5,1.1,Gross Domestic Product: Quarter on Quarter growth: CVM SA %
1976 Q1,2015-05-27,1,1.7,Gross Domestic Product: Quarter on Quarter growth: CVM SA %
1976 Q1,2015-05-27,2,1.6,Gross Domestic Product: Quarter on Quarter growth: CVM SA %
1976 Q1,2020-11-12,23,1.7,Gross Domestic Product: Quarter on Quarter growth: CVM SA %
1976 Q2,2015-05-27,1,-0.2,Gross Domestic Product: Quarter on Quarter growth: CVM SA %
1976 Q2,2020-11-12,23,-0.1,Gross Domestic Product: Quarter on Quarter growth: CVM SA %
1976 Q3,2015-05-27,1,1.3,Gross Domestic Product: Quarter on Quarter growth: CVM SA %
1976 Q3,2016-08-25,5,1.2,Gross Domestic Product: Quarter on Quarter growth: CVM SA %
1976 Q3,2019-11-11,19,1.3,Gross Domestic Product: Quarter on Quarter growth: CVM SA %
1976 Q3,2023-11-10,35,1.2,Gross Domestic Product: Quarter on Quarter growth: CVM SA %
1976 Q4,2015-05-27,1,2.2,Gross Domestic Product: Quarter on Quarter growth: CVM SA %
1976 Q4,2016-08-25,5,2.1,Gross Domestic Product: Quarter on Quarter growth: CVM SA %
1977 Q1,2015-05-27,1,0.1,Gross Domestic Product: Quarter on Quarter growth: CVM SA %
1977 Q1,2018-08-09,13,0.0,Gross Domestic Product: Quarter on Quarter growth: CVM SA %
1977 Q1,2023-11-10,35,0.1,Gross Domestic Product: Quarter on Quarter growth: CVM SA %
1977 Q2,2015-05-27,1,-0.6,Gross Domestic Product: Quarter on Quarter growth: CVM SA %
1977 Q2,2016-08-25,5,-0.7,Gross Domestic Product: Quarter on Quarter growth: CVM SA %
1977 Q3,2015-05-27,1,0.7,Gross Domestic Product: Quarter on Quarter growth: CVM SA %
1977 Q3,2025-11-13,43,0.6,Gross Domestic Product: Quarter on Quarter growth: CVM SA %
1977 Q4,2015-05-27,1,1.7,Gross Domestic Product: Quarter on Quarter growth: CVM SA %
1978 Q1,2015-05-27,1,0.8,Gross Domestic Product: Quarter on Quarter growth: CVM SA %
1978 Q1,2016-08-25,5,0.9,Gross Domestic Product: Quarter on Quarter growth: CVM SA %
1978 Q1,2022-11-15,31,0.7,Gross Domestic Product: Quarter on Quarter growth: CVM SA %
1978 Q1,2023-11-10,35,0.9,Gross Domestic Product: Quarter on Quarter growth: CVM SA %
1978 Q2,2015-05-27,1,1.2,Gross Domestic Product: Quarter on Quarter growth: CVM SA %
1978 Q2,2023-11-10,35,1.1,Gross Domestic Product: Quarter on Quarter growth: CVM SA %
1978 Q3,2015-05-27,1,1.3,Gross Domestic Product: Quarter on Quarter growth: CVM SA %
1978 Q3,2017-11-23,10,1.4,Gross Domestic Product: Quarter on Quarter growth: CVM SA %
1978 Q4,2015-05-27,1,1.0,Gross Domestic Product: Quarter on Quarter growth: CVM SA %
1978 Q4,2016-08-25,5,0.9,Gross Domestic Product: Quarter on Quarter growth: CVM SA %
1979 Q1,2015-05-27,1,-0.5,Gross Domestic Product: Quarter on Quarter growth: CVM SA %
1979 Q1,2016-08-25,5,-0.4,Gross Domestic Product: Quarter on Quarter growth: CVM SA %
1979 Q1,2022-11-15,31,-0.5,Gross Domestic Product: Quarter on Quarter growth: CVM SA %
1979 Q1,2023-11-10,35,-0.3,Gross Domestic Product: Quarter on Quarter growth: CVM SA %
1979 Q2,2015-05-27,1,4.4,Gross Domestic Product: Quarter on Quarter growth: CVM SA %
1979 Q3,2015-05-27,1,-2.1,Gross Domestic Product: Quarter on Quarter growth: CVM SA %
1979 Q3,2016-08-25,5,-2.2,Gross Domestic Product: Quarter on Quarter growth: CVM SA %
1979 Q4,2015-05-27,1,1.0,Gross Domestic Product: Quarter on Quarter growth: CVM SA %
1979 Q4,2016-08-25,5,1.1,Gross Domestic Product: Quarter on Quarter growth: CVM SA %
1979 Q4,2017-11-23,10,1.0,Gross Domestic Product: Quarter on Quarter growth: CVM SA %
1979 Q4,2019-11-11,19,1.1,Gross Domestic Product: Quarter on Quarter growth: CVM SA %
1979 Q4,2020-11-12,23,1.0,Gross Domestic Product: Quarter on Quarter growth: CVM SA %
1980 Q1,2015-05-27,1,-1.1,Gross Domestic Product: Quarter on Quarter growth: CVM SA %
1980 Q1,2016-08-25,5,-1.0,Gross Domestic Product: Quarter on Quarter growth: CVM SA %
1980 Q1,2019-11-11,19,-0.9,Gross Domestic Product: Quarter on Quarter growth: CVM SA %
1980 Q1,2020-11-12,23,-1.0,Gross Domestic Product: Quarter on Quarter growth: CVM SA %
1980 Q1,2022-11-15,31,-1.1,Gross Domestic Product: Quarter on Quarter growth: CVM SA %
1980 Q1,2023-11-10,35,-1.0,Gross Domestic Product: Quarter on Quarter growth: CVM SA %
1980 Q1,2024-11-15,39,-0.9,Gross Domestic Product: Quarter on Quarter growth: CVM SA %
1980 Q1,2025-11-13,43,-1.0,Gross Domestic Product: Quarter on Quarter growth: CVM SA %
1980 Q2,2015-05-27,1,-2.0,Gross Domestic Product: Quarter on Quarter growth: CVM SA %
1980 Q2,2015-05-27,2,-1.9,Gross Domestic Product: Quarter on Quarter growth: CVM SA %
1980 Q2,2016-08-25,5,-2.0,Gross Domestic Product: Quarter on Quarter growth: CVM SA %
1980 Q3,2015-05-27,1,-0.2,Gross Domestic Product: Quarter on Quarter growth: CVM SA %
1980 Q3,2016-08-25,5,-0.1,Gross Domestic Product: Quarter on Quarter growth: CVM SA %
1980 Q4,2015-05-27,1,-1.0,Gross Domestic Product: Quarter on Quarter growth: CVM SA %
1980 Q4,2016-08-25,5,-1.1,Gross Domestic Product: Quarter on Quarter growth: CVM SA %
1980 Q4,2025-11-13,43,-1.0,Gross Domestic Product: Quarter on Quarter growth: CVM SA %
1981 Q1,2015-05-27,1,-0.3,Gross Domestic Product: Quarter on Quarter growth: CVM SA %
1981 Q1,2016-08-25,5,-0.2,Gross Domestic Product: Quarter on Quarter growth: CVM SA %
1981 Q1,2019-11-11,19,-0.1,Gross Domestic Product: Quarter on Quarter growth: CVM SA %
1981 Q1,2022-11-15,31,-0.2,Gross Domestic Product: Quarter on Quarter growth: CVM SA %
1981 Q1,2023-11-10,35,-0.1,Gross Domestic Product: Quarter on Quarter growth: CVM SA %
1981 Q2,2015-05-27,1,0.3,Gross Domestic Product: Quarter on Quarter growth: CVM SA %
1981 Q2,2016-08-25,5,0.2,Gross Domestic Product: Quarter on Quarter growth: CVM SA %
1981 Q2,2025-11-13,43,0.3,Gross Domestic Product: Quarter on Quarter growth: CVM SA %
1981 Q3,2015-05-27,1,1.2,Gross Domestic Product: Quarter on Quarter growth: CVM SA %
1981 Q3,2016-08-25,5,1.1,Gross Domestic Product: Quarter on Quarter growth: CVM SA %
1981 Q3,2025-11-13,43,1.2,Gross Domestic Product: Quarter on Quarter growth: CVM SA %
1981 Q4,2015-05-27,1,0.1,Gross Domestic Product: Quarter on Quarter growth: CVM SA %
1982 Q1,2015-05-27,1,0.1,Gross Domestic Product: Quarter on Quarter growth: CVM SA %
1982 Q1,2015-05-27,2,0.2,Gross Domestic Product: Quarter on Quarter growth: CVM SA %
1982 Q1,2022-11-15,31,0.0,Gross Domestic Product: Quarter on Quarter growth: CVM SA %
1982 Q1,2023-11-10,35,0.2,Gross Domestic Product: Quarter on Quarter growth: CVM SA %
1982 Q2,2015-05-27,1,1.2,Gross Domestic Product: Quarter on Quarter growth: CVM SA %
1982 Q2,2016-08-25,5,1.1,Gross Domestic Product: Quarter on Quarter growth: CVM SA %
1982 Q2,2020-11-12,23,1.0,Gross Domestic Product: Quarter on Quarter growth: CVM SA %
1982 Q2,2021-11-11,27,1.1,Gross Domestic Product: Quarter on Quarter growth: CVM SA %
1982 Q2,2022-11-15,31,1.0,Gross Domestic Product: Quarter on Quarter growth: CVM SA %
1982 Q2,2023-11-10,35,1.1,Gross Domestic Product: Quarter on Quarter growth: CVM SA %
1982 Q2,2025-11-13,43,1.0,Gross Domestic Product: Quarter on Quarter growth: CVM SA %
1982 Q3,2015-05-27,1,0.2,Gross Domestic Product: Quarter on Quarter growth: CVM SA %
1982 Q3,2016-08-25,5,0.3,Gross Domestic Product: Quarter on Quarter growth: CVM SA %
1982 Q3,2020-11-12,23,0.2,Gross Domestic Product: Quarter on Quarter growth: CVM SA %
1982 Q4,2015-05-27,1,0.7,Gross Domestic Product: Quarter on Quarter growth: CVM SA %
1982 Q4,2022-11-15,31,0.6,Gross Domestic Product: Quarter on Quarter growth: CVM SA %
1982 Q4,2023-11-10,35,0.7,Gross Domestic Product: Quarter on Quarter growth: CVM SA %
1983 Q1,2015-05-27,1,1.7,Gross Domestic Product: Quarter on Quarter growth: CVM SA %
1983 Q1,2015-05-27,2,1.8,Gross Domestic Product: Quarter on Quarter growth: CVM SA %
1983 Q1,2020-11-12,23,1.9,Gross Domestic Product: Quarter on Quarter growth: CVM SA %
1983 Q1,2022-11-15,31,1.8,Gross Domestic Product: Quarter on Quarter growth: CVM SA %
1983 Q1,2023-11-10,35,1.9,Gross Domestic Product: Quarter on Quarter growth: CVM SA %
1983 Q1,2025-11-13,43,2.0,Gross Domestic Product: Quarter on Quarter growth: CVM SA %
1983 Q2,2015-05-27,1,0.9,Gross Domestic Product: Quarter on Quarter growth: CVM SA %
1983 Q2,2020-11-12,23,0.8,Gross Domestic Product: Quarter on Quarter growth: CVM SA %
1983 Q2,2022-11-15,31,0.6,Gross Domestic Product: Quarter on Quarter growth: CVM SA %
1983 Q2,2023-11-10,35,0.7,Gross Domestic Product: Quarter on Quarter growth: CVM SA %
1983 Q3,2015-05-27,1,1.2,Gross Domestic Product: Quarter on Quarter growth: CVM SA %
1983 Q3,2015-05-27,2,1.1,Gross Domestic Product: Quarter on Quarter growth: CVM SA %
1983 Q3,2022-11-15,31,1.0,Gross Domestic Product: Quarter on Quarter growth: CVM SA %
1983 Q3,2023-11-10,35,1.2,Gross Domestic Product: Quarter on Quarter growth: CVM SA %
1983 Q4,2015-05-27,1,1.0,Gross Domestic Product: Quarter on Quarter growth: CVM SA %
1983 Q4,2015-05-27,2,0.9,Gross Domestic Product: Quarter on Quarter growth: CVM SA %
1983 Q4,2022-11-15,31,0.7,Gross Domestic Product: Quarter on Quarter growth: CVM SA %
1983 Q4,2025-11-13,43,0.8,Gross Domestic Product: Quarter on Quarter growth: CVM SA %
1984 Q1,2015-05-27,1,0.8,Gross Domestic Product: Quarter on Quarter growth: CVM SA %
1984 Q1,2015-05-27,2,0.7,Gross Domestic Product: Quarter on Quarter growth: CVM SA %
1984 Q1,2022-11-15,31,0.6,Gross Domestic Product: Quarter on Quarter growth: CVM SA %
1984 Q1,2023-11-10,35,0.8,Gross Domestic Product: Quarter on Quarter growth: CVM SA %
1984 Q1,2025-11-13,43,0.9,Gross Domestic Product: Quarter on Quarter growth: CVM SA %
1984 Q2,2015-05-27,1,-0.9,Gross Domestic Product: Quarter on Quarter growth: CVM SA %
1984 Q2,2022-11-15,31,-1.0,Gross Domestic Product: Quarter on Quarter growth: CVM SA %
1984 Q3,2015-05-27,1,0.4,Gross Domestic Product: Quarter on Quarter growth: CVM SA %
1984 Q3,2015-05-27,2,0.7,Gross Domestic Product: Quarter on Quarter growth: CVM SA %
1984 Q3,2016-08-25,5,0.6,Gross Domestic Product: Quarter on Quarter growth: CVM SA %
1984 Q3,2017-11-23,10,0.7,Gross Domestic Product: Quarter on Quarter growth: CVM SA %
1984 Q3,2019-11-11,19,0.6,Gross Domestic Product: Quarter on Quarter growth: CVM SA %
1984 Q3,2023-11-10,35,0.7,Gross Domestic Product: Quarter on Quarter growth: CVM SA %
1984 Q4,2015-05-27,1,1.5,Gross Domestic Product: Quarter on Quarter growth: CVM SA %
1984 Q4,2015-05-27,2,2.0,Gross Domestic Product: Quarter on Quarter growth: CVM SA %
1984 Q4,2022-11-15,31,1.8,Gross Domestic Product: Quarter on Quarter growth: CVM SA %
1985 Q1,2015-05-27,1,1.2,Gross Domestic Product: Quarter on Quarter growth: CVM SA %
1985 Q1,2015-05-27,2,0.8,Gross Domestic Product: Quarter on Quarter growth: CVM SA %
1985 Q1,2022-11-15,31,0.6,Gross Domestic Product: Quarter on Quarter growth: CVM SA %
1985 Q1,2023-11-10,35,1.0,Gross Domestic Product: Quarter on Quarter growth: CVM SA %
1985 Q2,2015-05-27,1,1.6,Gross Domestic Product: Quarter on Quarter growth: CVM SA %
1985 Q2,2015-05-27,2,2.1,Gross Domestic Product: Quarter on Quarter growth: CVM SA %
1985 Q2,2022-11-15,31,2.0,Gross Domestic Product: Quarter on Quarter growth: CVM SA %
1985 Q2,2023-11-10,35,2.1,Gross Domestic Product: Quarter on Quarter growth: CVM SA %
1985 Q3,2015-05-27,1,-0.1,Gross Domestic Product: Quarter on Quarter growth: CVM SA %
1985 Q3,2015-05-27,2,0.1,Gross Domestic Product: Quarter on Quarter growth: CVM SA %
1985 Q3,2023-11-10,35,0.0,Gross Domestic Product: Quarter on Quarter growth: CVM SA %
1985 Q4,2015-05-27,1,0.5,Gross Domestic Product: Quarter on Quarter growth: CVM SA %
1985 Q4,2015-05-27,2,0.2,Gross Domestic Product: Quarter on Quarter growth: CVM SA %
1985 Q4,2022-11-15,31,0.1,Gross Domestic Product: Quarter on Quarter growth: CVM SA %
1986 Q1,2015-05-27,1,0.7,Gross Domestic Product: Quarter on Quarter growth: CVM SA %
1986 Q1,2015-05-27,2,1.2,Gross Domestic Product: Quarter on Quarter growth: CVM SA %
1986 Q1,2016-08-25,5,1.1,Gross Domestic Product: Quarter on Quarter growth: CVM SA %
1986 Q1,2022-11-15,31,0.9,Gross Domestic Product: Quarter on Quarter growth: CVM SA %
1986 Q1,2023-11-10,35,1.0,Gross Domestic Product: Quarter on Quarter growth: CVM SA %
1986 Q2,2015-05-27,1,1.1,Gross Domestic Product: Quarter on Quarter growth: CVM SA %
1986 Q2,2015-05-27,2,0.7,Gross Domestic Product: Quarter on Quarter growth: CVM SA %
1986 Q2,2022-11-15,31,0.5,Gross Domestic Product: Quarter on Quarter growth: CVM SA %
1986 Q2,2023-11-10,35,0.9,Gross Domestic Product: Quarter on Quarter growth: CVM SA %
1986 Q3,2015-05-27,1,0.7,Gross Domestic Product: Quarter on Quarter growth: CVM SA %
1986 Q3,2015-05-27,2,0.4,Gross Domestic Product: Quarter on Quarter growth: CVM SA %
1986 Q3,2019-11-11,19,0.5,Gross Domestic Product: Quarter on Quarter growth: CVM SA %
1986 Q3,2023-11-10,35,0.6,Gross Domestic Product: Quarter on Quarter growth: CVM SA %
1986 Q4,2015-05-27,1,1.9,Gross Domestic Product: Quarter on Quarter growth: CVM SA %
1986 Q4,2015-05-27,2,1.8,Gross Domestic Product: Quarter on Quarter growth: CVM SA %
1986 Q4,2022-11-15,31,1.6,Gross Domestic Product: Quarter on Quarter growth: CVM SA %
1986 Q4,2023-11-10,35,1.9,Gross Domestic Product: Quarter on Quarter growth: CVM SA %
1987 Q1,2015-05-27,1,0.8,Gross Domestic Product: Quarter on Quarter growth: CVM SA %
1987 Q1,2015-05-27,2,1.0,Gross Domestic Product: Quarter on Quarter growth: CVM SA %
1987 Q1,2016-08-25,5,0.9,Gross Domestic Product: Quarter on Quarter growth: CVM SA %
1987 Q1,2023-11-10,35,0.7,Gross Domestic Product: Quarter on Quarter growth: CVM SA %
1987 Q2,2015-05-27,1,1.4,Gross Domestic Product: Quarter on Quarter growth: CVM SA %
1987 Q2,2015-05-27,2,1.5,Gross Domestic Product: Quarter on Quarter growth: CVM SA %
1987 Q2,2017-11-23,10,1.4,Gross Domestic Product: Quarter on Quarter growth: CVM SA %
1987 Q2,2019-11-11,19,1.5,Gross Domestic Product: Quarter on Quarter growth: CVM SA %
1987 Q3,2015-05-27,1,2.4,Gross Domestic Product: Quarter on Quarter growth: CVM SA %
1987 Q3,2015-05-27,2,2.5,Gross Domestic Product: Quarter on Quarter growth: CVM SA %
1987 Q3,2016-08-25,5,2.4,Gross Domestic Product: Quarter on Quarter growth: CVM SA %
1987 Q3,2023-11-10,35,2.5,Gross Domestic Product: Quarter on Quarter growth: CVM SA %
1987 Q4,2015-05-27,1,1.2,Gross Domestic Product: Quarter on Quarter growth: CVM SA %
1987 Q4,2016-08-25,5,1.1,Gross Domestic Product: Quarter on Quarter growth: CVM SA %
1987 Q4,2022-11-15,31,1.3,Gross Domestic Product: Quarter on Quarter growth: CVM SA %
1987 Q4,2023-11-10,35,1.1,Gross Domestic Product: Quarter on Quarter growth: CVM SA %
1987 Q4,2025-11-13,43,1.2,Gross Domestic Product: Quarter on Quarter growth: CVM SA %
1988 Q1,2015-05-27,1,1.9,Gross Domestic Product: Quarter on Quarter growth: CVM SA %
1988 Q1,2015-05-27,2,1.8,Gross Domestic Product: Quarter on Quarter growth: CVM SA %
1988 Q1,2021-11-11,27,1.7,Gross Domestic Product: Quarter on Quarter growth: CVM SA %
1988 Q1,2022-11-15,31,1.5,Gross Domestic Product: Quarter on Quarter growth: CVM SA %
1988 Q1,2023-11-10,35,1.6,Gross Domestic Product: Quarter on Quarter growth: CVM SA %
1988 Q2,2015-05-27,1,0.7,Gross Domestic Product: Quarter on Quarter growth: CVM SA %
1988 Q2,2015-05-27,2,0.6,Gross Domestic Product: Quarter on Quarter growth: CVM SA %
1988 Q2,2021-11-11,27,0.5,Gross Domestic Product: Quarter on Quarter growth: CVM SA %
1988 Q2,2022-11-15,31,0.2,Gross Domestic Product: Quarter on Quarter growth: CVM SA %
1988 Q2,2023-11-10,35,0.5,Gross Domestic Product: Quarter on Quarter growth: CVM SA %
1988 Q3,2015-05-27,1,1.6,Gross Domestic Product: Quarter on Quarter growth: CVM SA %
1988 Q3,2015-05-27,2,1.5,Gross Domestic Product: Quarter on Quarter growth: CVM SA %
1988 Q3,2022-11-15,31,1.3,Gross Domestic Product: Quarter on Quarter growth: CVM SA %
1988 Q3,2023-11-10,35,1.2,Gross Domestic Product: Quarter on Quarter growth: CVM SA %
1988 Q3,2024-11-15,39,1.3,Gross Domestic Product: Quarter on Quarter growth: CVM SA %
1988 Q3,2025-11-13,43,1.2,Gross Domestic Product: Quarter on Quarter growth: CVM SA %
1988 Q4,2015-05-27,1,0.9,Gross Domestic Product: Quarter on Quarter growth: CVM SA %
1988 Q4,2021-11-11,27,0.8,Gross Domestic Product: Quarter on Quarter growth: CVM SA %
1989 Q1,2015-05-27,1,0.4,Gross Domestic Product: Quarter on Quarter growth: CVM SA %
1989 Q1,2022-11-15,31,0.5,Gross Domestic Product: Quarter on Quarter growth: CVM SA %
1989 Q2,2015-05-27,1,0.6,Gross Domestic Product: Quarter on Quarter growth: CVM SA %
1989 Q2,2016-08-25,5,0.7,Gross Domestic Product: Quarter on Quarter growth: CVM SA %
1989 Q2,2021-11-11,27,0.6,Gross Domestic Product: Quarter on Quarter growth: CVM SA %
1989 Q2,2022-11-15,31,0.4,Gross Domestic Product: Quarter on Quarter growth: CVM SA %
1989 Q2,2023-11-10,35,0.6,Gross Domestic Product: Quarter on Quarter growth: CVM SA %
1989 Q3,2015-05-27,1,0.1,Gross Domestic Product: Quarter on Quarter growth: CVM SA %
1989 Q3,2022-11-15,31,0.0,Gross Domestic Product: Quarter on Quarter growth: CVM SA %
1989 Q3,2023-11-10,35,0.2,Gross Domestic Product: Quarter on Quarter growth: CVM SA %
1989 Q4,2015-05-27,1,0.0,Gross Domestic Product: Quarter on Quarter growth: CVM SA %
1989 Q4,2016-08-25,5,0.1,Gross Domestic Product: Quarter on Quarter growth: CVM SA %
1989 Q4,2022-11-15,31,0.2,Gross Domestic Product: Quarter on Quarter growth: CVM SA %
1989 Q4,2023-11-10,35,0.0,Gross Domestic Product: Quarter on Quarter growth: CVM SA %
1990 Q1,2015-05-27,1,0.6,Gross Domestic Product: Quarter on Quarter growth: CVM SA %
1990 Q1,2016-08-25,5,0.7,Gross Domestic Product: Quarter on Quarter growth: CVM SA %
1990 Q1,2021-11-11,27,0.6,Gross Domestic Product: Quarter on Quarter growth: CVM SA %
1990 Q1,2022-11-15,31,0.9,Gross Domestic Product: Quarter on Quarter growth: CVM SA %
1990 Q1,2023-11-10,35,0.5,Gross Domestic Product: Quarter on Quarter growth: CVM SA %
1990 Q2,2015-05-27,1,0.5,Gross Domestic Product: Quarter on Quarter growth: CVM SA %
1990 Q2,2022-11-15,31,0.4,Gross Domestic Product: Quarter on Quarter growth: CVM SA %
1990 Q2,2023-11-10,35,0.7,Gross Domestic Product: Quarter on Quarter growth: CVM SA %
1990 Q3,2015-05-27,1,-1.1,Gross Domestic Product: Quarter on Quarter growth: CVM SA %
1990 Q3,2016-08-25,5,-1.0,Gross Domestic Product: Quarter on Quarter growth: CVM SA %
1990 Q3,2021-11-11,27,-1.1,Gross Domestic Product: Quarter on Quarter growth: CVM SA %
1990 Q3,2022-11-15,31,-1.2,Gross Domestic Product: Quarter on Quarter growth: CVM SA %
1990 Q3,2023-11-10,35,-1.1,Gross Domestic Product: Quarter on Quarter growth: CVM SA %
1990 Q4,2015-05-27,1,-0.4,Gross Domestic Product: Quarter on Quarter growth: CVM SA %
1990 Q4,2016-08-25,5,-0.3,Gross Domestic Product: Quarter on Quarter growth: CVM SA %
1990 Q4,2021-11-11,27,-0.4,Gross Domestic Product: Quarter on Quarter growth: CVM SA %
1990 Q4,2023-11-10,35,-0.5,Gross Domestic Product: Quarter on Quarter growth: CVM SA %
1991 Q1,2015-05-27,1,-0.3,Gross Domestic Product: Quarter on Quarter growth: CVM SA %
1991 Q1,2022-11-15,31,-0.5,Gross Domestic Product: Quarter on Quarter growth: CVM SA %
1991 Q2,2015-05-27,1,-0.2,Gross Domestic Product: Quarter on Quarter growth: CVM SA %
1991 Q2,2016-08-25,5,-0.1,Gross Domestic Product: Quarter on Quarter growth: CVM SA %
1991 Q2,2022-11-15,31,-0.4,Gross Domestic Product: Quarter on Quarter growth: CVM SA %
1991 Q2,2023-11-10,35,-0.1,Gross Domestic Product: Quarter on Quarter growth: CVM SA %
1991 Q3,2015-05-27,1,-0.3,Gross Domestic Product: Quarter on Quarter growth: CVM SA %
1991 Q3,2016-08-25,5,-0.2,Gross Domestic Product: Quarter on Quarter growth: CVM SA %
1991 Q3,2022-11-15,31,-0.3,Gross Domestic Product: Quarter on Quarter growth: CVM SA %
1991 Q3,2023-11-10,35,-0.2,Gross Domestic Product: Quarter on Quarter growth: CVM SA %
1991 Q4,2015-05-27,1,0.2,Gross Domestic Product: Quarter on Quarter growth: CVM SA %
1991 Q4,2023-11-10,35,0.1,Gross Domestic Product: Quarter on Quarter growth: CVM SA %
1992 Q1,2015-05-27,1,0.0,Gross Domestic Product: Quarter on Quarter growth: CVM SA %
1992 Q2,2015-05-27,1,-0.1,Gross Domestic Product: Quarter on Quarter growth: CVM SA %
1992 Q2,2022-11-15,31,-0.3,Gross Domestic Product: Quarter on Quarter growth: CVM SA %
1992 Q2,2023-11-10,35,-0.2,Gross Domestic Product: Quarter on Quarter growth: CVM SA %
1992 Q3,2015-05-27,1,0.7,Gross Domestic Product: Quarter on Quarter growth: CVM SA %
1992 Q3,2016-08-25,5,0.6,Gross Domestic Product: Quarter on Quarter growth: CVM SA %
1992 Q3,2023-11-10,35,0.5,Gross Domestic Product: Quarter on Quarter growth: CVM SA %
1992 Q4,2015-05-27,1,0.7,Gross Domestic Product: Quarter on Quarter growth: CVM SA %
1992 Q4,2022-11-15,31,0.5,Gross Domestic Product: Quarter on Quarter growth: CVM SA %
1992 Q4,2023-11-10,35,0.8,Gross Domestic Product: Quarter on Quarter growth: CVM SA %
1993 Q1,2015-05-27,1,0.8,Gross Domestic Product: Quarter on Quarter growth: CVM SA %
1993 Q1,2016-08-25,5,0.7,Gross Domestic Product: Quarter on Quarter growth: CVM SA %
1993 Q1,2023-11-10,35,0.5,Gross Domestic Product: Quarter on Quarter growth: CVM SA %
1993 Q2,2015-05-27,1,0.5,Gross Domestic Product: Quarter on Quarter growth: CVM SA %
1993 Q2,2022-11-15,31,0.4,Gross Domestic Product: Quarter on Quarter growth: CVM SA %
1993 Q3,2015-05-27,1,0.8,Gross Domestic Product: Quarter on Quarter growth: CVM SA %
1993 Q3,2023-11-10,35,0.9,Gross Domestic Product: Quarter on Quarter growth: CVM SA %
1993 Q4,2015-05-27,1,0.7,Gross Domestic Product: Quarter on Quarter growth: CVM SA %
1993 Q4,2022-11-15,31,0.6,Gross Domestic Product: Quarter on Quarter growth: CVM SA %
1993 Q4,2023-11-10,35,0.7,Gross Domestic Product: Quarter on Quarter growth: CVM SA %
1994 Q1,2015-05-27,1,1.3,Gross Domestic Product: Quarter on Quarter growth: CVM SA %
1994 Q1,2016-08-25,5,1.2,Gross Domestic Product: Quarter on Quarter growth: CVM SA %
1994 Q1,2022-11-15,31,1.1,Gross Domestic Product: Quarter on Quarter growth: CVM SA %
1994 Q1,2023-11-10,35,1.0,Gross Domestic Product: Quarter on Quarter growth: CVM SA %
1994 Q2,2015-05-27,1,1.2,Gross Domestic Product: Quarter on Quarter growth: CVM SA %
1994 Q2,2021-11-11,27,1.1,Gross Domestic Product: Quarter on Quarter growth: CVM SA %
1994 Q2,2023-11-10,35,0.9,Gross Domestic Product: Quarter on Quarter growth: CVM SA %
1994 Q3,2015-05-27,1,1.2,Gross Domestic Product: Quarter on Quarter growth: CVM SA %
1994 Q3,2016-08-25,5,1.1,Gross Domestic Product: Quarter on Quarter growth: CVM SA %
1994 Q3,2023-11-10,35,1.0,Gross Domestic Product: Quarter on Quarter growth: CVM SA %
1994 Q4,2015-05-27,1,0.5,Gross Domestic Product: Quarter on Quarter growth: CVM SA %
1994 Q4,2016-08-25,5,0.6,Gross Domestic Product: Quarter on Quarter growth: CVM SA %
1994 Q4,2021-11-11,27,0.5,Gross Domestic Product: Quarter on Quarter growth: CVM SA %
1994 Q4,2023-11-10,35,0.4,Gross Domestic Product: Quarter on Quarter growth: CVM SA %
1995 Q1,2015-05-27,1,0.3,Gross Domestic Product: Quarter on Quarter growth: CVM SA %
1995 Q1,2019-11-11,19,0.4,Gross Domestic Product: Quarter on Quarter growth: CVM SA %
1995 Q1,2022-11-15,31,0.3,Gross Domestic Product: Quarter on Quarter growth: CVM SA %
1995 Q1,2023-11-10,35,0.5,Gross Domestic Product: Quarter on Quarter growth: CVM SA %
1995 Q2,2015-05-27,1,0.4,Gross Domestic Product: Quarter on Quarter growth: CVM SA %
1995 Q2,2022-11-15,31,0.2,Gross Domestic Product: Quarter on Quarter growth: CVM SA %
1995 Q3,2015-05-27,1,1.1,Gross Domestic Product: Quarter on Quarter growth: CVM SA %
1995 Q3,2016-08-25,5,1.0,Gross Domestic Product: Quarter on Quarter growth: CVM SA %
1995 Q3,2019-11-11,19,0.9,Gross Domestic Product: Quarter on Quarter growth: CVM SA %
1995 Q3,2020-11-12,23,1.0,Gross Domestic Product: Quarter on Quarter growth: CVM SA %
1995 Q3,2023-11-10,35,1.1,Gross Domestic Product: Quarter on Quarter growth: CVM SA %
1995 Q4,2015-05-27,1,0.5,Gross Domestic Product: Quarter on Quarter growth: CVM SA %
1995 Q4,2015-05-27,2,0.4,Gross Domestic Product: Quarter on Quarter growth: CVM SA %
1995 Q4,2017-11-23,10,0.3,Gross Domestic Product: Quarter on Quarter growth: CVM SA %
1995 Q4,2019-11-11,19,0.1,Gross Domestic Product: Quarter on Quarter growth: CVM SA %
1995 Q4,2020-11-12,23,0.2,Gross Domestic Product: Quarter on Quarter growth: CVM SA %
1995 Q4,2023-11-10,35,0.3,Gross Domestic Product: Quarter on Quarter growth: CVM SA %
1996 Q1,2015-05-27,1,1.2,Gross Domestic Product: Quarter on Quarter growth: CVM SA %
1996 Q1,2015-05-27,2,1.1,Gross Domestic Product: Quarter on Quarter growth: CVM SA %
1996 Q1,2017-11-23,10,0.9,Gross Domestic Product: Quarter on Quarter growth: CVM SA %
1996 Q1,2020-11-12,23,0.6,Gross Domestic Product: Quarter on Quarter growth: CVM SA %
1996 Q1,2022-11-15,31,0.4,Gross Domestic Product: Quarter on Quarter growth: CVM SA %
1996 Q1,2023-11-10,35,0.7,Gross Domestic Product: Quarter on Quarter growth: CVM SA %
1996 Q2,2015-05-27,1,0.3,Gross Domestic Product: Quarter on Quarter growth: CVM SA %
1996 Q2,2019-11-11,19,0.4,Gross Domestic Product: Quarter on Quarter growth: CVM SA %
1996 Q2,2020-11-12,23,0.3,Gross Domestic Product: Quarter on Quarter growth: CVM SA %
1996 Q2,2021-11-11,27,0.2,Gross Domestic Product: Quarter on Quarter growth: CVM SA %
1996 Q2,2022-11-15,31,0.0,Gross Domestic Product: Quarter on Quarter growth: CVM SA %
1996 Q2,2023-11-10,35,0.3,Gross Domestic Product: Quarter on Quarter growth: CVM SA %
1996 Q3,2015-05-27,1,0.4,Gross Domestic Product: Quarter on Quarter growth: CVM SA %
1996 Q3,2015-05-27,2,0.5,Gross Domestic Product: Quarter on Quarter growth: CVM SA %
1996 Q3,2016-08-25,5,0.4,Gross Domestic Product: Quarter on Quarter growth: CVM SA %
1996 Q3,2017-11-23,10,0.7,Gross Domestic Product: Quarter on Quarter growth: CVM SA %
1996 Q3,2019-11-11,19,0.9,Gross Domestic Product: Quarter on Quarter growth: CVM SA %
1996 Q3,2020-11-12,23,1.2,Gross Domestic Product: Quarter on Quarter growth: CVM SA %
1996 Q3,2021-11-11,27,1.1,Gross Domestic Product: Quarter on Quarter growth: CVM SA %
1996 Q3,2023-11-10,35,0.9,Gross Domestic Product: Quarter on Quarter growth: CVM SA %
1996 Q4,2015-05-27,1,0.3,Gross Domestic Product: Quarter on Quarter growth: CVM SA %
1996 Q4,2015-05-27,2,0.5,Gross Domestic Product: Quarter on Quarter growth: CVM SA %
1996 Q4,2017-11-23,10,0.9,Gross Domestic Product: Quarter on Quarter growth: CVM SA %
1996 Q4,2018-08-09,13,1.0,Gross Domestic Product: Quarter on Quarter growth: CVM SA %
1996 Q4,2019-11-11,19,0.8,Gross Domestic Product: Quarter on Quarter growth: CVM SA %
1996 Q4,2020-11-12,23,1.4,Gross Domestic Product: Quarter on Quarter growth: CVM SA %
1996 Q4,2021-11-11,27,1.5,Gross Domestic Product: Quarter on Quarter growth: CVM SA %
1996 Q4,2022-11-15,31,1.0,Gross Domestic Product: Quarter on Quarter growth: CVM SA %
1996 Q4,2023-11-10,35,1.4,Gross Domestic Product: Quarter on Quarter growth: CVM SA %
1996 Q4,2025-11-13,43,1.3,Gross Domestic Product: Quarter on Quarter growth: CVM SA %
1997 Q1,2015-05-27,1,0.5,Gross Domestic Product: Quarter on Quarter growth: CVM SA %
1997 Q1,2015-05-27,2,0.8,Gross Domestic Product: Quarter on Quarter growth: CVM SA %
1997 Q1,2016-08-25,5,1.0,Gross Domestic Product: Quarter on Quarter growth: CVM SA %
1997 Q1,2017-11-23,10,1.4,Gross Domestic Product: Quarter on Quarter growth: CVM SA %
1997 Q1,2018-08-09,13,1.9,Gross Domestic Product: Quarter on Quarter growth: CVM SA %
1997 Q1,2019-11-11,19,1.4,Gross Domestic Product: Quarter on Quarter growth: CVM SA %
1997 Q1,2020-11-12,23,1.9,Gross Domestic Product: Quarter on Quarter growth: CVM SA %
1997 Q1,2021-11-11,27,1.8,Gross Domestic Product: Quarter on Quarter growth: CVM SA %
1997 Q1,2022-11-15,31,1.5,Gross Domestic Product: Quarter on Quarter growth: CVM SA %
1997 Q1,2023-11-10,35,1.6,Gross Domestic Product: Quarter on Quarter growth: CVM SA %
1997 Q2,2015-05-27,1,1.1,Gross Domestic Product: Quarter on Quarter growth: CVM SA %
1997 Q2,2016-08-25,5,1.2,Gross Domestic Product: Quarter on Quarter growth: CVM SA %
1997 Q2,2017-11-23,10,1.1,Gross Domestic Product: Quarter on Quarter growth: CVM SA %
1997 Q2,2018-08-09,13,0.9,Gross Domestic Product: Quarter on Quarter growth: CVM SA %
1997 Q2,2021-11-11,27,0.8,Gross Domestic Product: Quarter on Quarter growth: CVM SA %
1997 Q2,2022-11-15,31,1.1,Gross Domestic Product: Quarter on Quarter growth: CVM SA %
1997 Q3,2015-05-27,1,0.7,Gross Domestic Product: Quarter on Quarter growth: CVM SA %
1997 Q3,2016-08-25,5,0.6,Gross Domestic Product: Quarter on Quarter growth: CVM SA %
1997 Q3,2018-08-09,13,0.5,Gross Domestic Product: Quarter on Quarter growth: CVM SA %
1997 Q3,2019-11-11,19,0.7,Gross Domestic Product: Quarter on Quarter growth: CVM SA %
1997 Q3,2022-11-15,31,0.9,Gross Domestic Product: Quarter on Quarter growth: CVM SA %
1997 Q4,2015-05-27,1,1.3,Gross Domestic Product: Quarter on Quarter growth: CVM SA %
1997 Q4,2017-11-23,10,1.2,Gross Domestic Product: Quarter on Quarter growth: CVM SA %
1997 Q4,2018-08-09,13,1.0,Gross Domestic Product: Quarter on Quarter growth: CVM SA %
1997 Q4,2019-11-11,19,1.2,Gross Domestic Product: Quarter on Quarter growth: CVM SA %
1997 Q4,2022-11-15,31,1.5,Gross Domestic Product: Quarter on Quarter growth: CVM SA %
1998 Q1,2015-05-27,1,0.6,Gross Domestic Product: Quarter on Quarter growth: CVM SA %
1998 Q1,2018-08-09,13,0.8,Gross Domestic Product: Quarter on Quarter growth: CVM SA %
1998 Q1,2019-11-11,19,0.9,Gross Domestic Product: Quarter on Quarter growth: CVM SA %
1998 Q1,2021-11-11,27,0.7,Gross Domestic Product: Quarter on Quarter growth: CVM SA %
1998 Q1,2022-11-15,31,0.6,Gross Domestic Product: Quarter on Quarter growth: CVM SA %
1998 Q1,2023-11-10,35,0.7,Gross Domestic Product: Quarter on Quarter growth: CVM SA %
1998 Q2,2015-05-27,1,0.8,Gross Domestic Product: Quarter on Quarter growth: CVM SA %
1998 Q2,2015-05-27,2,0.7,Gross Domestic Product: Quarter on Quarter growth: CVM SA %
1998 Q2,2016-08-25,5,0.6,Gross Domestic Product: Quarter on Quarter growth: CVM SA %
1998 Q2,2018-08-09,13,0.9,Gross Domestic Product: Quarter on Quarter growth: CVM SA %
1998 Q2,2021-11-11,27,0.7,Gross Domestic Product: Quarter on Quarter growth: CVM SA %
1998 Q2,2022-11-15,31,0.5,Gross Domestic Product: Quarter on Quarter growth: CVM SA %
1998 Q2,2023-11-10,35,0.6,Gross Domestic Product: Quarter on Quarter growth: CVM SA %
1998 Q3,2015-05-27,1,0.7,Gross Domestic Product: Quarter on Quarter growth: CVM SA %
1998 Q3,2021-11-11,27,0.5,Gross Domestic Product: Quarter on Quarter growth: CVM SA %
1998 Q3,2022-11-15,31,0.3,Gross Domestic Product: Quarter on Quarter growth: CVM SA %
1998 Q3,2025-11-13,43,0.2,Gross Domestic Product: Quarter on Quarter growth: CVM SA %
1998 Q4,2015-05-27,1,1.0,Gross Domestic Product: Quarter on Quarter growth: CVM SA %
1998 Q4,2021-11-11,27,0.7,Gross Domestic Product: Quarter on Quarter growth: CVM SA %
1998 Q4,2022-11-15,31,0.6,Gross Domestic Product: Quarter on Quarter growth: CVM SA %
1998 Q4,2023-11-10,35,0.7,Gross Domestic Product: Quarter on Quarter growth: CVM SA %
1999 Q1,2015-05-27,1,0.5,Gross Domestic Product: Quarter on Quarter growth: CVM SA %
1999 Q1,2016-08-25,5,0.7,Gross Domestic Product: Quarter on Quarter growth: CVM SA %
1999 Q1,2017-11-23,10,0.6,Gross Domestic Product: Quarter on Quarter growth: CVM SA %
1999 Q1,2022-11-15,31,0.7,Gross Domestic Product: Quarter on Quarter growth: CVM SA %
1999 Q2,2015-05-27,1,0.2,Gross Domestic Product: Quarter on Quarter growth: CVM SA %
1999 Q2,2016-08-25,5,0.1,Gross Domestic Product: Quarter on Quarter growth: CVM SA %
1999 Q2,2019-11-11,19,0.2,Gross Domestic Product: Quarter on Quarter growth: CVM SA %
1999 Q2,2021-11-11,27,0.3,Gross Domestic Product: Quarter on Quarter growth: CVM SA %
1999 Q2,2022-11-15,31,0.4,Gross Domestic Product: Quarter on Quarter growth: CVM SA %
1999 Q2,2023-11-10,35,0.5,Gross Domestic Product: Quarter on Quarter growth: CVM SA %
1999 Q2,2025-11-13,43,0.4,Gross Domestic Product: Quarter on Quarter growth: CVM SA %
1999 Q3,2015-05-27,1,1.6,Gross Domestic Product: Quarter on Quarter growth: CVM SA %
1999 Q3,2016-08-25,5,1.8,Gross Domestic Product: Quarter on Quarter growth: CVM SA %
1999 Q3,2020-11-12,23,1.7,Gross Domestic Product: Quarter on Quarter growth: CVM SA %
1999 Q3,2021-11-11,27,1.6,Gross Domestic Product: Quarter on Quarter growth: CVM SA %
1999 Q3,2022-11-15,31,1.7,Gross Domestic Product: Quarter on Quarter growth: CVM SA %
1999 Q3,2023-11-10,35,1.6,Gross Domestic Product: Quarter on Quarter growth: CVM SA %
1999 Q3,2025-11-13,43,1.7,Gross Domestic Product: Quarter on Quarter growth: CVM SA %
1999 Q4,2015-05-27,1,1.3,Gross Domestic Product: Quarter on Quarter growth: CVM SA %
1999 Q4,2016-08-25,5,1.4,Gross Domestic Product: Quarter on Quarter growth: CVM SA %
1999 Q4,2020-11-12,23,1.5,Gross Domestic Product: Quarter on Quarter growth: CVM SA %
1999 Q4,2021-11-11,27,1.4,Gross Domestic Product: Quarter on Quarter growth: CVM SA %
1999 Q4,2025-11-13,43,1.6,Gross Domestic Product: Quarter on Quarter growth: CVM SA %
2000 Q1,2015-05-27,1,1.0,Gross Domestic Product: Quarter on Quarter growth: CVM SA %
2000 Q1,2015-05-27,2,1.1,Gross Domestic Product: Quarter on Quarter growth: CVM SA %
2000 Q1,2016-08-25,5,1.0,Gross Domestic Product: Quarter on Quarter growth: CVM SA %
2000 Q1,2017-11-23,10,0.9,Gross Domestic Product: Quarter on Quarter growth: CVM SA %
2000 Q1,2018-08-09,13,0.8,Gross Domestic Product: Quarter on Quarter growth: CVM SA %
2000 Q1,2021-11-11,27,1.0,Gross Domestic Product: Quarter on Quarter growth: CVM SA %
2000 Q1,2022-11-15,31,1.2,Gross Domestic Product: Quarter on Quarter growth: CVM SA %
2000 Q1,2025-11-13,43,1.3,Gross Domestic Product: Quarter on Quarter growth: CVM SA %
2000 Q2,2015-05-27,1,0.7,Gross Domestic Product: Quarter on Quarter growth: CVM SA %
2000 Q2,2018-08-09,13,0.6,Gross Domestic Product: Quarter on Quarter growth: CVM SA %
2000 Q2,2022-11-15,31,0.7,Gross Domestic Product: Quarter on Quarter growth: CVM SA %
2000 Q3,2015-05-27,1,0.4,Gross Domestic Product: Quarter on Quarter growth: CVM SA %
2000 Q3,2016-08-25,5,0.3,Gross Domestic Product: Quarter on Quarter growth: CVM SA %
2000 Q3,2021-11-11,27,0.4,Gross Domestic Product: Quarter on Quarter growth: CVM SA %
2000 Q3,2022-11-15,31,0.5,Gross Domestic Product: Quarter on Quarter growth: CVM SA %
2000 Q3,2023-11-10,35,0.6,Gross Domestic Product: Quarter on Quarter growth: CVM SA %
2000 Q4,2015-05-27,1,0.3,Gross Domestic Product: Quarter on Quarter growth: CVM SA %
2000 Q4,2016-08-25,5,0.2,Gross Domestic Product: Quarter on Quarter growth: CVM SA %
2000 Q4,2021-11-11,27,0.3,Gross Domestic Product: Quarter on Quarter growth: CVM SA %
2000 Q4,2022-11-15,31,0.4,Gross Domestic Product: Quarter on Quarter growth: CVM SA %
2000 Q4,2023-11-10,35,0.6,Gross Domestic Product: Quarter on Quarter growth: CVM SA %
2001 Q1,2015-05-27,1,1.1,Gross Domestic Product: Quarter on Quarter growth: CVM SA %
2001 Q1,2016-08-25,5,1.3,Gross Domestic Product: Quarter on Quarter growth: CVM SA %
2001 Q1,2017-11-23,10,1.0,Gross Domestic Product: Quarter on Quarter growth: CVM SA %
2001 Q1,2018-08-09,13,1.3,Gross Domestic Product: Quarter on Quarter growth: CVM SA %
2001 Q1,2019-11-11,19,1.4,Gross Domestic Product: Quarter on Quarter growth: CVM SA %
2001 Q1,2020-11-12,23,1.2,Gross Domestic Product: Quarter on Quarter growth: CVM SA %
2001 Q1,2021-11-11,27,0.9,Gross Domestic Product: Quarter on Quarter growth: CVM SA %
2001 Q1,2025-11-13,43,0.8,Gross Domestic Product: Quarter on Quarter growth: CVM SA %
2001 Q2,2015-05-27,1,0.8,Gross Domestic Product: Quarter on Quarter growth: CVM SA %
2001 Q2,2016-08-25,5,0.7,Gross Domestic Product: Quarter on Quarter growth: CVM SA %
2001 Q2,2017-11-23,10,0.8,Gross Domestic Product: Quarter on Quarter growth: CVM SA %
2001 Q2,2021-11-11,27,0.5,Gross Domestic Product: Quarter on Quarter growth: CVM SA %
2001 Q2,2022-11-15,31,0.4,Gross Domestic Product: Quarter on Quarter growth: CVM SA %
2001 Q3,2015-05-27,1,0.5,Gross Domestic Product: Quarter on Quarter growth: CVM SA %
2001 Q3,2015-05-27,2,0.6,Gross Domestic Product: Quarter on Quarter growth: CVM SA %
2001 Q3,2016-08-25,5,0.7,Gross Domestic Product: Quarter on Quarter growth: CVM SA %
2001 Q3,2017-11-23,10,0.6,Gross Domestic Product: Quarter on Quarter growth: CVM SA %
2001 Q3,2018-08-09,13,0.7,Gross Domestic Product: Quarter on Quarter growth: CVM SA %
2001 Q3,2019-11-11,19,0.8,Gross Domestic Product: Quarter on Quarter growth: CVM SA %
2001 Q3,2021-11-11,27,0.5,Gross Domestic Product: Quarter on Quarter growth: CVM SA %
2001 Q4,2015-05-27,1,0.3,Gross Domestic Product: Quarter on Quarter growth: CVM SA %
2001 Q4,2016-08-25,5,0.4,Gross Domestic Product: Quarter on Quarter growth: CVM SA %
2001 Q4,2017-11-23,10,0.3,Gross Domestic Product: Quarter on Quarter growth: CVM SA %
2001 Q4,2018-08-09,13,0.4,Gross Domestic Product: Quarter on Quarter growth: CVM SA %
2001 Q4,2021-11-11,27,0.2,Gross Domestic Product: Quarter on Quarter growth: CVM SA %
2001 Q4,2023-11-10,35,0.3,Gross Domestic Product: Quarter on Quarter growth: CVM SA %
2002 Q1,2015-05-27,1,0.5,Gross Domestic Product: Quarter on Quarter growth: CVM SA %
2002 Q1,2015-05-27,2,0.4,Gross Domestic Product: Quarter on Quarter growth: CVM SA %
2002 Q1,2017-11-23,10,0.5,Gross Domestic Product: Quarter on Quarter growth: CVM SA %
2002 Q1,2019-11-11,19,0.4,Gross Domestic Product: Quarter on Quarter growth: CVM SA %
2002 Q1,2021-11-11,27,0.5,Gross Domestic Product: Quarter on Quarter growth: CVM SA %
2002 Q1,2022-11-15,31,0.3,Gross Domestic Product: Quarter on Quarter growth: CVM SA %
2002 Q2,2015-05-27,1,0.8,Gross Domestic Product: Quarter on Quarter growth: CVM SA %
2002 Q2,2016-08-25,5,0.7,Gross Domestic Product: Quarter on Quarter growth: CVM SA %
2002 Q2,2019-11-11,19,0.5,Gross Domestic Product: Quarter on Quarter growth: CVM SA %
2002 Q2,2021-11-11,27,0.6,Gross Domestic Product: Quarter on Quarter growth: CVM SA %
2002 Q2,2022-11-15,31,0.5,Gross Domestic Product: Quarter on Quarter growth: CVM SA %
2002 Q3,2015-05-27,1,0.9,Gross Domestic Product: Quarter on Quarter growth: CVM SA %
2002 Q3,2015-05-27,2,1.0,Gross Domestic Product: Quarter on Quarter growth: CVM SA %
2002 Q3,2016-08-25,5,0.8,Gross Domestic Product: Quarter on Quarter growth: CVM SA %
2002 Q3,2020-11-12,23,0.7,Gross Domestic Product: Quarter on Quarter growth: CVM SA %
2002 Q3,2025-11-13,43,0.6,Gross Domestic Product: Quarter on Quarter growth: CVM SA %
2002 Q4,2015-05-27,1,0.9,Gross Domestic Product: Quarter on Quarter growth: CVM SA %
2002 Q4,2020-11-12,23,0.8,Gross Domestic Product: Quarter on Quarter growth: CVM SA %
2002 Q4,2021-11-11,27,0.9,Gross Domestic Product: Quarter on Quarter growth: CVM SA %
2002 Q4,2022-11-15,31,0.8,Gross Domestic Product: Quarter on Quarter growth: CVM SA %
2002 Q4,2025-11-13,43,0.7,Gross Domestic Product: Quarter on Quarter growth: CVM SA %
2003 Q1,2015-05-27,1,1.0,Gross Domestic Product: Quarter on Quarter growth: CVM SA %
2003 Q1,2015-05-27,2,0.7,Gross Domestic Product: Quarter on Quarter growth: CVM SA %
2003 Q1,2016-08-25,5,0.8,Gross Domestic Product: Quarter on Quarter growth: CVM SA %
2003 Q1,2017-11-23,10,0.6,Gross Domestic Product: Quarter on Quarter growth: CVM SA %
2003 Q1,2018-08-09,13,0.7,Gross Domestic Product: Quarter on Quarter growth: CVM SA %
2003 Q1,2021-11-11,27,0.6,Gross Domestic Product: Quarter on Quarter growth: CVM SA %
2003 Q1,2023-11-10,35,0.7,Gross Domestic Product: Quarter on Quarter growth: CVM SA %
2003 Q1,2025-11-13,43,0.8,Gross Domestic Product: Quarter on Quarter growth: CVM SA %
2003 Q2,2015-05-27,1,1.4,Gross Domestic Product: Quarter on Quarter growth: CVM SA %
2003 Q2,2015-05-27,2,0.9,Gross Domestic Product: Quarter on Quarter growth: CVM SA %
2003 Q2,2021-11-11,27,0.8,Gross Domestic Product: Quarter on Quarter growth: CVM SA %
2003 Q2,2022-11-15,31,0.9,Gross Domestic Product: Quarter on Quarter growth: CVM SA %
2003 Q3,2015-05-27,1,1.3,Gross Domestic Product: Quarter on Quarter growth: CVM SA %
2003 Q3,2015-05-27,2,0.8,Gross Domestic Product: Quarter on Quarter growth: CVM SA %
2003 Q3,2016-08-25,5,1.0,Gross Domestic Product: Quarter on Quarter growth: CVM SA %
2003 Q3,2020-11-12,23,1.1,Gross Domestic Product: Quarter on Quarter growth: CVM SA %
2003 Q3,2021-11-11,27,1.0,Gross Domestic Product: Quarter on Quarter growth: CVM SA %
2003 Q3,2023-11-10,35,0.9,Gross Domestic Product: Quarter on Quarter growth: CVM SA %
2003 Q3,2025-11-13,43,1.0,Gross Domestic Product: Quarter on Quarter growth: CVM SA %
2003 Q4,2015-05-27,1,1.0,Gross Domestic Product: Quarter on Quarter growth: CVM SA %
2003 Q4,2015-05-27,2,0.7,Gross Domestic Product: Quarter on Quarter growth: CVM SA %
2003 Q4,2016-08-25,5,0.8,Gross Domestic Product: Quarter on Quarter growth: CVM SA %
2003 Q4,2020-11-12,23,0.9,Gross Domestic Product: Quarter on Quarter growth: CVM SA %
2003 Q4,2021-11-11,27,0.8,Gross Domestic Product: Quarter on Quarter growth: CVM SA %
2004 Q1,2015-05-27,1,0.3,Gross Domestic Product: Quarter on Quarter growth: CVM SA %
2004 Q1,2015-05-27,2,0.7,Gross Domestic Product: Quarter on Quarter growth: CVM SA %
2004 Q1,2016-08-25,5,0.6,Gross Domestic Product: Quarter on Quarter growth: CVM SA %
2004 Q1,2017-11-23,10,0.5,Gross Domestic Product: Quarter on Quarter growth: CVM SA %
2004 Q1,2020-11-12,23,0.4,Gross Domestic Product: Quarter on Quarter growth: CVM SA %
2004 Q1,2025-11-13,43,0.3,Gross Domestic Product: Quarter on Quarter growth: CVM SA %
2004 Q2,2015-05-27,1,0.3,Gross Domestic Product: Quarter on Quarter growth: CVM SA %
2004 Q2,2015-05-27,2,0.5,Gross Domestic Product: Quarter on Quarter growth: CVM SA %
2004 Q2,2017-11-23,10,0.4,Gross Domestic Product: Quarter on Quarter growth: CVM SA %
2004 Q2,2021-11-11,27,0.5,Gross Domestic Product: Quarter on Quarter growth: CVM SA %
2004 Q2,2023-11-10,35,0.6,Gross Domestic Product: Quarter on Quarter growth: CVM SA %
2004 Q2,2025-11-13,43,0.5,Gross Domestic Product: Quarter on Quarter growth: CVM SA %
2004 Q3,2015-05-27,1,0.1,Gross Domestic Product: Quarter on Quarter growth: CVM SA %
2004 Q3,2015-05-27,2,0.2,Gross Domestic Product: Quarter on Quarter growth: CVM SA %
2004 Q3,2023-11-10,35,0.4,Gross Domestic Product: Quarter on Quarter growth: CVM SA %
2004 Q4,2015-05-27,1,0.4,Gross Domestic Product: Quarter on Quarter growth: CVM SA %
2004 Q4,2015-05-27,2,0.5,Gross Domestic Product: Quarter on Quarter growth: CVM SA %
2004 Q4,2016-08-25,5,0.6,Gross Domestic Product: Quarter on Quarter growth: CVM SA %
2004 Q4,2017-11-23,10,0.4,Gross Domestic Product: Quarter on Quarter growth: CVM SA %
2004 Q4,2018-08-09,13,0.3,Gross Domestic Product: Quarter on Quarter growth: CVM SA %
2004 Q4,2023-11-10,35,0.5,Gross Domestic Product: Quarter on Quarter growth: CVM SA %
2005 Q1,2015-05-27,1,0.7,Gross Domestic Product: Quarter on Quarter growth: CVM SA %
2005 Q1,2016-08-25,5,0.6,Gross Domestic Product: Quarter on Quarter growth: CVM SA %
2005 Q1,2017-11-23,10,0.8,Gross Domestic Product: Quarter on Quarter growth: CVM SA %
2005 Q1,2018-08-09,13,0.9,Gross Domestic Product: Quarter on Quarter growth: CVM SA %
2005 Q1,2019-11-11,19,0.8,Gross Domestic Product: Quarter on Quarter growth: CVM SA %
2005 Q1,2021-11-11,27,0.6,Gross Domestic Product: Quarter on Quarter growth: CVM SA %
2005 Q1,2022-11-15,31,0.8,Gross Domestic Product: Quarter on Quarter growth: CVM SA %
2005 Q1,2023-11-10,35,0.7,Gross Domestic Product: Quarter on Quarter growth: CVM SA %
2005 Q1,2025-11-13,43,0.8,Gross Domestic Product: Quarter on Quarter growth: CVM SA %
2005 Q2,2015-05-27,1,1.0,Gross Domestic Product: Quarter on Quarter growth: CVM SA %
2005 Q2,2015-05-27,2,1.1,Gross Domestic Product: Quarter on Quarter growth: CVM SA %
2005 Q2,2019-11-11,19,1.2,Gross Domestic Product: Quarter on Quarter growth: CVM SA %
2005 Q2,2021-11-11,27,1.0,Gross Domestic Product: Quarter on Quarter growth: CVM SA %
2005 Q2,2022-11-15,31,0.9,Gross Domestic Product: Quarter on Quarter growth: CVM SA %
2005 Q2,2023-11-10,35,0.8,Gross Domestic Product: Quarter on Quarter growth: CVM SA %
2005 Q3,2015-05-27,1,1.0,Gross Domestic Product: Quarter on Quarter growth: CVM SA %
2005 Q3,2016-08-25,5,1.1,Gross Domestic Product: Quarter on Quarter growth: CVM SA %
2005 Q3,2018-08-09,13,1.2,Gross Domestic Product: Quarter on Quarter growth: CVM SA %
2005 Q3,2019-11-11,19,1.1,Gross Domestic Product: Quarter on Quarter growth: CVM SA %
2005 Q3,2021-11-11,27,0.9,Gross Domestic Product: Quarter on Quarter growth: CVM SA %
2005 Q3,2023-11-10,35,0.8,Gross Domestic Product: Quarter on Quarter growth: CVM SA %
2005 Q3,2025-11-13,43,0.9,Gross Domestic Product: Quarter on Quarter growth: CVM SA %
2005 Q4,2015-05-27,1,1.3,Gross Domestic Product: Quarter on Quarter growth: CVM SA %
2005 Q4,2015-05-27,2,1.4,Gross Domestic Product: Quarter on Quarter growth: CVM SA %
2005 Q4,2017-11-23,10,1.5,Gross Domestic Product: Quarter on Quarter growth: CVM SA %
2005 Q4,2020-11-12,23,1.4,Gross Domestic Product: Quarter on Quarter growth: CVM SA %
2005 Q4,2021-11-11,27,1.1,Gross Domestic Product: Quarter on Quarter growth: CVM SA %
2005 Q4,2022-11-15,31,1.0,Gross Domestic Product: Quarter on Quarter growth: CVM SA %
2005 Q4,2023-11-10,35,0.9,Gross Domestic Product: Quarter on Quarter growth: CVM SA %
2005 Q4,2025-11-13,43,1.0,Gross Domestic Product: Quarter on Quarter growth: CVM SA %
2006 Q1,2015-05-27,1,0.6,Gross Domestic Product: Quarter on Quarter growth: CVM SA %
2006 Q1,2015-05-27,2,0.4,Gross Domestic Product: Quarter on Quarter growth: CVM SA %
2006 Q1,2016-08-25,5,0.3,Gross Domestic Product: Quarter on Quarter growth: CVM SA %
2006 Q1,2019-11-11,19,0.4,Gross Domestic Product: Quarter on Quarter growth: CVM SA %
2006 Q1,2020-11-12,23,0.5,Gross Domestic Product: Quarter on Quarter growth: CVM SA %
2006 Q1,2022-11-15,31,0.3,Gross Domestic Product: Quarter on Quarter growth: CVM SA %
2006 Q1,2023-11-10,35,0.5,Gross Domestic Product: Quarter on Quarter growth: CVM SA %
2006 Q1,2025-11-13,43,0.4,Gross Domestic Product: Quarter on Quarter growth: CVM SA %
2006 Q2,2015-05-27,1,0.5,Gross Domestic Product: Quarter on Quarter growth: CVM SA %
2006 Q2,2015-05-27,2,0.3,Gross Domestic Product: Quarter on Quarter growth: CVM SA %
2006 Q2,2016-08-25,5,0.2,Gross Domestic Product: Quarter on Quarter growth: CVM SA %
2006 Q2,2019-11-11,19,0.3,Gross Domestic Product: Quarter on Quarter growth: CVM SA %
2006 Q2,2022-11-15,31,0.2,Gross Domestic Product: Quarter on Quarter growth: CVM SA %
2006 Q2,2023-11-10,35,0.4,Gross Domestic Product: Quarter on Quarter growth: CVM SA %
2006 Q2,2025-11-13,43,0.3,Gross Domestic Product: Quarter on Quarter growth: CVM SA %
2006 Q3,2015-05-27,1,0.2,Gross Domestic Product: Quarter on Quarter growth: CVM SA %
2006 Q3,2015-05-27,2,0.1,Gross Domestic Product: Quarter on Quarter growth: CVM SA %
2006 Q3,2021-11-11,27,0.2,Gross Domestic Product: Quarter on Quarter growth: CVM SA %
2006 Q3,2022-11-15,31,0.1,Gross Domestic Product: Quarter on Quarter growth: CVM SA %
2006 Q3,2023-11-10,35,0.3,Gross Domestic Product: Quarter on Quarter growth: CVM SA %
2006 Q3,2025-11-13,43,0.2,Gross Domestic Product: Quarter on Quarter growth: CVM SA %
2006 Q4,2015-05-27,1,0.8,Gross Domestic Product: Quarter on Quarter growth: CVM SA %
2006 Q4,2015-05-27,2,0.6,Gross Domestic Product: Quarter on Quarter growth: CVM SA %
2006 Q4,2016-08-25,5,0.4,Gross Domestic Product: Quarter on Quarter growth: CVM SA %
2006 Q4,2019-11-11,19,0.5,Gross Domestic Product: Quarter on Quarter growth: CVM SA %
2006 Q4,2021-11-11,27,0.6,Gross Domestic Product: Quarter on Quarter growth: CVM SA %
2006 Q4,2022-11-15,31,0.4,Gross Domestic Product: Quarter on Quarter growth: CVM SA %
2006 Q4,2023-11-10,35,0.5,Gross Domestic Product: Quarter on Quarter growth: CVM SA %
2006 Q4,2025-11-13,43,0.4,Gross Domestic Product: Quarter on Quarter growth: CVM SA %
2007 Q1,2015-05-27,1,0.8,Gross Domestic Product: Quarter on Quarter growth: CVM SA %
2007 Q1,2015-05-27,2,1.0,Gross Domestic Product: Quarter on Quarter growth: CVM SA %
2007 Q1,2017-11-23,10,0.9,Gross Domestic Product: Quarter on Quarter growth: CVM SA %
2007 Q1,2018-08-09,13,1.0,Gross Domestic Product: Quarter on Quarter growth: CVM SA %
2007 Q1,2019-11-11,19,0.9,Gross Domestic Product: Quarter on Quarter growth: CVM SA %
2007 Q1,2021-11-11,27,0.8,Gross Domestic Product: Quarter on Quarter growth: CVM SA %
2007 Q1,2022-11-15,31,1.0,Gross Domestic Product: Quarter on Quarter growth: CVM SA %
2007 Q1,2023-11-10,35,0.9,Gross Domestic Product: Quarter on Quarter growth: CVM SA %
2007 Q1,2025-11-13,43,1.1,Gross Domestic Product: Quarter on Quarter growth: CVM SA %
2007 Q2,2015-05-27,1,0.6,Gross Domestic Product: Quarter on Quarter growth: CVM SA %
2007 Q2,2016-08-25,5,0.7,Gross Domestic Product: Quarter on Quarter growth: CVM SA %
2007 Q2,2019-11-11,19,0.6,Gross Domestic Product: Quarter on Quarter growth: CVM SA %
2007 Q2,2021-11-11,27,0.5,Gross Domestic Product: Quarter on Quarter growth: CVM SA %
2007 Q2,2022-11-15,31,0.7,Gross Domestic Product: Quarter on Quarter growth: CVM SA %
2007 Q2,2025-11-13,43,0.9,Gross Domestic Product: Quarter on Quarter growth: CVM SA %
2007 Q3,2015-05-27,1,0.8,Gross Domestic Product: Quarter on Quarter growth: CVM SA %
2007 Q3,2017-11-23,10,0.7,Gross Domestic Product: Quarter on Quarter growth: CVM SA %
2007 Q3,2018-08-09,13,0.8,Gross Domestic Product: Quarter on Quarter growth: CVM SA %
2007 Q3,2021-11-11,27,0.7,Gross Domestic Product: Quarter on Quarter growth: CVM SA %
2007 Q3,2022-11-15,31,0.8,Gross Domestic Product: Quarter on Quarter growth: CVM SA %
2007 Q3,2023-11-10,35,0.7,Gross Domestic Product: Quarter on Quarter growth: CVM SA %
2007 Q3,2025-11-13,43,0.9,Gross Domestic Product: Quarter on Quarter growth: CVM SA %
2007 Q4,2015-05-27,1,0.5,Gross Domestic Product: Quarter on Quarter growth: CVM SA %
2007 Q4,2015-05-27,2,0.8,Gross Domestic Product: Quarter on Quarter growth: CVM SA %
2007 Q4,2019-11-11,19,0.5,Gross Domestic Product: Quarter on Quarter growth: CVM SA %
2007 Q4,2021-11-11,27,0.4,Gross Domestic Product: Quarter on Quarter growth: CVM SA %
2007 Q4,2022-11-15,31,0.7,Gross Domestic Product: Quarter on Quarter growth: CVM SA %
2007 Q4,2023-11-10,35,0.6,Gross Domestic Product: Quarter on Quarter growth: CVM SA %
2007 Q4,2025-11-13,43,0.8,Gross Domestic Product: Quarter on Quarter growth: CVM SA %
2008 Q1,2015-05-27,1,0.3,Gross Domestic Product: Quarter on Quarter growth: CVM SA %
2008 Q1,2015-05-27,2,0.2,Gross Domestic Product: Quarter on Quarter growth: CVM SA %
2008 Q1,2016-08-25,5,0.1,Gross Domestic Product: Quarter on Quarter growth: CVM SA %
2008 Q1,2017-11-23,10,0.3,Gross Domestic Product: Quarter on Quarter growth: CVM SA %
2008 Q1,2018-08-09,13,0.4,Gross Domestic Product: Quarter on Quarter growth: CVM SA %
2008 Q1,2019-11-11,19,0.5,Gross Domestic Product: Quarter on Quarter growth: CVM SA %
2008 Q1,2021-11-11,27,0.6,Gross Domestic Product: Quarter on Quarter growth: CVM SA %
2008 Q1,2022-11-15,31,0.5,Gross Domestic Product: Quarter on Quarter growth: CVM SA %
2008 Q1,2025-11-13,43,0.4,Gross Domestic Product: Quarter on Quarter growth: CVM SA %
2008 Q2,2015-05-27,1,-0.2,Gross Domestic Product: Quarter on Quarter growth: CVM SA %
2008 Q2,2015-05-27,2,-0.6,Gross Domestic Product: Quarter on Quarter growth: CVM SA %
2008 Q2,2016-08-25,5,-0.7,Gross Domestic Product: Quarter on Quarter growth: CVM SA %
2008 Q2,2019-11-11,19,-0.6,Gross Domestic Product: Quarter on Quarter growth: CVM SA %
2008 Q2,2021-11-11,27,-0.5,Gross Domestic Product: Quarter on Quarter growth: CVM SA %
2008 Q3,2015-05-27,1,-1.7,Gross Domestic Product: Quarter on Quarter growth: CVM SA %
2008 Q3,2017-11-23,10,-1.6,Gross Domestic Product: Quarter on Quarter growth: CVM SA %
2008 Q3,2021-11-11,27,-1.5,Gross Domestic Product: Quarter on Quarter growth: CVM SA %
2008 Q3,2025-11-13,43,-1.6,Gross Domestic Product: Quarter on Quarter growth: CVM SA %
2008 Q4,2015-05-27,1,-2.2,Gross Domestic Product: Quarter on Quarter growth: CVM SA %
2008 Q4,2015-05-27,2,-2.3,Gross Domestic Product: Quarter on Quarter growth: CVM SA %
2008 Q4,2017-11-23,10,-2.2,Gross Domestic Product: Quarter on Quarter growth: CVM SA %
2008 Q4,2019-11-11,19,-2.1,Gross Domestic Product: Quarter on Quarter growth: CVM SA %
2008 Q4,2021-11-11,27,-2.0,Gross Domestic Product: Quarter on Quarter growth: CVM SA %
2008 Q4,2022-11-15,31,-2.2,Gross Domestic Product: Quarter on Quarter growth: CVM SA %
2008 Q4,2023-11-10,35,-2.1,Gross Domestic Product: Quarter on Quarter growth: CVM SA %
2009 Q1,2015-05-27,1,-1.8,Gross Domestic Product: Quarter on Quarter growth: CVM SA %
2009 Q1,2015-05-27,2,-1.6,Gross Domestic Product: Quarter on Quarter growth: CVM SA %
2009 Q1,2018-08-09,13,-1.7,Gross Domestic Product: Quarter on Quarter growth: CVM SA %
2009 Q1,2021-11-11,27,-1.8,Gross Domestic Product: Quarter on Quarter growth: CVM SA %
2009 Q1,2022-11-15,31,-1.9,Gross Domestic Product: Quarter on Quarter growth: CVM SA %
2009 Q1,2023-11-10,35,-2.0,Gross Domestic Product: Quarter on Quarter growth: CVM SA %
2009 Q2,2015-05-27,1,-0.3,Gross Domestic Product: Quarter on Quarter growth: CVM SA %
2009 Q2,2015-05-27,2,-0.2,Gross Domestic Product: Quarter on Quarter growth: CVM SA %
2009 Q2,2021-11-11,27,-0.3,Gross Domestic Product: Quarter on Quarter growth: CVM SA %
2009 Q3,2015-05-27,1,0.2,Gross Domestic Product: Quarter on Quarter growth: CVM SA %
2009 Q3,2016-08-25,5,0.1,Gross Domestic Product: Quarter on Quarter growth: CVM SA %
2009 Q3,2017-11-23,10,0.2,Gross Domestic Product: Quarter on Quarter growth: CVM SA %
2009 Q3,2018-08-09,13,0.1,Gross Domestic Product: Quarter on Quarter growth: CVM SA %
2009 Q4,2015-05-27,1,0.4,Gross Domestic Product: Quarter on Quarter growth: CVM SA %
2009 Q4,2017-11-23,10,0.3,Gross Domestic Product: Quarter on Quarter growth: CVM SA %
2010 Q1,2015-05-27,1,0.5,Gross Domestic Product: Quarter on Quarter growth: CVM SA %
2010 Q1,2015-05-27,2,0.4,Gross Domestic Product: Quarter on Quarter growth: CVM SA %
2010 Q1,2016-08-25,5,0.5,Gross Domestic Product: Quarter on Quarter growth: CVM SA %
2010 Q1,2019-11-11,19,0.6,Gross Domestic Product: Quarter on Quarter growth: CVM SA %
2010 Q1,2021-11-11,27,0.7,Gross Domestic Product: Quarter on Quarter growth: CVM SA %
2010 Q1,2022-11-15,31,0.9,Gross Domestic Product: Quarter on Quarter growth: CVM SA %
2010 Q1,2025-11-13,43,0.8,Gross Domestic Product: Quarter on Quarter growth: CVM SA %
2010 Q2,2015-05-27,1,1.0,Gross Domestic Product: Quarter on Quarter growth: CVM SA %
2010 Q2,2015-05-27,2,0.8,Gross Domestic Product: Quarter on Quarter growth: CVM SA %
2010 Q2,2016-08-25,5,1.0,Gross Domestic Product: Quarter on Quarter growth: CVM SA %
2010 Q2,2017-11-23,10,0.9,Gross Domestic Product: Quarter on Quarter growth: CVM SA %
2010 Q2,2019-11-11,19,1.0,Gross Domestic Product: Quarter on Quarter growth: CVM SA %
2010 Q2,2021-11-11,27,1.1,Gross Domestic Product: Quarter on Quarter growth: CVM SA %
2010 Q3,2015-05-27,1,0.6,Gross Domestic Product: Quarter on Quarter growth: CVM SA %
2010 Q3,2015-05-27,2,0.5,Gross Domestic Product: Quarter on Quarter growth: CVM SA %
2010 Q3,2016-08-25,5,0.6,Gross Domestic Product: Quarter on Quarter growth: CVM SA %
2010 Q3,2017-11-23,10,0.5,Gross Domestic Product: Quarter on Quarter growth: CVM SA %
2010 Q3,2018-08-09,13,0.6,Gross Domestic Product: Quarter on Quarter growth: CVM SA %
2010 Q3,2019-11-11,19,0.7,Gross Domestic Product: Quarter on Quarter growth: CVM SA %
2010 Q3,2022-11-15,31,0.6,Gross Domestic Product: Quarter on Quarter growth: CVM SA %
2010 Q4,2015-05-27,1,0.0,Gross Domestic Product: Quarter on Quarter growth: CVM SA %
2010 Q4,2015-05-27,2,0.1,Gross Domestic Product: Quarter on Quarter growth: CVM SA %
2010 Q4,2020-11-12,23,0.0,Gross Domestic Product: Quarter on Quarter growth: CVM SA %
2010 Q4,2021-11-11,27,0.1,Gross Domestic Product: Quarter on Quarter growth: CVM SA %
2011 Q1,2015-05-27,1,0.5,Gross Domestic Product: Quarter on Quarter growth: CVM SA %
2011 Q1,2015-05-27,2,0.7,Gross Domestic Product: Quarter on Quarter growth: CVM SA %
2011 Q1,2016-08-25,5,0.6,Gross Domestic Product: Quarter on Quarter growth: CVM SA %
2011 Q1,2018-08-09,13,0.7,Gross Domestic Product: Quarter on Quarter growth: CVM SA %
2011 Q1,2019-11-11,19,0.6,Gross Domestic Product: Quarter on Quarter growth: CVM SA %
2011 Q1,2020-11-12,23,0.4,Gross Domestic Product: Quarter on Quarter growth: CVM SA %
2011 Q1,2021-11-11,27,0.5,Gross Domestic Product: Quarter on Quarter growth: CVM SA %
2011 Q1,2022-11-15,31,0.3,Gross Domestic Product: Quarter on Quarter growth: CVM SA %
2011 Q1,2025-11-13,43,0.2,Gross Domestic Product: Quarter on Quarter growth: CVM SA %
2011 Q2,2015-05-27,1,0.2,Gross Domestic Product: Quarter on Quarter growth: CVM SA %
2011 Q2,2015-05-27,2,0.3,Gross Domestic Product: Quarter on Quarter growth: CVM SA %
2011 Q2,2016-08-25,5,0.1,Gross Domestic Product: Quarter on Quarter growth: CVM SA %
2011 Q2,2025-11-13,43,0.0,Gross Domestic Product: Quarter on Quarter growth: CVM SA %
2011 Q3,2015-05-27,1,0.7,Gross Domestic Product: Quarter on Quarter growth: CVM SA %
2011 Q3,2015-05-27,2,0.8,Gross Domestic Product: Quarter on Quarter growth: CVM SA %
2011 Q3,2016-08-25,5,0.4,Gross Domestic Product: Quarter on Quarter growth: CVM SA %
2011 Q3,2018-08-09,13,0.3,Gross Domestic Product: Quarter on Quarter growth: CVM SA %
2011 Q3,2022-11-15,31,0.2,Gross Domestic Product: Quarter on Quarter growth: CVM SA %
2011 Q3,2023-11-10,35,0.3,Gross Domestic Product: Quarter on Quarter growth: CVM SA %
2011 Q3,2025-11-13,43,0.2,Gross Domestic Product: Quarter on Quarter growth: CVM SA %
2011 Q4,2015-05-27,1,0.0,Gross Domestic Product: Quarter on Quarter growth: CVM SA %
2011 Q4,2015-05-27,2,0.2,Gross Domestic Product: Quarter on Quarter growth: CVM SA %
2011 Q4,2020-11-12,23,0.1,Gross Domestic Product: Quarter on Quarter growth: CVM SA %
2011 Q4,2022-11-15,31,0.0,Gross Domestic Product: Quarter on Quarter growth: CVM SA %
2011 Q4,2023-11-10,35,0.1,Gross Domestic Product: Quarter on Quarter growth: CVM SA %
2012 Q1,2015-05-27,1,0.1,Gross Domestic Product: Quarter on Quarter growth: CVM SA %
2012 Q1,2015-05-27,2,0.2,Gross Domestic Product: Quarter on Quarter growth: CVM SA %
2012 Q1,2016-08-25,5,0.4,Gross Domestic Product: Quarter on Quarter growth: CVM SA %
2012 Q1,2017-11-23,10,0.6,Gross Domestic Product: Quarter on Quarter growth: CVM SA %
2012 Q1,2020-11-12,23,0.7,Gross Domestic Product: Quarter on Quarter growth: CVM SA %
2012 Q1,2022-11-15,31,0.8,Gross Domestic Product: Quarter on Quarter growth: CVM SA %
2012 Q1,2023-11-10,35,0.9,Gross Domestic Product: Quarter on Quarter growth: CVM SA %
2012 Q2,2015-05-27,1,-0.2,Gross Domestic Product: Quarter on Quarter growth: CVM SA %
2012 Q2,2016-08-25,5,-0.1,Gross Domestic Product: Quarter on Quarter growth: CVM SA %
2012 Q3,2015-05-27,1,0.8,Gross Domestic Product: Quarter on Quarter growth: CVM SA %
2012 Q3,2015-05-27,2,1.0,Gross Domestic Product: Quarter on Quarter growth: CVM SA %
2012 Q3,2016-08-25,5,1.1,Gross Domestic Product: Quarter on Quarter growth: CVM SA %
2012 Q3,2017-11-23,10,1.2,Gross Domestic Product: Quarter on Quarter growth: CVM SA %
2012 Q3,2023-11-10,35,1.0,Gross Domestic Product: Quarter on Quarter growth: CVM SA %
2012 Q4,2015-05-27,1,-0.3,Gross Domestic Product: Quarter on Quarter growth: CVM SA %
2012 Q4,2015-05-27,2,-0.1,Gross Domestic Product: Quarter on Quarter growth: CVM SA %
2012 Q4,2016-08-25,5,-0.2,Gross Domestic Product: Quarter on Quarter growth: CVM SA %
2012 Q4,2017-11-23,10,-0.1,Gross Domestic Product: Quarter on Quarter growth: CVM SA %
2012 Q4,2018-08-09,13,-0.2,Gross Domestic Product: Quarter on Quarter growth: CVM SA %
2012 Q4,2022-11-15,31,-0.1,Gross Domestic Product: Quarter on Quarter growth: CVM SA %
2013 Q1,2015-05-27,1,0.6,Gross Domestic Product: Quarter on Quarter growth: CVM SA %
2013 Q1,2015-05-27,2,0.7,Gross Domestic Product: Quarter on Quarter growth: CVM SA %
2013 Q1,2016-08-25,5,0.6,Gross Domestic Product: Quarter on Quarter growth: CVM SA %
2013 Q1,2020-11-12,23,0.5,Gross Domestic Product: Quarter on Quarter growth: CVM SA %
2013 Q1,2022-11-15,31,0.2,Gross Domestic Product: Quarter on Quarter growth: CVM SA %
2013 Q1,2023-11-10,35,0.3,Gross Domestic Product: Quarter on Quarter growth: CVM SA %
2013 Q2,2015-05-27,1,0.6,Gross Domestic Product: Quarter on Quarter growth: CVM SA %
2013 Q2,2016-08-25,5,0.5,Gross Domestic Product: Quarter on Quarter growth: CVM SA %
2013 Q2,2020-11-12,23,0.8,Gross Domestic Product: Quarter on Quarter growth: CVM SA %
2013 Q2,2021-11-11,27,0.7,Gross Domestic Product: Quarter on Quarter growth: CVM SA %
2013 Q3,2015-05-27,1,0.7,Gross Domestic Product: Quarter on Quarter growth: CVM SA %
2013 Q3,2015-05-27,2,0.9,Gross Domestic Product: Quarter on Quarter growth: CVM SA %
2013 Q3,2016-08-25,5,0.8,Gross Domestic Product: Quarter on Quarter growth: CVM SA %
2013 Q3,2017-11-23,10,0.9,Gross Domestic Product: Quarter on Quarter growth: CVM SA %
2013 Q3,2021-11-11,27,0.8,Gross Domestic Product: Quarter on Quarter growth: CVM SA %
2013 Q3,2022-11-15,31,0.7,Gross Domestic Product: Quarter on Quarter growth: CVM SA %
2013 Q3,2023-11-10,35,0.8,Gross Domestic Product: Quarter on Quarter growth: CVM SA %
2013 Q4,2015-05-27,1,0.4,Gross Domestic Product: Quarter on Quarter growth: CVM SA %
2013 Q4,2015-05-27,2,0.6,Gross Domestic Product: Quarter on Quarter growth: CVM SA %
2013 Q4,2016-08-25,5,0.5,Gross Domestic Product: Quarter on Quarter growth: CVM SA %
2013 Q4,2020-11-12,23,0.6,Gross Domestic Product: Quarter on Quarter growth: CVM SA %
2013 Q4,2021-11-11,27,0.5,Gross Domestic Product: Quarter on Quarter growth: CVM SA %
2013 Q4,2022-11-15,31,0.6,Gross Domestic Product: Quarter on Quarter growth: CVM SA %
2013 Q4,2023-11-10,35,0.7,Gross Domestic Product: Quarter on Quarter growth: CVM SA %
2014 Q1,2015-05-27,1,0.9,Gross Domestic Product: Quarter on Quarter growth: CVM SA %
2014 Q1,2015-05-27,2,0.6,Gross Domestic Product: Quarter on Quarter growth: CVM SA %
2014 Q1,2016-08-25,5,0.8,Gross Domestic Product: Quarter on Quarter growth: CVM SA %
2014 Q1,2017-11-23,10,0.9,Gross Domestic Product: Quarter on Quarter growth: CVM SA %
2014 Q1,2018-08-09,13,0.8,Gross Domestic Product: Quarter on Quarter growth: CVM SA %
2014 Q1,2019-11-11,19,0.7,Gross Domestic Product: Quarter on Quarter growth: CVM SA %
2014 Q1,2020-11-12,23,0.8,Gross Domestic Product: Quarter on Quarter growth: CVM SA %
2014 Q1,2021-11-11,27,0.9,Gross Domestic Product: Quarter on Quarter growth: CVM SA %
2014 Q1,2023-11-10,35,0.8,Gross Domestic Product: Quarter on Quarter growth: CVM SA %
2014 Q2,2015-05-27,1,0.8,Gross Domestic Product: Quarter on Quarter growth: CVM SA %
2014 Q2,2015-05-27,2,0.9,Gross Domestic Product: Quarter on Quarter growth: CVM SA %
2014 Q2,2016-02-25,3,0.8,Gross Domestic Product: Quarter on Quarter growth: CVM SA %
2014 Q2,2016-08-25,5,0.9,Gross Domestic Product: Quarter on Quarter growth: CVM SA %
2014 Q2,2018-08-09,13,0.8,Gross Domestic Product: Quarter on Quarter growth: CVM SA %
2014 Q2,2019-11-11,19,0.7,Gross Domestic Product: Quarter on Quarter growth: CVM SA %
2014 Q2,2021-11-11,27,0.8,Gross Domestic Product: Quarter on Quarter growth: CVM SA %
2014 Q2,2022-11-15,31,0.9,Gross Domestic Product: Quarter on Quarter growth: CVM SA %
2014 Q3,2015-05-27,1,0.6,Gross Domestic Product: Quarter on Quarter growth: CVM SA %
2014 Q3,2016-02-25,3,0.7,Gross Domestic Product: Quarter on Quarter growth: CVM SA %
2014 Q3,2016-08-25,5,0.8,Gross Domestic Product: Quarter on Quarter growth: CVM SA %
2014 Q3,2018-08-09,13,0.7,Gross Domestic Product: Quarter on Quarter growth: CVM SA %
2014 Q3,2019-11-11,19,0.6,Gross Domestic Product: Quarter on Quarter growth: CVM SA %
2014 Q3,2021-11-11,27,0.7,Gross Domestic Product: Quarter on Quarter growth: CVM SA %
2014 Q3,2022-11-15,31,0.8,Gross Domestic Product: Quarter on Quarter growth: CVM SA %
2014 Q4,2015-05-27,1,0.6,Gross Domestic Product: Quarter on Quarter growth: CVM SA %
2014 Q4,2015-05-27,2,0.8,Gross Domestic Product: Quarter on Quarter growth: CVM SA %
2014 Q4,2016-02-25,3,0.7,Gross Domestic Product: Quarter on Quarter growth: CVM SA %
2014 Q4,2016-08-25,5,0.8,Gross Domestic Product: Quarter on Quarter growth: CVM SA %
2014 Q4,2018-08-09,13,0.7,Gross Domestic Product: Quarter on Quarter growth: CVM SA %
2014 Q4,2019-11-11,19,0.6,Gross Domestic Product: Quarter on Quarter growth: CVM SA %
2014 Q4,2022-11-15,31,0.7,Gross Domestic Product: Quarter on Quarter growth: CVM SA %
2015 Q1,2015-05-27,1,0.3,Gross Domestic Product: Quarter on Quarter growth: CVM SA %
2015 Q1,2015-05-27,2,0.4,Gross Domestic Product: Quarter on Quarter growth: CVM SA %
2015 Q1,2016-05-26,4,0.5,Gross Domestic Product: Quarter on Quarter growth: CVM SA %
2015 Q1,2016-08-25,5,0.3,Gross Domestic Product: Quarter on Quarter growth: CVM SA %
2015 Q1,2018-08-09,13,0.4,Gross Domestic Product: Quarter on Quarter growth: CVM SA %
2015 Q1,2019-11-11,19,0.5,Gross Domestic Product: Quarter on Quarter growth: CVM SA %
2015 Q1,2021-11-11,27,0.6,Gross Domestic Product: Quarter on Quarter growth: CVM SA %
2015 Q1,2022-11-15,31,0.4,Gross Domestic Product: Quarter on Quarter growth: CVM SA %
2015 Q1,2023-11-10,35,0.3,Gross Domestic Product: Quarter on Quarter growth: CVM SA %
2015 Q2,2015-05-27,2,0.7,Gross Domestic Product: Quarter on Quarter growth: CVM SA %
2015 Q2,2016-02-25,3,0.6,Gross Domestic Product: Quarter on Quarter growth: CVM SA %
2015 Q2,2016-08-25,5,0.4,Gross Domestic Product: Quarter on Quarter growth: CVM SA %
2015 Q2,2016-11-25,6,0.5,Gross Domestic Product: Quarter on Quarter growth: CVM SA %
2015 Q2,2017-11-23,10,0.6,Gross Domestic Product: Quarter on Quarter growth: CVM SA %
2015 Q2,2019-11-11,19,0.7,Gross Domestic Product: Quarter on Quarter growth: CVM SA %
2015 Q2,2022-11-15,31,0.6,Gross Domestic Product: Quarter on Quarter growth: CVM SA %
2015 Q2,2025-11-13,43,0.5,Gross Domestic Product: Quarter on Quarter growth: CVM SA %
2015 Q3,2015-05-27,2,0.5,Gross Domestic Product: Quarter on Quarter growth: CVM SA %
2015 Q3,2016-02-25,3,0.4,Gross Domestic Product: Quarter on Quarter growth: CVM SA %
2015 Q3,2016-11-25,6,0.3,Gross Domestic Product: Quarter on Quarter growth: CVM SA %
2015 Q3,2017-11-23,10,0.4,Gross Domestic Product: Quarter on Quarter growth: CVM SA %
2015 Q3,2021-11-11,27,0.5,Gross Domestic Product: Quarter on Quarter growth: CVM SA %
2015 Q3,2022-11-15,31,0.4,Gross Domestic Product: Quarter on Quarter growth: CVM SA %
2015 Q4,2016-02-25,3,0.5,Gross Domestic Product: Quarter on Quarter growth: CVM SA %
2015 Q4,2016-05-26,4,0.6,Gross Domestic Product: Quarter on Quarter growth: CVM SA %
2015 Q4,2016-08-25,5,0.7,Gross Domestic Product: Quarter on Quarter growth: CVM SA %
2015 Q4,2023-11-10,35,0.6,Gross Domestic Product: Quarter on Quarter growth: CVM SA %
2016 Q1,2016-05-26,4,0.4,Gross Domestic Product: Quarter on Quarter growth: CVM SA %
2016 Q1,2017-02-22,7,0.2,Gross Domestic Product: Quarter on Quarter growth: CVM SA %
2016 Q1,2018-08-09,13,0.3,Gross Domestic Product: Quarter on Quarter growth: CVM SA %
2016 Q1,2019-11-11,19,0.2,Gross Domestic Product: Quarter on Quarter growth: CVM SA %
2016 Q1,2021-11-11,27,0.4,Gross Domestic Product: Quarter on Quarter growth: CVM SA %
2016 Q1,2025-11-13,43,0.5,Gross Domestic Product: Quarter on Quarter growth: CVM SA %
2016 Q2,2016-08-25,5,0.6,Gross Domestic Product: Quarter on Quarter growth: CVM SA %
2016 Q2,2016-11-25,6,0.7,Gross Domestic Product: Quarter on Quarter growth: CVM SA %
2016 Q2,2017-02-22,7,0.6,Gross Domestic Product: Quarter on Quarter growth: CVM SA %
2016 Q2,2017-11-23,10,0.5,Gross Domestic Product: Quarter on Quarter growth: CVM SA %
2016 Q2,2018-08-09,13,0.2,Gross Domestic Product: Quarter on Quarter growth: CVM SA %
2016 Q2,2019-11-11,19,0.5,Gross Domestic Product: Quarter on Quarter growth: CVM SA %
2016 Q2,2021-11-11,27,0.6,Gross Domestic Product: Quarter on Quarter growth: CVM SA %
2016 Q2,2025-11-13,43,0.7,Gross Domestic Product: Quarter on Quarter growth: CVM SA %
2016 Q3,2016-11-25,6,0.5,Gross Domestic Product: Quarter on Quarter growth: CVM SA %
2016 Q3,2017-02-22,7,0.6,Gross Domestic Product: Quarter on Quarter growth: CVM SA %
2016 Q3,2017-05-24,8,0.5,Gross Domestic Product: Quarter on Quarter growth: CVM SA %
2016 Q3,2017-11-23,10,0.4,Gross Domestic Product: Quarter on Quarter growth: CVM SA %
2016 Q3,2018-02-22,11,0.5,Gross Domestic Product: Quarter on Quarter growth: CVM SA %
2016 Q3,2020-11-12,23,0.3,Gross Domestic Product: Quarter on Quarter growth: CVM SA %
2016 Q3,2021-11-11,27,0.4,Gross Domestic Product: Quarter on Quarter growth: CVM SA %
2016 Q4,2017-02-22,7,0.7,Gross Domestic Product: Quarter on Quarter growth: CVM SA %
2016 Q4,2017-11-23,10,0.6,Gross Domestic Product: Quarter on Quarter growth: CVM SA %
2016 Q4,2018-02-22,11,0.7,Gross Domestic Product: Quarter on Quarter growth: CVM SA %
2016 Q4,2019-11-11,19,0.6,Gross Domestic Product: Quarter on Quarter growth: CVM SA %
2016 Q4,2021-11-11,27,0.7,Gross Domestic Product: Quarter on Quarter growth: CVM SA %
2016 Q4,2022-11-15,31,0.6,Gross Domestic Product: Quarter on Quarter growth: CVM SA %
2017 Q1,2017-05-24,8,0.2,Gross Domestic Product: Quarter on Quarter growth: CVM SA %
2017 Q1,2017-11-23,10,0.3,Gross Domestic Product: Quarter on Quarter growth: CVM SA %
2017 Q1,2018-02-22,11,0.2,Gross Domestic Product: Quarter on Quarter growth: CVM SA %
2017 Q1,2018-05-24,12,0.3,Gross Domestic Product: Quarter on Quarter growth: CVM SA %
2017 Q1,2018-08-09,13,0.4,Gross Domestic Product: Quarter on Quarter growth: CVM SA %
2017 Q1,2019-11-11,19,0.6,Gross Domestic Product: Quarter on Quarter growth: CVM SA %
2017 Q1,2020-11-12,23,0.5,Gross Domestic Product: Quarter on Quarter growth: CVM SA %
2017 Q1,2021-11-11,27,0.6,Gross Domestic Product: Quarter on Quarter growth: CVM SA %
2017 Q1,2022-11-15,31,0.7,Gross Domestic Product: Quarter on Quarter growth: CVM SA %
2017 Q1,2023-11-10,35,0.8,Gross Domestic Product: Quarter on Quarter growth: CVM SA %
2017 Q1,2025-11-13,43,1.0,Gross Domestic Product: Quarter on Quarter growth: CVM SA %
2017 Q2,2017-08-23,9,0.3,Gross Domestic Product: Quarter on Quarter growth: CVM SA %
2017 Q2,2018-05-24,12,0.2,Gross Domestic Product: Quarter on Quarter growth: CVM SA %
2017 Q2,2018-11-09,14,0.3,Gross Domestic Product: Quarter on Quarter growth: CVM SA %
2017 Q2,2022-11-15,31,0.5,Gross Domestic Product: Quarter on Quarter growth: CVM SA %
2017 Q2,2023-11-10,35,0.6,Gross Domestic Product: Quarter on Quarter growth: CVM SA %
2017 Q2,2025-11-13,43,0.9,Gross Domestic Product: Quarter on Quarter growth: CVM SA %
2017 Q3,2017-11-23,10,0.4,Gross Domestic Product: Quarter on Quarter growth: CVM SA %
2017 Q3,2018-02-22,11,0.5,Gross Domestic Product: Quarter on Quarter growth: CVM SA %
2017 Q3,2018-08-09,13,0.4,Gross Domestic Product: Quarter on Quarter growth: CVM SA %
2017 Q3,2019-02-11,15,0.5,Gross Domestic Product: Quarter on Quarter growth: CVM SA %
2017 Q3,2019-05-09,16,0.4,Gross Domestic Product: Quarter on Quarter growth: CVM SA %
2017 Q3,2019-05-09,17,0.5,Gross Domestic Product: Quarter on Quarter growth: CVM SA %
2017 Q3,2019-11-11,19,0.3,Gross Domestic Product: Quarter on Quarter growth: CVM SA %
2017 Q3,2020-11-12,23,0.4,Gross Domestic Product: Quarter on Quarter growth: CVM SA %
2017 Q3,2022-11-15,31,0.5,Gross Domestic Product: Quarter on Quarter growth: CVM SA %
2017 Q3,2023-11-10,35,0.6,Gross Domestic Product: Quarter on Quarter growth: CVM SA %
2017 Q3,2025-11-13,43,0.7,Gross Domestic Product: Quarter on Quarter growth: CVM SA %
2017 Q4,2018-02-22,11,0.4,Gross Domestic Product: Quarter on Quarter growth: CVM SA %
2017 Q4,2022-11-15,31,0.6,Gross Domestic Product: Quarter on Quarter growth: CVM SA %
2017 Q4,2023-11-10,35,0.7,Gross Domestic Product: Quarter on Quarter growth: CVM SA %
2017 Q4,2025-11-13,43,0.8,Gross Domestic Product: Quarter on Quarter growth: CVM SA %
2018 Q1,2018-05-24,12,0.1,Gross Domestic Product: Quarter on Quarter growth: CVM SA %
2018 Q1,2018-08-09,13,0.2,Gross Domestic Product: Quarter on Quarter growth: CVM SA %
2018 Q1,2018-11-09,14,0.1,Gross Domestic Product: Quarter on Quarter growth: CVM SA %
2018 Q1,2021-11-11,27,0.2,Gross Domestic Product: Quarter on Quarter growth: CVM SA %
2018 Q1,2022-11-15,31,0.1,Gross Domestic Product: Quarter on Quarter growth: CVM SA %
2018 Q2,2018-08-09,13,0.4,Gross Domestic Product: Quarter on Quarter growth: CVM SA %
2018 Q2,2019-11-11,19,0.5,Gross Domestic Product: Quarter on Quarter growth: CVM SA %
2018 Q2,2020-11-12,23,0.4,Gross Domestic Product: Quarter on Quarter growth: CVM SA %
2018 Q2,2021-11-11,27,0.5,Gross Domestic Product: Quarter on Quarter growth: CVM SA %
2018 Q2,2023-11-10,35,0.2,Gross Domestic Product: Quarter on Quarter growth: CVM SA %
2018 Q3,2018-11-09,14,0.6,Gross Domestic Product: Quarter on Quarter growth: CVM SA %
2018 Q3,2019-05-09,17,0.7,Gross Domestic Product: Quarter on Quarter growth: CVM SA %
2018 Q3,2019-11-11,19,0.6,Gross Domestic Product: Quarter on Quarter growth: CVM SA %
2018 Q3,2023-11-10,35,0.3,Gross Domestic Product: Quarter on Quarter growth: CVM SA %
2018 Q4,2019-02-11,15,0.2,Gross Domestic Product: Quarter on Quarter growth: CVM SA %
2018 Q4,2019-05-09,16,,Gross Domestic Product: Quarter on Quarter growth: CVM SA %
2018 Q4,2019-05-09,17,0.2,Gross Domestic Product: Quarter on Quarter growth: CVM SA %
2018 Q4,2019-11-11,19,0.3,Gross Domestic Product: Quarter on Quarter growth: CVM SA %
2018 Q4,2020-02-11,20,0.2,Gross Domestic Product: Quarter on Quarter growth: CVM SA %
2018 Q4,2021-11-11,27,0.3,Gross Domestic Product: Quarter on Quarter growth: CVM SA %
2018 Q4,2023-11-10,35,0.1,Gross Domestic Product: Quarter on Quarter growth: CVM SA %
2019 Q1,2019-05-09,17,0.5,Gross Domestic Product: Quarter on Quarter growth: CVM SA %
2019 Q1,2019-11-11,19,0.6,Gross Domestic Product: Quarter on Quarter growth: CVM SA %
2019 Q1,2020-05-12,21,0.7,Gross Domestic Product: Quarter on Quarter growth: CVM SA %
2019 Q1,2020-11-12,23,0.6,Gross Domestic Product: Quarter on Quarter growth: CVM SA %
2019 Q1,2023-11-10,35,0.7,Gross Domestic Product: Quarter on Quarter growth: CVM SA %
2019 Q1,2025-11-13,43,0.5,Gross Domestic Product: Quarter on Quarter growth: CVM SA %
2019 Q2,2019-08-08,18,-0.2,Gross Domestic Product: Quarter on Quarter growth: CVM SA %
2019 Q2,2020-02-11,20,-0.1,Gross Domestic Product: Quarter on Quarter growth: CVM SA %
2019 Q2,2020-05-12,21,-0.2,Gross Domestic Product: Quarter on Quarter growth: CVM SA %
2019 Q2,2020-08-11,22,-0.1,Gross Domestic Product: Quarter on Quarter growth: CVM SA %
2019 Q2,2020-11-12,23,0.0,Gross Domestic Product: Quarter on Quarter growth: CVM SA %
2019 Q2,2021-02-12,24,0.1,Gross Domestic Product: Quarter on Quarter growth: CVM SA %
2019 Q2,2023-11-10,35,0.3,Gross Domestic Product: Quarter on Quarter growth: CVM SA %
2019 Q2,2025-11-13,43,0.2,Gross Domestic Product: Quarter on Quarter growth: CVM SA %
2019 Q3,2019-11-11,19,0.3,Gross Domestic Product: Quarter on Quarter growth: CVM SA %
2019 Q3,2020-02-11,20,0.5,Gross Domestic Product: Quarter on Quarter growth: CVM SA %
2019 Q3,2020-11-12,23,0.3,Gross Domestic Product: Quarter on Quarter growth: CVM SA %
2019 Q3,2021-02-12,24,0.5,Gross Domestic Product: Quarter on Quarter growth: CVM SA %
2019 Q3,2022-11-15,31,0.6,Gross Domestic Product: Quarter on Quarter growth: CVM SA %
2019 Q3,2023-11-10,35,0.7,Gross Domestic Product: Quarter on Quarter growth: CVM SA %
2019 Q3,2025-11-13,43,0.6,Gross Domestic Product: Quarter on Quarter growth: CVM SA %
2019 Q4,2020-02-11,20,0.0,Gross Domestic Product: Quarter on Quarter growth: CVM SA %
2019 Q4,2020-11-12,23,0.1,Gross Domestic Product: Quarter on Quarter growth: CVM SA %
2019 Q4,2021-02-12,24,0.0,Gross Domestic Product: Quarter on Quarter growth: CVM SA %
2020 Q1,2020-05-12,21,-2.0,Gross Domestic Product: Quarter on Quarter growth: CVM SA %
2020 Q1,2020-08-11,22,-2.2,Gross Domestic Product: Quarter on Quarter growth: CVM SA %
2020 Q1,2020-11-12,23,-2.5,Gross Domestic Product: Quarter on Quarter growth: CVM SA %
2020 Q1,2021-02-12,24,-2.9,Gross Domestic Product: Quarter on Quarter growth: CVM SA %
2020 Q1,2021-05-11,25,-2.8,Gross Domestic Product: Quarter on Quarter growth: CVM SA %
2020 Q1,2021-11-11,27,-2.7,Gross Domestic Product: Quarter on Quarter growth: CVM SA %
2020 Q1,2022-02-11,28,-2.6,Gross Domestic Product: Quarter on Quarter growth: CVM SA %
2020 Q1,2022-05-11,29,-2.5,Gross Domestic Product: Quarter on Quarter growth: CVM SA %
2020 Q1,2022-11-15,31,-2.6,Gross Domestic Product: Quarter on Quarter growth: CVM SA %
2020 Q1,2023-11-10,35,-2.7,Gross Domestic Product: Quarter on Quarter growth: CVM SA %
2020 Q2,2020-08-11,22,-20.4,Gross Domestic Product: Quarter on Quarter growth: CVM SA %
2020 Q2,2020-11-12,23,-19.8,Gross Domestic Product: Quarter on Quarter growth: CVM SA %
2020 Q2,2021-02-12,24,-19.0,Gross Domestic Product: Quarter on Quarter growth: CVM SA %
2020 Q2,2021-05-11,25,-19.5,Gross Domestic Product: Quarter on Quarter growth: CVM SA %
2020 Q2,2021-11-11,27,-19.6,Gross Domestic Product: Quarter on Quarter growth: CVM SA %
2020 Q2,2022-02-11,28,-19.4,Gross Domestic Product: Quarter on Quarter growth: CVM SA %
2020 Q2,2022-11-15,31,-21.0,Gross Domestic Product: Quarter on Quarter growth: CVM SA %
2020 Q2,2023-11-10,35,-20.3,Gross Domestic Product: Quarter on Quarter growth: CVM SA %
2020 Q2,2025-11-13,43,-19.9,Gross Domestic Product: Quarter on Quarter growth: CVM SA %
2020 Q3,2020-11-12,23,15.5,Gross Domestic Product: Quarter on Quarter growth: CVM SA %
2020 Q3,2021-02-12,24,16.1,Gross Domestic Product: Quarter on Quarter growth: CVM SA %
2020 Q3,2021-05-11,25,16.9,Gross Domestic Product: Quarter on Quarter growth: CVM SA %
2020 Q3,2021-11-11,27,17.4,Gross Domestic Product: Quarter on Quarter growth: CVM SA %
2020 Q3,2022-02-11,28,17.6,Gross Domestic Product: Quarter on Quarter growth: CVM SA %
2020 Q3,2022-11-15,31,16.6,Gross Domestic Product: Quarter on Quarter growth: CVM SA %
2020 Q3,2023-11-10,35,16.8,Gross Domestic Product: Quarter on Quarter growth: CVM SA %
2020 Q3,2025-11-13,43,17.0,Gross Domestic Product: Quarter on Quarter growth: CVM SA %
2020 Q4,2021-02-12,24,1.0,Gross Domestic Product: Quarter on Quarter growth: CVM SA %
2020 Q4,2021-05-11,25,1.3,Gross Domestic Product: Quarter on Quarter growth: CVM SA %
2020 Q4,2021-11-11,27,1.1,Gross Domestic Product: Quarter on Quarter growth: CVM SA %
2020 Q4,2022-02-11,28,1.5,Gross Domestic Product: Quarter on Quarter growth: CVM SA %
2020 Q4,2022-11-15,31,1.2,Gross Domestic Product: Quarter on Quarter growth: CVM SA %
2020 Q4,2023-11-10,35,1.4,Gross Domestic Product: Quarter on Quarter growth: CVM SA %
2021 Q1,2021-05-11,25,-1.5,Gross Domestic Product: Quarter on Quarter growth: CVM SA %
2021 Q1,2021-08-11,26,-1.6,Gross Domestic Product: Quarter on Quarter growth: CVM SA %
2021 Q1,2021-11-11,27,-1.4,Gross Domestic Product: Quarter on Quarter growth: CVM SA %
2021 Q1,2022-02-11,28,-1.2,Gross Domestic Product: Quarter on Quarter growth: CVM SA %
2021 Q1,2023-02-10,32,-1.1,Gross Domestic Product: Quarter on Quarter growth: CVM SA %
2021 Q1,2023-11-10,35,-1.0,Gross Domestic Product: Quarter on Quarter growth: CVM SA %
2021 Q1,2025-11-13,43,-1.1,Gross Domestic Product: Quarter on Quarter growth: CVM SA %
2021 Q2,2021-08-11,26,4.8,Gross Domestic Product: Quarter on Quarter growth: CVM SA %
2021 Q2,2021-11-11,27,5.5,Gross Domestic Product: Quarter on Quarter growth: CVM SA %
2021 Q2,2022-02-11,28,5.6,Gross Domestic Product: Quarter on Quarter growth: CVM SA %
2021 Q2,2022-11-15,31,6.5,Gross Domestic Product: Quarter on Quarter growth: CVM SA %
2021 Q2,2023-11-10,35,7.3,Gross Domestic Product: Quarter on Quarter growth: CVM SA %
2021 Q2,2025-11-13,43,7.0,Gross Domestic Product: Quarter on Quarter growth: CVM SA %
2021 Q3,2021-11-11,27,1.3,Gross Domestic Product: Quarter on Quarter growth: CVM SA %
2021 Q3,2022-02-11,28,1.0,Gross Domestic Product: Quarter on Quarter growth: CVM SA %
2021 Q3,2022-05-11,29,0.9,Gross Domestic Product: Quarter on Quarter growth: CVM SA %
2021 Q3,2022-11-15,31,1.8,Gross Domestic Product: Quarter on Quarter growth: CVM SA %
2021 Q3,2023-02-10,32,1.7,Gross Domestic Product: Quarter on Quarter growth: CVM SA %
2021 Q4,2022-02-11,28,1.0,Gross Domestic Product: Quarter on Quarter growth: CVM SA %
2021 Q4,2022-05-11,29,1.3,Gross Domestic Product: Quarter on Quarter growth: CVM SA %
2021 Q4,2022-11-15,31,1.6,Gross Domestic Product: Quarter on Quarter growth: CVM SA %
2021 Q4,2023-02-10,32,1.5,Gross Domestic Product: Quarter on Quarter growth: CVM SA %
2021 Q4,2025-11-13,43,1.4,Gross Domestic Product: Quarter on Quarter growth: CVM SA %
2022 Q1,2022-05-11,29,0.8,Gross Domestic Product: Quarter on Quarter growth: CVM SA %
2022 Q1,2022-11-15,31,0.7,Gross Domestic Product: Quarter on Quarter growth: CVM SA %
2022 Q1,2023-02-10,32,0.5,Gross Domestic Product: Quarter on Quarter growth: CVM SA %
2022 Q1,2024-11-15,39,0.7,Gross Domestic Product: Quarter on Quarter growth: CVM SA %
2022 Q1,2025-11-13,43,1.0,Gross Domestic Product: Quarter on Quarter growth: CVM SA %
2022 Q2,2022-08-11,30,-0.1,Gross Domestic Product: Quarter on Quarter growth: CVM SA %
2022 Q2,2022-11-15,31,0.2,Gross Domestic Product: Quarter on Quarter growth: CVM SA %
2022 Q2,2023-02-10,32,0.1,Gross Domestic Product: Quarter on Quarter growth: CVM SA %
2022 Q2,2024-11-15,39,0.3,Gross Domestic Product: Quarter on Quarter growth: CVM SA %
2022 Q2,2025-11-13,43,0.6,Gross Domestic Product: Quarter on Quarter growth: CVM SA %
2022 Q3,2022-11-15,31,-0.2,Gross Domestic Product: Quarter on Quarter growth: CVM SA %
2022 Q3,2023-05-11,33,-0.1,Gross Domestic Product: Quarter on Quarter growth: CVM SA %
2022 Q3,2024-11-15,39,0.1,Gross Domestic Product: Quarter on Quarter growth: CVM SA %
2022 Q4,2023-02-10,32,0.0,Gross Domestic Product: Quarter on Quarter growth: CVM SA %
2022 Q4,2023-05-11,33,0.1,Gross Domestic Product: Quarter on Quarter growth: CVM SA %
2022 Q4,2024-11-15,39,0.3,Gross Domestic Product: Quarter on Quarter growth: CVM SA %
2023 Q1,2023-05-11,33,0.1,Gross Domestic Product: Quarter on Quarter growth: CVM SA %
2023 Q1,2023-11-10,35,0.3,Gross Domestic Product: Quarter on Quarter growth: CVM SA %
2023 Q1,2024-02-15,36,0.2,Gross Domestic Product: Quarter on Quarter growth: CVM SA %
2023 Q1,2024-11-15,39,0.1,Gross Domestic Product: Quarter on Quarter growth: CVM SA %
2023 Q2,2023-08-10,34,0.2,Gross Domestic Product: Quarter on Quarter growth: CVM SA %
2023 Q2,2024-02-15,36,0.0,Gross Domestic Product: Quarter on Quarter growth: CVM SA %
2023 Q3,2023-11-10,35,0.0,Gross Domestic Product: Quarter on Quarter growth: CVM SA %
2023 Q3,2024-02-15,36,-0.1,Gross Domestic Product: Quarter on Quarter growth: CVM SA %
2023 Q3,2025-11-13,43,-0.2,Gross Domestic Product: Quarter on Quarter growth: CVM SA %
2023 Q4,2024-02-15,36,-0.3,Gross Domestic Product: Quarter on Quarter growth: CVM SA %
2023 Q4,2025-05-14,41,-0.2,Gross Domestic Product: Quarter on Quarter growth: CVM SA %
2023 Q4,2025-11-13,43,-0.3,Gross Domestic Product: Quarter on Quarter growth: CVM SA %
2024 Q1,2024-05-09,37,0.6,Gross Domestic Product: Quarter on Quarter growth: CVM SA %
2024 Q1,2024-08-14,38,0.7,Gross Domestic Product: Quarter on Quarter growth: CVM SA %
2024 Q1,2025-02-13,40,0.8,Gross Domestic Product: Quarter on Quarter growth: CVM SA %
2024 Q1,2025-05-14,41,0.9,Gross Domestic Product: Quarter on Quarter growth: CVM SA %
2024 Q1,2025-11-13,43,0.8,Gross Domestic Product: Quarter on Quarter growth: CVM SA %
2024 Q1,2026-05-13,45,0.7,Gross Domestic Product: Quarter on Quarter growth: CVM SA %
2024 Q2,2024-08-14,38,0.6,Gross Domestic Product: Quarter on Quarter growth: CVM SA %
2024 Q2,2024-11-15,39,0.5,Gross Domestic Product: Quarter on Quarter growth: CVM SA %
2024 Q2,2025-02-13,40,0.4,Gross Domestic Product: Quarter on Quarter growth: CVM SA %
2024 Q2,2025-05-14,41,0.5,Gross Domestic Product: Quarter on Quarter growth: CVM SA %
2024 Q2,2025-11-13,43,0.6,Gross Domestic Product: Quarter on Quarter growth: CVM SA %
2024 Q3,2024-11-15,39,0.1,Gross Domestic Product: Quarter on Quarter growth: CVM SA %
2024 Q3,2025-02-13,40,0.0,Gross Domestic Product: Quarter on Quarter growth: CVM SA %
2024 Q3,2025-11-13,43,0.2,Gross Domestic Product: Quarter on Quarter growth: CVM SA %
2024 Q4,2025-02-13,40,0.1,Gross Domestic Product: Quarter on Quarter growth: CVM SA %
2024 Q4,2025-11-13,43,0.2,Gross Domestic Product: Quarter on Quarter growth: CVM SA %
2024 Q4,2026-02-12,44,0.3,Gross Domestic Product: Quarter on Quarter growth: CVM SA %
2024 Q4,2026-05-13,45,0.4,Gross Domestic Product: Quarter on Quarter growth: CVM SA %
2025 Q1,2025-05-14,41,0.7,Gross Domestic Product: Quarter on Quarter growth: CVM SA %
2025 Q1,2026-05-13,45,0.6,Gross Domestic Product: Quarter on Quarter growth: CVM SA %
2025 Q2,2025-08-13,42,0.3,Gross Domestic Product: Quarter on Quarter growth: CVM SA %
2025 Q2,2026-02-12,44,0.2,Gross Domestic Product: Quarter on Quarter growth: CVM SA %
2025 Q2,2026-05-13,45,0.1,Gross Domestic Product: Quarter on Quarter growth: CVM SA %
2025 Q2,2026-08-12,46,0.2,Gross Domestic Product: Quarter on Quarter growth: CVM SA %
2025 Q3,2025-11-13,43,0.1,Gross Domestic Product: Quarter on Quarter growth: CVM SA %
2025 Q3,2026-05-13,45,0.2,Gross Domestic Product: Quarter on Quarter growth: CVM SA %
2025 Q3,2026-08-12,46,0.1,Gross Domestic Product: Quarter on Quarter growth: CVM SA %
2025 Q4,2026-02-12,44,0.1,Gross Domestic Product: Quarter on Quarter growth: CVM SA %
2025 Q4,2026-05-13,45,0.2,Gross Domestic Product: Quarter on Quarter growth: CVM SA %
2025 Q4,2026-08-12,46,0.1,Gross Domestic Product: Quarter on Quarter growth: CVM SA %
2026 Q1,2026-05-13,45,0.6,Gross Domestic Product: Quarter on Quarter growth: CVM SA %
2026 Q2,2026-08-12,46,0.4,Gross Domestic Product: Quarter on Quarter growth: CVM SA %
